CURSO,COD_RUCT,TITULACION,CENTRO,satisfaccion_alumnos,satisfaccion_profesores,año,diferencia_satis,satisfaccion_promedio
2020-21,2500739,GRADO EN ARQUITECTURA TÉCNICA,E.T.S. DE INGENIERÍA DE EDIFICACIÓN,6.59,7.84,2020,1.25,7.215
2020-21,2500801,GRADO EN CIENCIAS AMBIENTALES,ESCUELA POLITECNICA SUPERIOR DE GANDIA,7.13,7.9,2020,0.7700000000000005,7.515000000000001
2020-21,2501354,GRADO EN COMUNICACIÓN AUDIOVISUAL,ESCUELA POLITECNICA SUPERIOR DE GANDIA,6.25,8.52,2020,2.2699999999999996,7.385
2020-21,2501355,GRADO EN TURISMO,ESCUELA POLITECNICA SUPERIOR DE GANDIA,6.43,7.81,2020,1.38,7.119999999999999
2020-21,2501356,GRADO EN INGENIERÍA EN DISEÑO INDUSTRIAL Y DESARROLLO DE PRODUCTOS,E. POLITÉCNICA SUPERIOR DE ALCOY,6.8,8.14,2020,1.3400000000000007,7.470000000000001
2020-21,2501356,GRADO EN INGENIERÍA EN DISEÑO INDUSTRIAL Y DESARROLLO DE PRODUCTOS,E.T.S. DE INGENIERIA DEL DISEÑO,6.03,7.33,2020,1.2999999999999998,6.68
2020-21,2501484,GRADO EN BELLAS ARTES,FACULTAD DE BELLAS ARTES,6.74,8.28,2020,1.5399999999999991,7.51
2020-21,2501485,GRADO EN CONSERVACIÓN Y RESTAURACIÓN DE BIENES CULTURALES,FACULTAD DE BELLAS ARTES,6.58,8.11,2020,1.5299999999999994,7.345
2020-21,2501486,GRADO EN GESTIÓN Y ADMINISTRACIÓN PÚBLICA,FACULTAD DE ADMINISTRACIÓN Y DIRECCIÓN DE EMPRESAS,7.56,8.43,2020,0.8700000000000001,7.994999999999999
2020-21,2501649,GRADO EN BIOTECNOLOGÍA,E.T.S.I. AGRONÓMICA Y DEL MEDIO NATURAL,5.61,7.65,2020,2.04,6.630000000000001
2020-21,2501650,GRADO EN CIENCIA Y TECNOLOGÍA DE LOS ALIMENTOS,E.T.S.I. AGRONÓMICA Y DEL MEDIO NATURAL,6.11,7.89,2020,1.7799999999999994,7.0
2020-21,2501651,GRADO EN ADMINISTRACIÓN Y DIRECCIÓN DE EMPRESAS,E. POLITÉCNICA SUPERIOR DE ALCOY,6.85,8.51,2020,1.6600000000000001,7.68
2020-21,2501651,GRADO EN ADMINISTRACIÓN Y DIRECCIÓN DE EMPRESAS,FACULTAD DE ADMINISTRACIÓN Y DIRECCIÓN DE EMPRESAS,6.2,8.45,2020,2.249999999999999,7.324999999999999
2020-21,2501653,GRADO EN INGENIERÍA AEROESPACIAL,E.T.S. DE INGENIERIA DEL DISEÑO,5.95,8.24,2020,2.29,7.095000000000001
2020-21,2501654,GRADO EN INGENIERÍA AGROALIMENTARIA Y DEL MEDIO RURAL,E.T.S.I. AGRONÓMICA Y DEL MEDIO NATURAL,5.81,8.17,2020,2.3600000000000003,6.99
2020-21,2501655,GRADO EN INGENIERÍA ELÉCTRICA,E. POLITÉCNICA SUPERIOR DE ALCOY,6.54,8.44,2020,1.8999999999999995,7.49
2020-21,2501655,GRADO EN INGENIERÍA ELÉCTRICA,E.T.S. DE INGENIERIA DEL DISEÑO,6.67,8.61,2020,1.9399999999999995,7.64
2020-21,2501656,GRADO EN INGENIERÍA ELECTRÓNICA INDUSTRIAL Y AUTOMÁTICA,E.T.S. DE INGENIERIA DEL DISEÑO,6.56,7.91,2020,1.3500000000000005,7.234999999999999
2020-21,2501657,GRADO EN INGENIERÍA GEOMÁTICA Y TOPOGRAFÍA,"E.T.S.I. GEODESICA, CARTOGRAFICA Y TOP.",7.71,8.48,2020,0.7700000000000005,8.095
2020-21,2501658,GRADO EN INGENIERÍA DE ORGANIZACIÓN INDUSTRIAL,E.T.S.I. INDUSTRIALES,7.33,8.14,2020,0.8100000000000005,7.735
2020-21,2501659,GRADO EN INGENIERÍA EN TECNOLOGÍAS INDUSTRIALES,E.T.S.I. INDUSTRIALES,5.78,8.46,2020,2.6800000000000006,7.120000000000001
2020-21,2501660,GRADO EN INGENIERÍA FORESTAL Y DEL MEDIO NATURAL,E.T.S.I. AGRONÓMICA Y DEL MEDIO NATURAL,5.1,8.24,2020,3.1400000000000006,6.67
2020-21,2501661,GRADO EN INGENIERÍA INFORMÁTICA,E. POLITÉCNICA SUPERIOR DE ALCOY,5.56,8.19,2020,2.63,6.875
2020-21,2501661,GRADO EN INGENIERÍA INFORMÁTICA,E.T.S. DE INGENIERÍA INFORMÁTICA,5.93,8.22,2020,2.290000000000001,7.075
2020-21,2501662,GRADO EN INGENIERÍA QUÍMICA,E. POLITÉCNICA SUPERIOR DE ALCOY,7.08,7.83,2020,0.75,7.455
2020-21,2501662,GRADO EN INGENIERÍA QUÍMICA,E.T.S.I. INDUSTRIALES,6.11,8.28,2020,2.169999999999999,7.195
2020-21,2501663,"GRADO EN INGENIERÍA DE SISTEMAS DE TELECOMUNICACIÓN, SONIDO E IMAGEN",ESCUELA POLITECNICA SUPERIOR DE GANDIA,6.07,8.5,2020,2.4299999999999997,7.285
2020-21,2502182,GRADO EN INGENIERÍA MECÁNICA,E. POLITÉCNICA SUPERIOR DE ALCOY,6.38,7.19,2020,0.8100000000000005,6.785
2020-21,2502182,GRADO EN INGENIERÍA MECÁNICA,E.T.S. DE INGENIERIA DEL DISEÑO,7.09,8.31,2020,1.2200000000000006,7.7
2020-21,2502405,GRADO EN INGENIERÍA DE OBRAS PÚBLICAS,"E.T.S.I. CAMINOS, CANALES Y PUERTOS",5.96,8.05,2020,2.0900000000000007,7.005000000000001
2020-21,2502407,GRADO EN INGENIERÍA DE TECNOLOGÍAS Y SERVICIOS DE TELECOMUNICACIÓN,E.T.S.I. DE TELECOMUNICACIÓN,6.35,7.5,2020,1.1500000000000004,6.925
2020-21,2502507,GRADO EN INGENIERÍA CIVIL,"E.T.S.I. CAMINOS, CANALES Y PUERTOS",7.03,8.6,2020,1.5699999999999994,7.8149999999999995
2020-21,2502660,GRADO EN INGENIERÍA DE LA ENERGÍA,E.T.S.I. INDUSTRIALES,6.73,8.1,2020,1.3699999999999992,7.415
2020-21,2502731,GRADO EN INGENIERÍA BIOMÉDICA,E.T.S.I. INDUSTRIALES,5.9,8.08,2020,2.1799999999999997,6.99
2020-21,2503025,GRADO EN FUNDAMENTOS DE LA ARQUITECTURA,E.T.S. DE ARQUITECTURA,6.02,7.24,2020,1.2200000000000006,6.63
2020-21,2503349,GRADO EN DISEÑO Y TECNOLOGÍAS CREATIVAS,FACULTAD DE BELLAS ARTES,6.1,8.07,2020,1.9700000000000006,7.085
2020-21,2503504,GRADO EN TECNOLOGÍAS INTERACTIVAS,ESCUELA POLITECNICA SUPERIOR DE GANDIA,6.18,8.95,2020,2.7699999999999996,7.5649999999999995
2020-21,2503653,GRADO EN CIENCIA DE DATOS,E.T.S. DE INGENIERÍA INFORMÁTICA,7.25,8.13,2020,0.8800000000000008,7.69
2020-21,2503930,GRADO EN TECNOLOGÍA DIGITAL Y MULTIMEDIA,E.T.S.I. DE TELECOMUNICACIÓN,5.75,7.94,2020,2.1900000000000004,6.845000000000001
2020-21,4310279,MÁSTER UNIVERSITARIO EN COMPUTACIÓN EN LA NUBE Y DE ALTAS PRESTACIONES / CLOUD AND HIGH-PERFORMANCE COMPUTING,UNIDAD DE MÁSTERES UNIVERSITARIOS,7.22,8.75,2020,1.5300000000000002,7.984999999999999
2020-21,4310280,MÁSTER UNIVERSITARIO EN EDIFICACIÓN,E.T.S. DE INGENIERÍA DE EDIFICACIÓN,9.38,9.03,2020,-0.3500000000000014,9.205
2020-21,4310282,MÁSTER UNIVERSITARIO EN INGENIERÍA ACÚSTICA,ESCUELA POLITECNICA SUPERIOR DE GANDIA,6.25,6.88,2020,0.6299999999999999,6.5649999999999995
2020-21,4310284,MÁSTER UNIVERSITARIO EN INGENIERÍA DE COMPUTADORES Y REDES,UNIDAD DE MÁSTERES UNIVERSITARIOS,9.38,8.0,2020,-1.3800000000000008,8.690000000000001
2020-21,4310288,"MÁSTER UNIVERSITARIO EN TRANSPORTE, TERRITORIO Y URBANISMO","E.T.S.I. CAMINOS, CANALES Y PUERTOS",7.81,8.89,2020,1.080000000000001,8.35
2020-21,4310468,MÁSTER UNIVERSITARIO EN SANIDAD Y PRODUCCIÓN VEGETAL,UNIDAD DE MÁSTERES UNIVERSITARIOS,9.17,8.46,2020,-0.7099999999999991,8.815000000000001
2020-21,4310569,"MÁSTER UNIVERSITARIO EN INGENIERÍA AVANZADA DE PRODUCCIÓN, LOGÍSTICA Y CADENA DE SUMINISTRO",E.T.S.I. INDUSTRIALES,6.25,9.42,2020,3.17,7.835
2020-21,4310809,MÁSTER UNIVERSITARIO EN ARTES VISUALES Y MULTIMEDIA,UNIDAD DE MÁSTERES UNIVERSITARIOS,5.42,9.42,2020,4.0,7.42
2020-21,4310811,MÁSTER UNIVERSITARIO EN SEGURIDAD INDUSTRIAL Y MEDIO AMBIENTE,UNIDAD DE MÁSTERES UNIVERSITARIOS,7.5,9.09,2020,1.5899999999999999,8.295
2020-21,4310813,"MÁSTER UNIVERSITARIO EN GESTIÓN DE EMPRESAS, PRODUCTOS Y SERVICIOS",FACULTAD DE ADMINISTRACIÓN Y DIRECCIÓN DE EMPRESAS,9.44,10.0,2020,0.5600000000000005,9.719999999999999
2020-21,4310814,MÁSTER UNIVERSITARIO EN DIRECCIÓN FINANCIERA Y FISCAL,FACULTAD DE ADMINISTRACIÓN Y DIRECCIÓN DE EMPRESAS,8.0,7.5,2020,-0.5,7.75
2020-21,4310898,MÁSTER UNIVERSITARIO EN DIRECCIÓN Y GESTIÓN DE PROYECTOS,E.T.S.I. INDUSTRIALES,4.17,9.69,2020,5.52,6.93
2020-21,4310960,MÁSTER UNIVERSITARIO EN GESTIÓN CULTURAL,UNIDAD DE MÁSTERES UNIVERSITARIOS,5.36,7.5,2020,2.1399999999999997,6.43
2020-21,4310963,"MÁSTER UNIVERSITARIO EN ARQUITECTURA AVANZADA, PAISAJE, URBANISMO Y DISEÑO",E.T.S. DE ARQUITECTURA,8.09,7.86,2020,-0.22999999999999954,7.975
2020-21,4310964,MÁSTER UNIVERSITARIO EN AUTOMÁTICA E INFORMÁTICA INDUSTRIAL,UNIDAD DE MÁSTERES UNIVERSITARIOS,2.5,7.22,2020,4.72,4.859999999999999
2020-21,4310965,MÁSTER UNIVERSITARIO EN CIENCIA E INGENIERÍA DE LOS ALIMENTOS,E.T.S.I. AGRONÓMICA Y DEL MEDIO NATURAL,8.33,8.55,2020,0.22000000000000064,8.440000000000001
2020-21,4310966,MÁSTER UNIVERSITARIO EN CONSERVACIÓN DEL PATRIMONIO ARQUITECTÓNICO,E.T.S. DE ARQUITECTURA,6.79,7.58,2020,0.79,7.1850000000000005
2020-21,4310967,MÁSTER UNIVERSITARIO EN CONSERVACIÓN Y RESTAURACIÓN DE BIENES CULTURALES,UNIDAD DE MÁSTERES UNIVERSITARIOS,3.33,8.13,2020,4.800000000000001,5.73
2020-21,4310968,MÁSTER UNIVERSITARIO EN CONSTRUCCIONES E INSTALACIONES INDUSTRIALES,E.T.S.I. INDUSTRIALES,7.19,9.22,2020,2.0300000000000002,8.205
2020-21,4310969,MÁSTER UNIVERSITARIO EN DISEÑO Y FABRICACIÓN INTEGRADA ASISTIDOS POR COMPUTADOR,E.T.S. DE INGENIERIA DEL DISEÑO,6.88,9.06,2020,2.1800000000000006,7.970000000000001
2020-21,4310971,MÁSTER UNIVERSITARIO EN INGENIERÍA DE SISTEMAS ELECTRÓNICOS,E.T.S.I. DE TELECOMUNICACIÓN,7.92,8.5,2020,0.5800000000000001,8.21
2020-21,4310972,MÁSTER UNIVERSITARIO EN INGENIERÍA Y TECNOLOGÍA DE SISTEMAS SOFTWARE,UNIDAD DE MÁSTERES UNIVERSITARIOS,8.57,9.23,2020,0.6600000000000001,8.9
2020-21,4310973,MÁSTER UNIVERSITARIO EN INGENIERÍA DEL DISEÑO,E.T.S. DE INGENIERIA DEL DISEÑO,7.24,8.08,2020,0.8399999999999999,7.66
2020-21,4310974,MÁSTER UNIVERSITARIO EN INGENIERÍA DEL HORMIGÓN,UNIDAD DE MÁSTERES UNIVERSITARIOS,9.52,9.0,2020,-0.5199999999999996,9.26
2020-21,4310975,MÁSTER UNIVERSITARIO EN INGENIERÍA DEL MANTENIMIENTO,E.T.S. DE INGENIERIA DEL DISEÑO,8.96,10.0,2020,1.0399999999999991,9.48
2020-21,4310976,MÁSTER UNIVERSITARIO EN PLANIFICACIÓN Y GESTIÓN EN INGENIERÍA CIVIL,"E.T.S.I. CAMINOS, CANALES Y PUERTOS",5.56,9.25,2020,3.6900000000000004,7.404999999999999
2020-21,4310977,MÁSTER UNIVERSITARIO EN INGENIERÍA HIDRÁULICA Y MEDIO AMBIENTE,UNIDAD DE MÁSTERES UNIVERSITARIOS,9.05,9.42,2020,0.3699999999999992,9.235
2020-21,4310978,MÁSTER UNIVERSITARIO EN INGENIERÍA MECÁNICA,UNIDAD DE MÁSTERES UNIVERSITARIOS,6.25,9.75,2020,3.5,8.0
2020-21,4310979,"MÁSTER UNIVERSITARIO EN INTELIGENCIA ARTIFICIAL, RECONOCIMIENTO DE FORMAS E IMAGEN DIGITAL",UNIDAD DE MÁSTERES UNIVERSITARIOS,8.57,9.11,2020,0.5399999999999991,8.84
2020-21,4310980,MÁSTER UNIVERSITARIO EN SISTEMAS PROPULSIVOS PARA UNA MOVILIDAD SOSTENIBLE,UNIDAD DE MÁSTERES UNIVERSITARIOS,8.21,10.0,2020,1.7899999999999991,9.105
2020-21,4310981,MÁSTER UNIVERSITARIO EN TECNOLOGÍA ENERGÉTICA PARA DESARROLLO SOSTENIBLE,E.T.S.I. INDUSTRIALES,7.0,9.23,2020,2.2300000000000004,8.115
2020-21,4310982,"MÁSTER UNIVERSITARIO EN TECNOLOGÍAS, SISTEMAS Y REDES DE COMUNICACIONES",E.T.S.I. DE TELECOMUNICACIÓN,9.17,8.19,2020,-0.9800000000000004,8.68
2020-21,4311602,MÁSTER UNIVERSITARIO EN BIOTECNOLOGÍA BIOMÉDICA,UNIDAD DE MÁSTERES UNIVERSITARIOS,7.86,9.0,2020,1.1399999999999997,8.43
2020-21,4311603,MÁSTER UNIVERSITARIO EN BIOTECNOLOGÍA MOLECULAR Y CELULAR DE PLANTAS,UNIDAD DE MÁSTERES UNIVERSITARIOS,4.0,9.06,2020,5.0600000000000005,6.53
2020-21,4311604,MÁSTER UNIVERSITARIO EN ECONOMÍA AGROALIMENTARIA Y DEL MEDIO AMBIENTE,UNIDAD DE MÁSTERES UNIVERSITARIOS,7.5,9.72,2020,2.2200000000000006,8.61
2020-21,4311605,MÁSTER UNIVERSITARIO EN GESTIÓN DE LA SEGURIDAD Y CALIDAD ALIMENTARIA,E.T.S.I. AGRONÓMICA Y DEL MEDIO NATURAL,5.96,8.75,2020,2.79,7.355
2020-21,4311606,"MÁSTER UNIVERSITARIO EN INGENIERÍA DE ANÁLISIS DE DATOS, MEJORA DE PROCESOS Y TOMA DE DECISIONES",UNIDAD DE MÁSTERES UNIVERSITARIOS,7.63,9.81,2020,2.1800000000000006,8.72
2020-21,4311609,MÁSTER UNIVERSITARIO EN LENGUAS Y TECNOLOGÍA,UNIDAD DE MÁSTERES UNIVERSITARIOS,8.57,9.44,2020,0.8699999999999992,9.004999999999999
2020-21,4311610,MÁSTER UNIVERSITARIO EN MEJORA GENÉTICA ANIMAL Y BIOTECNOLOGÍA DE LA REPRODUCCIÓN,UNIDAD DE MÁSTERES UNIVERSITARIOS,10.0,9.5,2020,-0.5,9.75
2020-21,4311612,MÁSTER UNIVERSITARIO EN POSTPRODUCCIÓN DIGITAL,ESCUELA POLITECNICA SUPERIOR DE GANDIA,6.25,8.93,2020,2.6799999999999997,7.59
2020-21,4311613,MÁSTER UNIVERSITARIO EN PREVENCIÓN DE RIESGOS LABORALES,UNIDAD DE MÁSTERES UNIVERSITARIOS,6.22,8.59,2020,2.37,7.404999999999999
2020-21,4311614,MÁSTER UNIVERSITARIO EN PRODUCCIÓN ARTÍSTICA,FACULTAD DE BELLAS ARTES,6.96,8.5,2020,1.54,7.73
2020-21,4311725,MÁSTER UNIVERSITARIO EN COOPERACIÓN AL DESARROLLO,UNIDAD DE MÁSTERES UNIVERSITARIOS,7.5,9.72,2020,2.2200000000000006,8.61
2020-21,4311726,MÁSTER UNIVERSITARIO EN INGENIERÍA AMBIENTAL,"E.T.S.I. CAMINOS, CANALES Y PUERTOS",6.46,8.75,2020,2.29,7.605
2020-21,4312033,MÁSTER UNIVERSITARIO EN ACUICULTURA,UNIDAD DE MÁSTERES UNIVERSITARIOS,5.83,8.44,2020,2.6099999999999994,7.135
2020-21,4312991,MÁSTER UNIVERSITARIO EN EVALUACIÓN Y SEGUIMIENTO AMBIENTAL DE ECOSISTEMAS MARINOS Y COSTEROS,ESCUELA POLITECNICA SUPERIOR DE GANDIA,9.38,7.75,2020,-1.6300000000000008,8.565000000000001
2020-21,4313930,MÁSTER UNIVERSITARIO EN INVESTIGACIÓN MATEMÁTICA,UNIDAD DE MÁSTERES UNIVERSITARIOS,6.07,7.97,2020,1.8999999999999995,7.02
2020-21,4314065,"MÁSTER UNIVERSITARIO EN INGENIERÍA, PROCESADO Y CARACTERIZACIÓN DE MATERIALES",E. POLITÉCNICA SUPERIOR DE ALCOY,8.33,9.05,2020,0.7200000000000006,8.690000000000001
2020-21,4314067,MÁSTER UNIVERSITARIO EN INGENIERÍA MECATRÓNICA,E.T.S. DE INGENIERIA DEL DISEÑO,7.08,8.93,2020,1.8499999999999996,8.004999999999999
2020-21,4314071,MÁSTER UNIVERSITARIO EN INGENIERÍA DE ORGANIZACIÓN Y LOGÍSTICA,E. POLITÉCNICA SUPERIOR DE ALCOY,9.29,9.53,2020,0.2400000000000002,9.41
2020-21,4314473,MÁSTER UNIVERSITARIO EN INGENIERÍA DE MONTES,E.T.S.I. AGRONÓMICA Y DEL MEDIO NATURAL,4.58,8.39,2020,3.8100000000000005,6.485
2020-21,4314518,MÁSTER UNIVERSITARIO EN INGENIERÍA DE TELECOMUNICACIÓN,E.T.S.I. DE TELECOMUNICACIÓN,3.82,8.1,2020,4.279999999999999,5.96
2020-21,4314521,MÁSTER UNIVERSITARIO EN INGENIERÍA AERONÁUTICA,E.T.S. DE INGENIERIA DEL DISEÑO,5.0,8.75,2020,3.75,6.875
2020-21,4314523,MÁSTER UNIVERSITARIO EN INGENIERÍA QUÍMICA,E.T.S.I. INDUSTRIALES,6.4,8.88,2020,2.4800000000000004,7.640000000000001
2020-21,4314524,MÁSTER UNIVERSITARIO EN INGENIERÍA INDUSTRIAL,E.T.S.I. INDUSTRIALES,5.04,8.65,2020,3.6100000000000003,6.845000000000001
2020-21,4314526,MÁSTER UNIVERSITARIO EN INGENIERÍA INFORMÁTICA,E.T.S. DE INGENIERÍA INFORMÁTICA,8.13,8.46,2020,0.33000000000000007,8.295000000000002
2020-21,4314528,MÁSTER UNIVERSITARIO EN ENOLOGÍA,E.T.S.I. AGRONÓMICA Y DEL MEDIO NATURAL,2.5,8.39,2020,5.890000000000001,5.445
2020-21,4314529,MÁSTER UNIVERSITARIO EN INGENIERÍA AGRONÓMICA,E.T.S.I. AGRONÓMICA Y DEL MEDIO NATURAL,6.97,8.54,2020,1.5699999999999994,7.754999999999999
2020-21,4314646,MÁSTER UNIVERSITARIO EN INGENIERÍA GEOMÁTICA Y GEOINFORMACIÓN,"E.T.S.I. GEODESICA, CARTOGRAFICA Y TOP.",7.5,9.38,2020,1.8800000000000008,8.440000000000001
2020-21,4314647,"MÁSTER UNIVERSITARIO EN INGENIERÍA DE CAMINOS, CANALES Y PUERTOS","E.T.S.I. CAMINOS, CANALES Y PUERTOS",3.75,8.7,2020,4.949999999999999,6.225
2020-21,4314825,MÁSTER UNIVERSITARIO EN DIRECCIÓN DE EMPRESAS (MBA),E. POLITÉCNICA SUPERIOR DE ALCOY,7.5,9.17,2020,1.67,8.335
2020-21,4315002,MÁSTER UNIVERSITARIO EN INGENIERÍA TEXTIL,E. POLITÉCNICA SUPERIOR DE ALCOY,9.04,9.53,2020,0.4900000000000002,9.285
2020-21,4315070,MÁSTER UNIVERSITARIO EN ARQUITECTURA,E.T.S. DE ARQUITECTURA,5.51,6.52,2020,1.0099999999999998,6.015
2020-21,4315739,MÁSTER UNIVERSITARIO EN ARQUITECTURA DEL PAISAJE,E.T.S. DE ARQUITECTURA,6.67,9.22,2020,2.5500000000000007,7.945
2020-21,4315921,MÁSTER UNIVERSITARIO EN INGENIERÍA BIOMÉDICA,E.T.S.I. INDUSTRIALES,5.83,7.86,2020,2.0300000000000002,6.845000000000001
2020-21,4315941,MÁSTER UNIVERSITARIO ERASMUS MUNDUS EN SANIDAD VEGETAL EN AGRICULTURA SOSTENIBLE/ EUROPEAN MASTER DEGREE IN PLANT HEALTH IN SUSTAINABLE CROPPING SYSTEMS,UNIDAD DE MÁSTERES UNIVERSITARIOS,9.38,9.0,2020,-0.3800000000000008,9.190000000000001
2020-21,4316135,MÁSTER UNIVERSITARIO EN GESTIÓN ADMINISTRATIVA,FACULTAD DE ADMINISTRACIÓN Y DIRECCIÓN DE EMPRESAS,10.0,8.21,2020,-1.7899999999999991,9.105
2020-21,4316557,"MÁSTER UNIVERSITARIO EN ESTUDIOS DE LA CIENCIA, LA TECNOLOGÍA Y LA INNOVACIÓN",UNIDAD DE MÁSTERES UNIVERSITARIOS,8.0,9.17,2020,1.17,8.585
2020-21,4316840,MÁSTER UNIVERSITARIO EN MEJORA GENÉTICA VEGETAL,UNIDAD DE MÁSTERES UNIVERSITARIOS,5.42,8.83,2020,3.41,7.125
2020-21,4317401,MÁSTER UNIVERSITARIO EN SOCIAL MEDIA Y COMUNICACIÓN CORPORATIVA,FACULTAD DE ADMINISTRACIÓN Y DIRECCIÓN DE EMPRESAS,5.36,8.89,2020,3.5300000000000002,7.125
2020-21,4317434,MÁSTER UNIVERSITARIO EN SISTEMAS INTELIGENTES DE TRANSPORTE,"E.T.S.I. CAMINOS, CANALES Y PUERTOS",6.25,8.27,2020,2.0199999999999996,7.26
2020-21,4317446,MÁSTER UNIVERSITARIO EN COMUNICACIÓN TRANSMEDIA,ESCUELA POLITECNICA SUPERIOR DE GANDIA,9.06,8.61,2020,-0.45000000000000107,8.835
2020-21,4317448,MÁSTER UNIVERSITARIO EN CIBERSEGURIDAD Y CIBERINTELIGENCIA,E.T.S. DE INGENIERÍA INFORMÁTICA,6.88,9.06,2020,2.1800000000000006,7.970000000000001
2020-21,4317480,MÁSTER UNIVERSITARIO EN QUÍMICA SOSTENIBLE,UNIDAD DE MÁSTERES UNIVERSITARIOS,7.19,9.5,2020,2.3099999999999996,8.345
2021-22,2500739,GRADO EN ARQUITECTURA TÉCNICA,E.T.S. DE INGENIERÍA DE EDIFICACIÓN,6.75,8.37,2021,1.6199999999999992,7.56
2021-22,2500801,GRADO EN CIENCIAS AMBIENTALES,ESCUELA POLITECNICA SUPERIOR DE GANDIA,6.82,7.76,2021,0.9399999999999995,7.29
2021-22,2501354,GRADO EN COMUNICACIÓN AUDIOVISUAL,ESCUELA POLITECNICA SUPERIOR DE GANDIA,5.9,9.24,2021,3.34,7.57
2021-22,2501355,GRADO EN TURISMO,ESCUELA POLITECNICA SUPERIOR DE GANDIA,4.53,7.98,2021,3.45,6.255000000000001
2021-22,2501356,GRADO EN INGENIERÍA EN DISEÑO INDUSTRIAL Y DESARROLLO DE PRODUCTOS,E. POLITÉCNICA SUPERIOR DE ALCOY,6.53,7.63,2021,1.0999999999999996,7.08
2021-22,2501356,GRADO EN INGENIERÍA EN DISEÑO INDUSTRIAL Y DESARROLLO DE PRODUCTOS,E.T.S. DE INGENIERIA DEL DISEÑO,7.43,7.6,2021,0.16999999999999993,7.515
2021-22,2501484,GRADO EN BELLAS ARTES,FACULTAD DE BELLAS ARTES,6.72,8.61,2021,1.8899999999999997,7.664999999999999
2021-22,2501485,GRADO EN CONSERVACIÓN Y RESTAURACIÓN DE BIENES CULTURALES,FACULTAD DE BELLAS ARTES,6.79,8.87,2021,2.079999999999999,7.83
2021-22,2501486,GRADO EN GESTIÓN Y ADMINISTRACIÓN PÚBLICA,FACULTAD DE ADMINISTRACIÓN Y DIRECCIÓN DE EMPRESAS,6.16,8.86,2021,2.6999999999999993,7.51
2021-22,2501649,GRADO EN BIOTECNOLOGÍA,E.T.S.I. AGRONÓMICA Y DEL MEDIO NATURAL,6.78,8.52,2021,1.7399999999999993,7.65
2021-22,2501650,GRADO EN CIENCIA Y TECNOLOGÍA DE LOS ALIMENTOS,E.T.S.I. AGRONÓMICA Y DEL MEDIO NATURAL,7.31,8.27,2021,0.96,7.789999999999999
2021-22,2501651,GRADO EN ADMINISTRACIÓN Y DIRECCIÓN DE EMPRESAS,E. POLITÉCNICA SUPERIOR DE ALCOY,7.86,8.98,2021,1.12,8.42
2021-22,2501651,GRADO EN ADMINISTRACIÓN Y DIRECCIÓN DE EMPRESAS,FACULTAD DE ADMINISTRACIÓN Y DIRECCIÓN DE EMPRESAS,6.25,8.73,2021,2.4800000000000004,7.49
2021-22,2501653,GRADO EN INGENIERÍA AEROESPACIAL,E.T.S. DE INGENIERIA DEL DISEÑO,7.01,8.69,2021,1.6799999999999997,7.85
2021-22,2501654,GRADO EN INGENIERÍA AGROALIMENTARIA Y DEL MEDIO RURAL,E.T.S.I. AGRONÓMICA Y DEL MEDIO NATURAL,7.54,8.07,2021,0.5300000000000002,7.805
2021-22,2501655,GRADO EN INGENIERÍA ELÉCTRICA,E. POLITÉCNICA SUPERIOR DE ALCOY,5.63,8.16,2021,2.5300000000000002,6.895
2021-22,2501655,GRADO EN INGENIERÍA ELÉCTRICA,E.T.S. DE INGENIERIA DEL DISEÑO,6.64,8.16,2021,1.5200000000000005,7.4
2021-22,2501656,GRADO EN INGENIERÍA ELECTRÓNICA INDUSTRIAL Y AUTOMÁTICA,E.T.S. DE INGENIERIA DEL DISEÑO,7.7,7.67,2021,-0.03000000000000025,7.6850000000000005
2021-22,2501657,GRADO EN INGENIERÍA GEOMÁTICA Y TOPOGRAFÍA,"E.T.S.I. GEODESICA, CARTOGRAFICA Y TOP.",7.02,9.11,2021,2.09,8.065
2021-22,2501658,GRADO EN INGENIERÍA DE ORGANIZACIÓN INDUSTRIAL,E.T.S.I. INDUSTRIALES,7.18,8.72,2021,1.540000000000001,7.95
2021-22,2501659,GRADO EN INGENIERÍA EN TECNOLOGÍAS INDUSTRIALES,E.T.S.I. INDUSTRIALES,6.64,8.78,2021,2.1399999999999997,7.709999999999999
2021-22,2501660,GRADO EN INGENIERÍA FORESTAL Y DEL MEDIO NATURAL,E.T.S.I. AGRONÓMICA Y DEL MEDIO NATURAL,6.12,8.51,2021,2.3899999999999997,7.3149999999999995
2021-22,2501661,GRADO EN INGENIERÍA INFORMÁTICA,E. POLITÉCNICA SUPERIOR DE ALCOY,6.85,8.89,2021,2.040000000000001,7.87
2021-22,2501661,GRADO EN INGENIERÍA INFORMÁTICA,E.T.S. DE INGENIERÍA INFORMÁTICA,6.56,8.03,2021,1.4699999999999998,7.295
2021-22,2501662,GRADO EN INGENIERÍA QUÍMICA,E. POLITÉCNICA SUPERIOR DE ALCOY,8.0,8.49,2021,0.4900000000000002,8.245000000000001
2021-22,2501662,GRADO EN INGENIERÍA QUÍMICA,E.T.S.I. INDUSTRIALES,6.85,8.4,2021,1.5500000000000007,7.625
2021-22,2501663,"GRADO EN INGENIERÍA DE SISTEMAS DE TELECOMUNICACIÓN, SONIDO E IMAGEN",ESCUELA POLITECNICA SUPERIOR DE GANDIA,6.46,8.8,2021,2.3400000000000007,7.630000000000001
2021-22,2502182,GRADO EN INGENIERÍA MECÁNICA,E. POLITÉCNICA SUPERIOR DE ALCOY,6.3,8.59,2021,2.29,7.445
2021-22,2502182,GRADO EN INGENIERÍA MECÁNICA,E.T.S. DE INGENIERIA DEL DISEÑO,7.26,8.23,2021,0.9700000000000006,7.745
2021-22,2502405,GRADO EN INGENIERÍA DE OBRAS PÚBLICAS,"E.T.S.I. CAMINOS, CANALES Y PUERTOS",6.96,8.36,2021,1.3999999999999995,7.66
2021-22,2502407,GRADO EN INGENIERÍA DE TECNOLOGÍAS Y SERVICIOS DE TELECOMUNICACIÓN,E.T.S.I. DE TELECOMUNICACIÓN,6.77,8.46,2021,1.6900000000000013,7.615
2021-22,2502507,GRADO EN INGENIERÍA CIVIL,"E.T.S.I. CAMINOS, CANALES Y PUERTOS",6.75,8.75,2021,2.0,7.75
2021-22,2502660,GRADO EN INGENIERÍA DE LA ENERGÍA,E.T.S.I. INDUSTRIALES,6.84,7.88,2021,1.04,7.359999999999999
2021-22,2502731,GRADO EN INGENIERÍA BIOMÉDICA,E.T.S.I. INDUSTRIALES,6.37,7.72,2021,1.3499999999999996,7.045
2021-22,2503025,GRADO EN FUNDAMENTOS DE LA ARQUITECTURA,E.T.S. DE ARQUITECTURA,7.97,7.85,2021,-0.1200000000000001,7.91
2021-22,2503349,GRADO EN DISEÑO Y TECNOLOGÍAS CREATIVAS,FACULTAD DE BELLAS ARTES,5.06,7.74,2021,2.6800000000000006,6.4
2021-22,2503504,GRADO EN TECNOLOGÍAS INTERACTIVAS,ESCUELA POLITECNICA SUPERIOR DE GANDIA,5.71,7.71,2021,2.0,6.71
2021-22,2503653,GRADO EN CIENCIA DE DATOS,E.T.S. DE INGENIERÍA INFORMÁTICA,7.3,8.29,2021,0.9899999999999993,7.795
2021-22,2503930,GRADO EN TECNOLOGÍA DIGITAL Y MULTIMEDIA,E.T.S.I. DE TELECOMUNICACIÓN,6.72,9.02,2021,2.3,7.869999999999999
2021-22,2504265,GRADO EN DISEÑO ARQUITECTÓNICO DE INTERIORES,E.T.S. DE ARQUITECTURA,8.93,6.94,2021,-1.9899999999999993,7.9350000000000005
2021-22,2504322,GRADO EN INGENIERÍA FÍSICA,E.T.S.I. DE TELECOMUNICACIÓN,7.78,9.38,2021,1.6000000000000005,8.58
2021-22,2504353,GRADO EN MATEMÁTICAS,E.T.S.I. DE TELECOMUNICACIÓN,6.39,7.08,2021,0.6900000000000004,6.734999999999999
2021-22,4310279,MÁSTER UNIVERSITARIO EN COMPUTACIÓN EN LA NUBE Y DE ALTAS PRESTACIONES / CLOUD AND HIGH-PERFORMANCE COMPUTING,UNIDAD DE MÁSTERES UNIVERSITARIOS,10.0,9.17,2021,-0.8300000000000001,9.585
2021-22,4310280,MÁSTER UNIVERSITARIO EN EDIFICACIÓN,E.T.S. DE INGENIERÍA DE EDIFICACIÓN,9.22,9.67,2021,0.4499999999999993,9.445
2021-22,4310282,MÁSTER UNIVERSITARIO EN INGENIERÍA ACÚSTICA,ESCUELA POLITECNICA SUPERIOR DE GANDIA,7.5,7.14,2021,-0.3600000000000003,7.32
2021-22,4310284,MÁSTER UNIVERSITARIO EN INGENIERÍA DE COMPUTADORES Y REDES,UNIDAD DE MÁSTERES UNIVERSITARIOS,8.13,9.56,2021,1.4299999999999997,8.845
2021-22,4310288,"MÁSTER UNIVERSITARIO EN TRANSPORTE, TERRITORIO Y URBANISMO","E.T.S.I. CAMINOS, CANALES Y PUERTOS",7.0,8.44,2021,1.4399999999999995,7.72
2021-22,4310468,MÁSTER UNIVERSITARIO EN SANIDAD Y PRODUCCIÓN VEGETAL,UNIDAD DE MÁSTERES UNIVERSITARIOS,6.5,8.53,2021,2.0299999999999994,7.515
2021-22,4310569,"MÁSTER UNIVERSITARIO EN INGENIERÍA AVANZADA DE PRODUCCIÓN, LOGÍSTICA Y CADENA DE SUMINISTRO",E.T.S.I. INDUSTRIALES,8.29,9.42,2021,1.1300000000000008,8.855
2021-22,4310809,MÁSTER UNIVERSITARIO EN ARTES VISUALES Y MULTIMEDIA,UNIDAD DE MÁSTERES UNIVERSITARIOS,7.0,9.5,2021,2.5,8.25
2021-22,4310811,MÁSTER UNIVERSITARIO EN SEGURIDAD INDUSTRIAL Y MEDIO AMBIENTE,UNIDAD DE MÁSTERES UNIVERSITARIOS,,6.25,2021,,
2021-22,4310813,"MÁSTER UNIVERSITARIO EN GESTIÓN DE EMPRESAS, PRODUCTOS Y SERVICIOS",FACULTAD DE ADMINISTRACIÓN Y DIRECCIÓN DE EMPRESAS,8.96,10.0,2021,1.0399999999999991,9.48
2021-22,4310814,MÁSTER UNIVERSITARIO EN DIRECCIÓN FINANCIERA Y FISCAL,FACULTAD DE ADMINISTRACIÓN Y DIRECCIÓN DE EMPRESAS,7.92,8.75,2021,0.8300000000000001,8.335
2021-22,4310898,MÁSTER UNIVERSITARIO EN DIRECCIÓN Y GESTIÓN DE PROYECTOS,E.T.S.I. INDUSTRIALES,8.33,8.13,2021,-0.1999999999999993,8.23
2021-22,4310960,MÁSTER UNIVERSITARIO EN GESTIÓN CULTURAL,UNIDAD DE MÁSTERES UNIVERSITARIOS,4.26,8.93,2021,4.67,6.595
2021-22,4310963,"MÁSTER UNIVERSITARIO EN ARQUITECTURA AVANZADA, PAISAJE, URBANISMO Y DISEÑO",E.T.S. DE ARQUITECTURA,5.96,8.68,2021,2.7199999999999998,7.32
2021-22,4310964,MÁSTER UNIVERSITARIO EN AUTOMÁTICA E INFORMÁTICA INDUSTRIAL,UNIDAD DE MÁSTERES UNIVERSITARIOS,5.97,8.86,2021,2.8899999999999997,7.414999999999999
2021-22,4310965,MÁSTER UNIVERSITARIO EN CIENCIA E INGENIERÍA DE LOS ALIMENTOS,E.T.S.I. AGRONÓMICA Y DEL MEDIO NATURAL,5.94,9.38,2021,3.4400000000000004,7.66
2021-22,4310966,MÁSTER UNIVERSITARIO EN CONSERVACIÓN DEL PATRIMONIO ARQUITECTÓNICO,E.T.S. DE ARQUITECTURA,6.5,7.86,2021,1.3600000000000003,7.18
2021-22,4310967,MÁSTER UNIVERSITARIO EN CONSERVACIÓN Y RESTAURACIÓN DE BIENES CULTURALES,UNIDAD DE MÁSTERES UNIVERSITARIOS,5.69,9.07,2021,3.38,7.380000000000001
2021-22,4310968,MÁSTER UNIVERSITARIO EN CONSTRUCCIONES E INSTALACIONES INDUSTRIALES,E.T.S.I. INDUSTRIALES,8.0,9.71,2021,1.7100000000000009,8.855
2021-22,4310969,MÁSTER UNIVERSITARIO EN DISEÑO Y FABRICACIÓN INTEGRADA ASISTIDOS POR COMPUTADOR,E.T.S. DE INGENIERIA DEL DISEÑO,7.5,9.17,2021,1.67,8.335
2021-22,4310971,MÁSTER UNIVERSITARIO EN INGENIERÍA DE SISTEMAS ELECTRÓNICOS,E.T.S.I. DE TELECOMUNICACIÓN,8.06,8.86,2021,0.7999999999999989,8.46
2021-22,4310972,MÁSTER UNIVERSITARIO EN INGENIERÍA Y TECNOLOGÍA DE SISTEMAS SOFTWARE,UNIDAD DE MÁSTERES UNIVERSITARIOS,8.0,8.75,2021,0.75,8.375
2021-22,4310973,MÁSTER UNIVERSITARIO EN INGENIERÍA DEL DISEÑO,E.T.S. DE INGENIERIA DEL DISEÑO,7.17,8.46,2021,1.290000000000001,7.815
2021-22,4310974,MÁSTER UNIVERSITARIO EN INGENIERÍA DEL HORMIGÓN,UNIDAD DE MÁSTERES UNIVERSITARIOS,8.91,8.91,2021,0.0,8.91
2021-22,4310975,MÁSTER UNIVERSITARIO EN INGENIERÍA DEL MANTENIMIENTO,E.T.S. DE INGENIERIA DEL DISEÑO,8.13,10.0,2021,1.8699999999999992,9.065000000000001
2021-22,4310976,MÁSTER UNIVERSITARIO EN PLANIFICACIÓN Y GESTIÓN EN INGENIERÍA CIVIL,"E.T.S.I. CAMINOS, CANALES Y PUERTOS",9.17,8.96,2021,-0.20999999999999908,9.065000000000001
2021-22,4310977,MÁSTER UNIVERSITARIO EN INGENIERÍA HIDRÁULICA Y MEDIO AMBIENTE,UNIDAD DE MÁSTERES UNIVERSITARIOS,8.98,9.3,2021,0.3200000000000003,9.14
2021-22,4310978,MÁSTER UNIVERSITARIO EN INGENIERÍA MECÁNICA,UNIDAD DE MÁSTERES UNIVERSITARIOS,7.22,10.0,2021,2.7800000000000002,8.61
2021-22,4310979,"MÁSTER UNIVERSITARIO EN INTELIGENCIA ARTIFICIAL, RECONOCIMIENTO DE FORMAS E IMAGEN DIGITAL",UNIDAD DE MÁSTERES UNIVERSITARIOS,8.65,9.55,2021,0.9000000000000004,9.100000000000001
2021-22,4310980,MÁSTER UNIVERSITARIO EN SISTEMAS PROPULSIVOS PARA UNA MOVILIDAD SOSTENIBLE,UNIDAD DE MÁSTERES UNIVERSITARIOS,7.11,10.0,2021,2.8899999999999997,8.555
2021-22,4310981,MÁSTER UNIVERSITARIO EN TECNOLOGÍA ENERGÉTICA PARA DESARROLLO SOSTENIBLE,E.T.S.I. INDUSTRIALES,7.19,9.17,2021,1.9799999999999995,8.18
2021-22,4310982,"MÁSTER UNIVERSITARIO EN TECNOLOGÍAS, SISTEMAS Y REDES DE COMUNICACIONES",E.T.S.I. DE TELECOMUNICACIÓN,8.98,8.85,2021,-0.13000000000000078,8.915
2021-22,4311602,MÁSTER UNIVERSITARIO EN BIOTECNOLOGÍA BIOMÉDICA,UNIDAD DE MÁSTERES UNIVERSITARIOS,5.0,8.21,2021,3.210000000000001,6.605
2021-22,4311603,MÁSTER UNIVERSITARIO EN BIOTECNOLOGÍA MOLECULAR Y CELULAR DE PLANTAS,UNIDAD DE MÁSTERES UNIVERSITARIOS,5.2,9.13,2021,3.9300000000000006,7.165000000000001
2021-22,4311604,MÁSTER UNIVERSITARIO EN ECONOMÍA AGROALIMENTARIA Y DEL MEDIO AMBIENTE,UNIDAD DE MÁSTERES UNIVERSITARIOS,10.0,9.53,2021,-0.47000000000000064,9.765
2021-22,4311605,MÁSTER UNIVERSITARIO EN GESTIÓN DE LA SEGURIDAD Y CALIDAD ALIMENTARIA,E.T.S.I. AGRONÓMICA Y DEL MEDIO NATURAL,5.68,9.5,2021,3.8200000000000003,7.59
2021-22,4311606,"MÁSTER UNIVERSITARIO EN INGENIERÍA DE ANÁLISIS DE DATOS, MEJORA DE PROCESOS Y TOMA DE DECISIONES",UNIDAD DE MÁSTERES UNIVERSITARIOS,9.5,10.0,2021,0.5,9.75
2021-22,4311609,MÁSTER UNIVERSITARIO EN LENGUAS Y TECNOLOGÍA,UNIDAD DE MÁSTERES UNIVERSITARIOS,10.0,9.5,2021,-0.5,9.75
2021-22,4311610,MÁSTER UNIVERSITARIO EN MEJORA GENÉTICA ANIMAL Y BIOTECNOLOGÍA DE LA REPRODUCCIÓN,UNIDAD DE MÁSTERES UNIVERSITARIOS,8.86,,2021,,
2021-22,4311612,MÁSTER UNIVERSITARIO EN POSTPRODUCCIÓN DIGITAL,ESCUELA POLITECNICA SUPERIOR DE GANDIA,7.0,7.81,2021,0.8099999999999996,7.404999999999999
2021-22,4311613,MÁSTER UNIVERSITARIO EN PREVENCIÓN DE RIESGOS LABORALES,UNIDAD DE MÁSTERES UNIVERSITARIOS,4.31,7.76,2021,3.45,6.035
2021-22,4311614,MÁSTER UNIVERSITARIO EN PRODUCCIÓN ARTÍSTICA,FACULTAD DE BELLAS ARTES,5.0,8.53,2021,3.5299999999999994,6.765
2021-22,4311725,MÁSTER UNIVERSITARIO EN COOPERACIÓN AL DESARROLLO,UNIDAD DE MÁSTERES UNIVERSITARIOS,10.0,7.86,2021,-2.1399999999999997,8.93
2021-22,4311726,MÁSTER UNIVERSITARIO EN INGENIERÍA AMBIENTAL,"E.T.S.I. CAMINOS, CANALES Y PUERTOS",6.09,8.41,2021,2.3200000000000003,7.25
2021-22,4312033,MÁSTER UNIVERSITARIO EN ACUICULTURA,UNIDAD DE MÁSTERES UNIVERSITARIOS,5.63,7.5,2021,1.87,6.5649999999999995
2021-22,4312991,MÁSTER UNIVERSITARIO EN EVALUACIÓN Y SEGUIMIENTO AMBIENTAL DE ECOSISTEMAS MARINOS Y COSTEROS,ESCUELA POLITECNICA SUPERIOR DE GANDIA,7.5,8.75,2021,1.25,8.125
2021-22,4313930,MÁSTER UNIVERSITARIO EN INVESTIGACIÓN MATEMÁTICA,UNIDAD DE MÁSTERES UNIVERSITARIOS,7.22,8.69,2021,1.4699999999999998,7.955
2021-22,4314065,"MÁSTER UNIVERSITARIO EN INGENIERÍA, PROCESADO Y CARACTERIZACIÓN DE MATERIALES",E. POLITÉCNICA SUPERIOR DE ALCOY,7.5,8.16,2021,0.6600000000000001,7.83
2021-22,4314067,MÁSTER UNIVERSITARIO EN INGENIERÍA MECATRÓNICA,E.T.S. DE INGENIERIA DEL DISEÑO,5.65,8.33,2021,2.6799999999999997,6.99
2021-22,4314071,MÁSTER UNIVERSITARIO EN INGENIERÍA DE ORGANIZACIÓN Y LOGÍSTICA,E. POLITÉCNICA SUPERIOR DE ALCOY,9.17,8.63,2021,-0.5399999999999991,8.9
2021-22,4314473,MÁSTER UNIVERSITARIO EN INGENIERÍA DE MONTES,E.T.S.I. AGRONÓMICA Y DEL MEDIO NATURAL,5.5,7.97,2021,2.4699999999999998,6.734999999999999
2021-22,4314518,MÁSTER UNIVERSITARIO EN INGENIERÍA DE TELECOMUNICACIÓN,E.T.S.I. DE TELECOMUNICACIÓN,4.38,8.82,2021,4.44,6.6
2021-22,4314521,MÁSTER UNIVERSITARIO EN INGENIERÍA AERONÁUTICA,E.T.S. DE INGENIERIA DEL DISEÑO,4.46,9.03,2021,4.569999999999999,6.744999999999999
2021-22,4314523,MÁSTER UNIVERSITARIO EN INGENIERÍA QUÍMICA,E.T.S.I. INDUSTRIALES,5.63,8.36,2021,2.7299999999999995,6.994999999999999
2021-22,4314524,MÁSTER UNIVERSITARIO EN INGENIERÍA INDUSTRIAL,E.T.S.I. INDUSTRIALES,5.39,8.69,2021,3.3,7.039999999999999
2021-22,4314526,MÁSTER UNIVERSITARIO EN INGENIERÍA INFORMÁTICA,E.T.S. DE INGENIERÍA INFORMÁTICA,6.11,7.6,2021,1.4899999999999993,6.855
2021-22,4314528,MÁSTER UNIVERSITARIO EN ENOLOGÍA,E.T.S.I. AGRONÓMICA Y DEL MEDIO NATURAL,7.5,9.44,2021,1.9399999999999995,8.469999999999999
2021-22,4314529,MÁSTER UNIVERSITARIO EN INGENIERÍA AGRONÓMICA,E.T.S.I. AGRONÓMICA Y DEL MEDIO NATURAL,6.21,8.35,2021,2.1399999999999997,7.279999999999999
2021-22,4314646,MÁSTER UNIVERSITARIO EN INGENIERÍA GEOMÁTICA Y GEOINFORMACIÓN,"E.T.S.I. GEODESICA, CARTOGRAFICA Y TOP.",8.0,9.38,2021,1.3800000000000008,8.690000000000001
2021-22,4314647,"MÁSTER UNIVERSITARIO EN INGENIERÍA DE CAMINOS, CANALES Y PUERTOS","E.T.S.I. CAMINOS, CANALES Y PUERTOS",5.78,8.59,2021,2.8099999999999996,7.1850000000000005
2021-22,4314825,MÁSTER UNIVERSITARIO EN DIRECCIÓN DE EMPRESAS (MBA),E. POLITÉCNICA SUPERIOR DE ALCOY,8.17,9.38,2021,1.2100000000000009,8.775
2021-22,4315002,MÁSTER UNIVERSITARIO EN INGENIERÍA TEXTIL,E. POLITÉCNICA SUPERIOR DE ALCOY,9.69,8.5,2021,-1.1899999999999995,9.094999999999999
2021-22,4315070,MÁSTER UNIVERSITARIO EN ARQUITECTURA,E.T.S. DE ARQUITECTURA,7.69,7.94,2021,0.25,7.815
2021-22,4315739,MÁSTER UNIVERSITARIO EN ARQUITECTURA DEL PAISAJE,E.T.S. DE ARQUITECTURA,8.75,10.0,2021,1.25,9.375
2021-22,4315921,MÁSTER UNIVERSITARIO EN INGENIERÍA BIOMÉDICA,E.T.S.I. INDUSTRIALES,5.0,7.88,2021,2.88,6.4399999999999995
2021-22,4315941,MÁSTER UNIVERSITARIO ERASMUS MUNDUS EN SANIDAD VEGETAL EN AGRICULTURA SOSTENIBLE/ EUROPEAN MASTER DEGREE IN PLANT HEALTH IN SUSTAINABLE CROPPING SYSTEMS,UNIDAD DE MÁSTERES UNIVERSITARIOS,9.04,9.84,2021,0.8000000000000007,9.44
2021-22,4316135,MÁSTER UNIVERSITARIO EN GESTIÓN ADMINISTRATIVA,FACULTAD DE ADMINISTRACIÓN Y DIRECCIÓN DE EMPRESAS,5.0,7.5,2021,2.5,6.25
2021-22,4316557,"MÁSTER UNIVERSITARIO EN ESTUDIOS DE LA CIENCIA, LA TECNOLOGÍA Y LA INNOVACIÓN",UNIDAD DE MÁSTERES UNIVERSITARIOS,7.5,8.75,2021,1.25,8.125
2021-22,4316840,MÁSTER UNIVERSITARIO EN MEJORA GENÉTICA VEGETAL,UNIDAD DE MÁSTERES UNIVERSITARIOS,4.44,8.59,2021,4.1499999999999995,6.515000000000001
2021-22,4317401,MÁSTER UNIVERSITARIO EN SOCIAL MEDIA Y COMUNICACIÓN CORPORATIVA,FACULTAD DE ADMINISTRACIÓN Y DIRECCIÓN DE EMPRESAS,5.83,9.75,2021,3.92,7.79
2021-22,4317434,MÁSTER UNIVERSITARIO EN SISTEMAS INTELIGENTES DE TRANSPORTE,"E.T.S.I. CAMINOS, CANALES Y PUERTOS",7.5,8.25,2021,0.75,7.875
2021-22,4317446,MÁSTER UNIVERSITARIO EN COMUNICACIÓN TRANSMEDIA,ESCUELA POLITECNICA SUPERIOR DE GANDIA,5.5,10.0,2021,4.5,7.75
2021-22,4317448,MÁSTER UNIVERSITARIO EN CIBERSEGURIDAD Y CIBERINTELIGENCIA,E.T.S. DE INGENIERÍA INFORMÁTICA,8.75,8.93,2021,0.17999999999999972,8.84
2021-22,4317455,"MÁSTER UNIVERSITARIO ERASMUS MUNDUS EN ONDAS, ACÚSTICA, VIBRACIONES, INGENIERÍA Y SONIDO / ERASMUS MUNDUS MASTER IN WAVES, ACOUSTICS, VIBRATIONS, ENGINEERING AND SOUND (WAVES)",ESCUELA POLITECNICA SUPERIOR DE GANDIA,5.0,9.0,2021,4.0,7.0
2021-22,4317480,MÁSTER UNIVERSITARIO EN QUÍMICA SOSTENIBLE,UNIDAD DE MÁSTERES UNIVERSITARIOS,6.25,9.38,2021,3.130000000000001,7.815
2022-23,2500739,GRADO EN ARQUITECTURA TÉCNICA,E.T.S. DE INGENIERÍA DE EDIFICACIÓN,7.45,7.2,2022,-0.25,7.325
2022-23,2500801,GRADO EN CIENCIAS AMBIENTALES,ESCUELA POLITECNICA SUPERIOR DE GANDIA,4.56,6.72,2022,2.16,5.64
2022-23,2501354,GRADO EN COMUNICACIÓN AUDIOVISUAL,ESCUELA POLITECNICA SUPERIOR DE GANDIA,6.4,8.33,2022,1.9299999999999997,7.365
2022-23,2501355,GRADO EN TURISMO,ESCUELA POLITECNICA SUPERIOR DE GANDIA,6.85,8.29,2022,1.4399999999999995,7.569999999999999
2022-23,2501356,GRADO EN INGENIERÍA EN DISEÑO INDUSTRIAL Y DESARROLLO DE PRODUCTOS,E. POLITÉCNICA SUPERIOR DE ALCOY,6.38,8.13,2022,1.7500000000000009,7.255000000000001
2022-23,2501356,GRADO EN INGENIERÍA EN DISEÑO INDUSTRIAL Y DESARROLLO DE PRODUCTOS,E.T.S. DE INGENIERIA DEL DISEÑO,7.44,7.77,2022,0.3299999999999992,7.605
2022-23,2501484,GRADO EN BELLAS ARTES,FACULTAD DE BELLAS ARTES,6.9,8.59,2022,1.6899999999999995,7.745
2022-23,2501485,GRADO EN CONSERVACIÓN Y RESTAURACIÓN DE BIENES CULTURALES,FACULTAD DE BELLAS ARTES,6.56,8.83,2022,2.2700000000000005,7.695
2022-23,2501486,GRADO EN GESTIÓN Y ADMINISTRACIÓN PÚBLICA,FACULTAD DE ADMINISTRACIÓN Y DIRECCIÓN DE EMPRESAS,7.25,8.97,2022,1.7200000000000006,8.11
2022-23,2501649,GRADO EN BIOTECNOLOGÍA,E.T.S.I. AGRONÓMICA Y DEL MEDIO NATURAL,6.72,8.06,2022,1.3400000000000007,7.390000000000001
2022-23,2501650,GRADO EN CIENCIA Y TECNOLOGÍA DE LOS ALIMENTOS,E.T.S.I. AGRONÓMICA Y DEL MEDIO NATURAL,6.85,7.92,2022,1.0700000000000003,7.385
2022-23,2501651,GRADO EN ADMINISTRACIÓN Y DIRECCIÓN DE EMPRESAS,E. POLITÉCNICA SUPERIOR DE ALCOY,7.19,7.67,2022,0.47999999999999954,7.43
2022-23,2501651,GRADO EN ADMINISTRACIÓN Y DIRECCIÓN DE EMPRESAS,FACULTAD DE ADMINISTRACIÓN Y DIRECCIÓN DE EMPRESAS,6.68,9.09,2022,2.41,7.885
2022-23,2501653,GRADO EN INGENIERÍA AEROESPACIAL,E.T.S. DE INGENIERIA DEL DISEÑO,7.3,8.33,2022,1.0300000000000002,7.8149999999999995
2022-23,2501654,GRADO EN INGENIERÍA AGROALIMENTARIA Y DEL MEDIO RURAL,E.T.S.I. AGRONÓMICA Y DEL MEDIO NATURAL,7.5,8.25,2022,0.75,7.875
2022-23,2501655,GRADO EN INGENIERÍA ELÉCTRICA,E. POLITÉCNICA SUPERIOR DE ALCOY,6.79,8.94,2022,2.1499999999999995,7.865
2022-23,2501655,GRADO EN INGENIERÍA ELÉCTRICA,E.T.S. DE INGENIERIA DEL DISEÑO,7.03,8.33,2022,1.2999999999999998,7.68
2022-23,2501656,GRADO EN INGENIERÍA ELECTRÓNICA INDUSTRIAL Y AUTOMÁTICA,E.T.S. DE INGENIERIA DEL DISEÑO,6.8,7.86,2022,1.0600000000000005,7.33
2022-23,2501657,GRADO EN INGENIERÍA GEOMÁTICA Y TOPOGRAFÍA,"E.T.S.I. GEODESICA, CARTOGRAFICA Y TOP.",7.16,8.82,2022,1.6600000000000001,7.99
2022-23,2501658,GRADO EN INGENIERÍA DE ORGANIZACIÓN INDUSTRIAL,E.T.S.I. INDUSTRIALES,7.13,8.37,2022,1.2399999999999993,7.75
2022-23,2501659,GRADO EN INGENIERÍA EN TECNOLOGÍAS INDUSTRIALES,E.T.S.I. INDUSTRIALES,6.12,8.5,2022,2.38,7.3100000000000005
2022-23,2501660,GRADO EN INGENIERÍA FORESTAL Y DEL MEDIO NATURAL,E.T.S.I. AGRONÓMICA Y DEL MEDIO NATURAL,4.69,7.84,2022,3.1499999999999995,6.265000000000001
2022-23,2501661,GRADO EN INGENIERÍA INFORMÁTICA,E. POLITÉCNICA SUPERIOR DE ALCOY,6.88,8.75,2022,1.87,7.8149999999999995
2022-23,2501661,GRADO EN INGENIERÍA INFORMÁTICA,E.T.S. DE INGENIERÍA INFORMÁTICA,7.14,8.43,2022,1.29,7.785
2022-23,2501662,GRADO EN INGENIERÍA QUÍMICA,E. POLITÉCNICA SUPERIOR DE ALCOY,7.3,8.58,2022,1.2800000000000002,7.9399999999999995
2022-23,2501662,GRADO EN INGENIERÍA QUÍMICA,E.T.S.I. INDUSTRIALES,7.61,8.66,2022,1.0499999999999998,8.135
2022-23,2501663,"GRADO EN INGENIERÍA DE SISTEMAS DE TELECOMUNICACIÓN, SONIDO E IMAGEN",ESCUELA POLITECNICA SUPERIOR DE GANDIA,8.09,8.95,2022,0.8599999999999994,8.52
2022-23,2502182,GRADO EN INGENIERÍA MECÁNICA,E. POLITÉCNICA SUPERIOR DE ALCOY,6.86,8.18,2022,1.3199999999999994,7.52
2022-23,2502182,GRADO EN INGENIERÍA MECÁNICA,E.T.S. DE INGENIERIA DEL DISEÑO,7.46,8.2,2022,0.7399999999999993,7.83
2022-23,2502405,GRADO EN INGENIERÍA DE OBRAS PÚBLICAS,"E.T.S.I. CAMINOS, CANALES Y PUERTOS",7.14,8.39,2022,1.2500000000000009,7.765000000000001
2022-23,2502407,GRADO EN INGENIERÍA DE TECNOLOGÍAS Y SERVICIOS DE TELECOMUNICACIÓN,E.T.S.I. DE TELECOMUNICACIÓN,6.58,7.9,2022,1.3200000000000003,7.24
2022-23,2502507,GRADO EN INGENIERÍA CIVIL,"E.T.S.I. CAMINOS, CANALES Y PUERTOS",7.15,8.71,2022,1.5600000000000005,7.930000000000001
2022-23,2502660,GRADO EN INGENIERÍA DE LA ENERGÍA,E.T.S.I. INDUSTRIALES,6.33,8.03,2022,1.6999999999999993,7.18
2022-23,2502731,GRADO EN INGENIERÍA BIOMÉDICA,E.T.S.I. INDUSTRIALES,6.71,8.48,2022,1.7700000000000005,7.595000000000001
2022-23,2503025,GRADO EN FUNDAMENTOS DE LA ARQUITECTURA,E.T.S. DE ARQUITECTURA,9.09,7.85,2022,-1.2400000000000002,8.469999999999999
2022-23,2503349,GRADO EN DISEÑO Y TECNOLOGÍAS CREATIVAS,FACULTAD DE BELLAS ARTES,6.12,8.02,2022,1.8999999999999995,7.07
2022-23,2503504,GRADO EN TECNOLOGÍAS INTERACTIVAS,ESCUELA POLITECNICA SUPERIOR DE GANDIA,6.59,8.0,2022,1.4100000000000001,7.295
2022-23,2503653,GRADO EN CIENCIA DE DATOS,E.T.S. DE INGENIERÍA INFORMÁTICA,7.42,8.06,2022,0.6400000000000006,7.74
2022-23,2503930,GRADO EN TECNOLOGÍA DIGITAL Y MULTIMEDIA,E.T.S.I. DE TELECOMUNICACIÓN,5.55,8.28,2022,2.7299999999999995,6.914999999999999
2022-23,2504265,GRADO EN DISEÑO ARQUITECTÓNICO DE INTERIORES,E.T.S. DE ARQUITECTURA,6.67,7.63,2022,0.96,7.15
2022-23,2504322,GRADO EN INGENIERÍA FÍSICA,E.T.S.I. DE TELECOMUNICACIÓN,6.72,8.82,2022,2.1000000000000005,7.77
2022-23,2504353,GRADO EN MATEMÁTICAS,E.T.S.I. DE TELECOMUNICACIÓN,5.57,6.61,2022,1.04,6.09
2022-23,2504381,GRADO EN INFORMÁTICA INDUSTRIAL Y ROBÓTICA,E. POLITÉCNICA SUPERIOR DE ALCOY,6.56,8.75,2022,2.1900000000000004,7.654999999999999
2022-23,2504381,GRADO EN INFORMÁTICA INDUSTRIAL Y ROBÓTICA,E.T.S. DE INGENIERÍA INFORMÁTICA,6.43,7.73,2022,1.3000000000000007,7.08
2022-23,2504505,GRADO EN GESTIÓN DEL TRANSPORTE Y LA LOGÍSTICA,"E.T.S.I. CAMINOS, CANALES Y PUERTOS",8.13,8.33,2022,0.1999999999999993,8.23
2022-23,4310279,MÁSTER UNIVERSITARIO EN COMPUTACIÓN EN LA NUBE Y DE ALTAS PRESTACIONES / CLOUD AND HIGH-PERFORMANCE COMPUTING,UNIDAD DE MÁSTERES UNIVERSITARIOS,6.25,9.25,2022,3.0,7.75
2022-23,4310280,MÁSTER UNIVERSITARIO EN EDIFICACIÓN,E.T.S. DE INGENIERÍA DE EDIFICACIÓN,7.31,8.27,2022,0.96,7.789999999999999
2022-23,4310282,MÁSTER UNIVERSITARIO EN INGENIERÍA ACÚSTICA,ESCUELA POLITECNICA SUPERIOR DE GANDIA,7.5,7.78,2022,0.28000000000000025,7.640000000000001
2022-23,4310284,MÁSTER UNIVERSITARIO EN INGENIERÍA DE COMPUTADORES Y REDES,UNIDAD DE MÁSTERES UNIVERSITARIOS,9.38,9.25,2022,-0.13000000000000078,9.315000000000001
2022-23,4310288,"MÁSTER UNIVERSITARIO EN TRANSPORTE, TERRITORIO Y URBANISMO","E.T.S.I. CAMINOS, CANALES Y PUERTOS",7.35,8.57,2022,1.2200000000000006,7.96
2022-23,4310468,MÁSTER UNIVERSITARIO EN SANIDAD Y PRODUCCIÓN VEGETAL,UNIDAD DE MÁSTERES UNIVERSITARIOS,9.29,8.68,2022,-0.6099999999999994,8.985
2022-23,4310569,"MÁSTER UNIVERSITARIO EN INGENIERÍA AVANZADA DE PRODUCCIÓN, LOGÍSTICA Y CADENA DE SUMINISTRO",E.T.S.I. INDUSTRIALES,7.88,9.29,2022,1.4099999999999993,8.584999999999999
2022-23,4310809,MÁSTER UNIVERSITARIO EN ARTES VISUALES Y MULTIMEDIA,UNIDAD DE MÁSTERES UNIVERSITARIOS,5.66,9.42,2022,3.76,7.54
2022-23,4310813,"MÁSTER UNIVERSITARIO EN GESTIÓN DE EMPRESAS, PRODUCTOS Y SERVICIOS",FACULTAD DE ADMINISTRACIÓN Y DIRECCIÓN DE EMPRESAS,8.33,10.0,2022,1.67,9.165
2022-23,4310814,MÁSTER UNIVERSITARIO EN DIRECCIÓN FINANCIERA Y FISCAL,FACULTAD DE ADMINISTRACIÓN Y DIRECCIÓN DE EMPRESAS,6.25,8.21,2022,1.9600000000000009,7.23
2022-23,4310898,MÁSTER UNIVERSITARIO EN DIRECCIÓN Y GESTIÓN DE PROYECTOS,E.T.S.I. INDUSTRIALES,7.5,9.69,2022,2.1899999999999995,8.594999999999999
2022-23,4310960,MÁSTER UNIVERSITARIO EN GESTIÓN CULTURAL,UNIDAD DE MÁSTERES UNIVERSITARIOS,6.5,10.0,2022,3.5,8.25
2022-23,4310963,"MÁSTER UNIVERSITARIO EN ARQUITECTURA AVANZADA, PAISAJE, URBANISMO Y DISEÑO",E.T.S. DE ARQUITECTURA,5.5,8.15,2022,2.6500000000000004,6.825
2022-23,4310964,MÁSTER UNIVERSITARIO EN AUTOMÁTICA E INFORMÁTICA INDUSTRIAL,UNIDAD DE MÁSTERES UNIVERSITARIOS,5.0,8.96,2022,3.960000000000001,6.98
2022-23,4310965,MÁSTER UNIVERSITARIO EN CIENCIA E INGENIERÍA DE LOS ALIMENTOS,E.T.S.I. AGRONÓMICA Y DEL MEDIO NATURAL,6.11,8.16,2022,2.05,7.135
2022-23,4310966,MÁSTER UNIVERSITARIO EN CONSERVACIÓN DEL PATRIMONIO ARQUITECTÓNICO,E.T.S. DE ARQUITECTURA,6.79,8.29,2022,1.4999999999999991,7.539999999999999
2022-23,4310967,MÁSTER UNIVERSITARIO EN CONSERVACIÓN Y RESTAURACIÓN DE BIENES CULTURALES,UNIDAD DE MÁSTERES UNIVERSITARIOS,5.83,9.14,2022,3.3100000000000005,7.485
2022-23,4310968,MÁSTER UNIVERSITARIO EN CONSTRUCCIONES E INSTALACIONES INDUSTRIALES,E.T.S.I. INDUSTRIALES,7.92,9.41,2022,1.4900000000000002,8.665
2022-23,4310969,MÁSTER UNIVERSITARIO EN DISEÑO Y FABRICACIÓN INTEGRADA ASISTIDOS POR COMPUTADOR,E.T.S. DE INGENIERIA DEL DISEÑO,,8.44,2022,,
2022-23,4310971,MÁSTER UNIVERSITARIO EN INGENIERÍA DE SISTEMAS ELECTRÓNICOS,E.T.S.I. DE TELECOMUNICACIÓN,8.15,9.09,2022,0.9399999999999995,8.620000000000001
2022-23,4310972,MÁSTER UNIVERSITARIO EN INGENIERÍA Y TECNOLOGÍA DE SISTEMAS SOFTWARE,UNIDAD DE MÁSTERES UNIVERSITARIOS,6.43,9.44,2022,3.01,7.935
2022-23,4310973,MÁSTER UNIVERSITARIO EN INGENIERÍA DEL DISEÑO,E.T.S. DE INGENIERIA DEL DISEÑO,9.0,7.88,2022,-1.12,8.44
2022-23,4310974,MÁSTER UNIVERSITARIO EN INGENIERÍA DEL HORMIGÓN,UNIDAD DE MÁSTERES UNIVERSITARIOS,9.42,9.79,2022,0.3699999999999992,9.605
2022-23,4310975,MÁSTER UNIVERSITARIO EN INGENIERÍA DEL MANTENIMIENTO,E.T.S. DE INGENIERIA DEL DISEÑO,9.1,10.0,2022,0.9000000000000004,9.55
2022-23,4310976,MÁSTER UNIVERSITARIO EN PLANIFICACIÓN Y GESTIÓN EN INGENIERÍA CIVIL,"E.T.S.I. CAMINOS, CANALES Y PUERTOS",7.19,9.38,2022,2.1900000000000004,8.285
2022-23,4310977,MÁSTER UNIVERSITARIO EN INGENIERÍA HIDRÁULICA Y MEDIO AMBIENTE,UNIDAD DE MÁSTERES UNIVERSITARIOS,7.5,7.96,2022,0.45999999999999996,7.73
2022-23,4310978,MÁSTER UNIVERSITARIO EN INGENIERÍA MECÁNICA,UNIDAD DE MÁSTERES UNIVERSITARIOS,6.88,9.82,2022,2.9400000000000004,8.35
2022-23,4310979,"MÁSTER UNIVERSITARIO EN INTELIGENCIA ARTIFICIAL, RECONOCIMIENTO DE FORMAS E IMAGEN DIGITAL",UNIDAD DE MÁSTERES UNIVERSITARIOS,7.97,9.46,2022,1.490000000000001,8.715
2022-23,4310980,MÁSTER UNIVERSITARIO EN SISTEMAS PROPULSIVOS PARA UNA MOVILIDAD SOSTENIBLE,UNIDAD DE MÁSTERES UNIVERSITARIOS,8.89,10.0,2022,1.1099999999999994,9.445
2022-23,4310981,MÁSTER UNIVERSITARIO EN TECNOLOGÍA ENERGÉTICA PARA DESARROLLO SOSTENIBLE,E.T.S.I. INDUSTRIALES,6.07,8.97,2022,2.9000000000000004,7.5200000000000005
2022-23,4310982,"MÁSTER UNIVERSITARIO EN TECNOLOGÍAS, SISTEMAS Y REDES DE COMUNICACIONES",E.T.S.I. DE TELECOMUNICACIÓN,9.0,8.91,2022,-0.08999999999999986,8.955
2022-23,4311602,MÁSTER UNIVERSITARIO EN BIOTECNOLOGÍA BIOMÉDICA,UNIDAD DE MÁSTERES UNIVERSITARIOS,6.88,8.5,2022,1.62,7.6899999999999995
2022-23,4311603,MÁSTER UNIVERSITARIO EN BIOTECNOLOGÍA MOLECULAR Y CELULAR DE PLANTAS,UNIDAD DE MÁSTERES UNIVERSITARIOS,6.25,8.93,2022,2.6799999999999997,7.59
2022-23,4311604,MÁSTER UNIVERSITARIO EN ECONOMÍA AGROALIMENTARIA Y DEL MEDIO AMBIENTE,UNIDAD DE MÁSTERES UNIVERSITARIOS,5.0,8.75,2022,3.75,6.875
2022-23,4311605,MÁSTER UNIVERSITARIO EN GESTIÓN DE LA SEGURIDAD Y CALIDAD ALIMENTARIA,E.T.S.I. AGRONÓMICA Y DEL MEDIO NATURAL,6.25,8.5,2022,2.25,7.375
2022-23,4311606,"MÁSTER UNIVERSITARIO EN INGENIERÍA DE ANÁLISIS DE DATOS, MEJORA DE PROCESOS Y TOMA DE DECISIONES",UNIDAD DE MÁSTERES UNIVERSITARIOS,6.43,10.0,2022,3.5700000000000003,8.215
2022-23,4311609,MÁSTER UNIVERSITARIO EN LENGUAS Y TECNOLOGÍA,UNIDAD DE MÁSTERES UNIVERSITARIOS,5.0,9.55,2022,4.550000000000001,7.275
2022-23,4311610,MÁSTER UNIVERSITARIO EN MEJORA GENÉTICA ANIMAL Y BIOTECNOLOGÍA DE LA REPRODUCCIÓN,UNIDAD DE MÁSTERES UNIVERSITARIOS,7.5,9.38,2022,1.8800000000000008,8.440000000000001
2022-23,4311612,MÁSTER UNIVERSITARIO EN POSTPRODUCCIÓN DIGITAL,ESCUELA POLITECNICA SUPERIOR DE GANDIA,3.13,8.5,2022,5.37,5.8149999999999995
2022-23,4311613,MÁSTER UNIVERSITARIO EN PREVENCIÓN DE RIESGOS LABORALES,UNIDAD DE MÁSTERES UNIVERSITARIOS,3.09,7.4,2022,4.3100000000000005,5.245
2022-23,4311614,MÁSTER UNIVERSITARIO EN PRODUCCIÓN ARTÍSTICA,FACULTAD DE BELLAS ARTES,6.0,8.44,2022,2.4399999999999995,7.22
2022-23,4311725,MÁSTER UNIVERSITARIO EN COOPERACIÓN AL DESARROLLO,UNIDAD DE MÁSTERES UNIVERSITARIOS,7.5,9.69,2022,2.1899999999999995,8.594999999999999
2022-23,4311726,MÁSTER UNIVERSITARIO EN INGENIERÍA AMBIENTAL,"E.T.S.I. CAMINOS, CANALES Y PUERTOS",5.63,8.57,2022,2.9400000000000004,7.1
2022-23,4312033,MÁSTER UNIVERSITARIO EN ACUICULTURA,UNIDAD DE MÁSTERES UNIVERSITARIOS,7.5,10.0,2022,2.5,8.75
2022-23,4312991,MÁSTER UNIVERSITARIO EN EVALUACIÓN Y SEGUIMIENTO AMBIENTAL DE ECOSISTEMAS MARINOS Y COSTEROS,ESCUELA POLITECNICA SUPERIOR DE GANDIA,6.25,9.5,2022,3.25,7.875
2022-23,4313930,MÁSTER UNIVERSITARIO EN INVESTIGACIÓN MATEMÁTICA,UNIDAD DE MÁSTERES UNIVERSITARIOS,8.75,8.89,2022,0.14000000000000057,8.82
2022-23,4314065,"MÁSTER UNIVERSITARIO EN INGENIERÍA, PROCESADO Y CARACTERIZACIÓN DE MATERIALES",E. POLITÉCNICA SUPERIOR DE ALCOY,8.13,8.59,2022,0.4599999999999991,8.36
2022-23,4314067,MÁSTER UNIVERSITARIO EN INGENIERÍA MECATRÓNICA,E.T.S. DE INGENIERIA DEL DISEÑO,7.31,7.34,2022,0.03000000000000025,7.324999999999999
2022-23,4314071,MÁSTER UNIVERSITARIO EN INGENIERÍA DE ORGANIZACIÓN Y LOGÍSTICA,E. POLITÉCNICA SUPERIOR DE ALCOY,7.79,9.38,2022,1.5900000000000007,8.585
2022-23,4314473,MÁSTER UNIVERSITARIO EN INGENIERÍA DE MONTES,E.T.S.I. AGRONÓMICA Y DEL MEDIO NATURAL,6.25,7.95,2022,1.7000000000000002,7.1
2022-23,4314518,MÁSTER UNIVERSITARIO EN INGENIERÍA DE TELECOMUNICACIÓN,E.T.S.I. DE TELECOMUNICACIÓN,5.79,7.74,2022,1.9500000000000002,6.765000000000001
2022-23,4314521,MÁSTER UNIVERSITARIO EN INGENIERÍA AERONÁUTICA,E.T.S. DE INGENIERIA DEL DISEÑO,4.44,8.91,2022,4.47,6.675000000000001
2022-23,4314523,MÁSTER UNIVERSITARIO EN INGENIERÍA QUÍMICA,E.T.S.I. INDUSTRIALES,7.5,8.55,2022,1.0500000000000007,8.025
2022-23,4314524,MÁSTER UNIVERSITARIO EN INGENIERÍA INDUSTRIAL,E.T.S.I. INDUSTRIALES,5.24,8.67,2022,3.4299999999999997,6.955
2022-23,4314526,MÁSTER UNIVERSITARIO EN INGENIERÍA INFORMÁTICA,E.T.S. DE INGENIERÍA INFORMÁTICA,6.25,8.39,2022,2.1400000000000006,7.32
2022-23,4314528,MÁSTER UNIVERSITARIO EN ENOLOGÍA,E.T.S.I. AGRONÓMICA Y DEL MEDIO NATURAL,4.38,8.75,2022,4.37,6.5649999999999995
2022-23,4314529,MÁSTER UNIVERSITARIO EN INGENIERÍA AGRONÓMICA,E.T.S.I. AGRONÓMICA Y DEL MEDIO NATURAL,7.75,8.27,2022,0.5199999999999996,8.01
2022-23,4314646,MÁSTER UNIVERSITARIO EN INGENIERÍA GEOMÁTICA Y GEOINFORMACIÓN,"E.T.S.I. GEODESICA, CARTOGRAFICA Y TOP.",8.7,9.12,2022,0.41999999999999993,8.91
2022-23,4314647,"MÁSTER UNIVERSITARIO EN INGENIERÍA DE CAMINOS, CANALES Y PUERTOS","E.T.S.I. CAMINOS, CANALES Y PUERTOS",4.85,8.75,2022,3.9000000000000004,6.8
2022-23,4314825,MÁSTER UNIVERSITARIO EN DIRECCIÓN DE EMPRESAS (MBA),E. POLITÉCNICA SUPERIOR DE ALCOY,8.64,8.93,2022,0.28999999999999915,8.785
2022-23,4315002,MÁSTER UNIVERSITARIO EN INGENIERÍA TEXTIL,E. POLITÉCNICA SUPERIOR DE ALCOY,7.65,9.41,2022,1.7599999999999998,8.530000000000001
2022-23,4315070,MÁSTER UNIVERSITARIO EN ARQUITECTURA,E.T.S. DE ARQUITECTURA,6.85,7.97,2022,1.12,7.41
2022-23,4315739,MÁSTER UNIVERSITARIO EN ARQUITECTURA DEL PAISAJE,E.T.S. DE ARQUITECTURA,,10.0,2022,,
2022-23,4315921,MÁSTER UNIVERSITARIO EN INGENIERÍA BIOMÉDICA,E.T.S.I. INDUSTRIALES,1.25,8.33,2022,7.08,4.79
2022-23,4315941,MÁSTER UNIVERSITARIO ERASMUS MUNDUS EN SANIDAD VEGETAL EN AGRICULTURA SOSTENIBLE/ EUROPEAN MASTER DEGREE IN PLANT HEALTH IN SUSTAINABLE CROPPING SYSTEMS,UNIDAD DE MÁSTERES UNIVERSITARIOS,9.79,9.84,2022,0.05000000000000071,9.815
2022-23,4316135,MÁSTER UNIVERSITARIO EN GESTIÓN ADMINISTRATIVA,FACULTAD DE ADMINISTRACIÓN Y DIRECCIÓN DE EMPRESAS,,4.17,2022,,
2022-23,4316557,"MÁSTER UNIVERSITARIO EN ESTUDIOS DE LA CIENCIA, LA TECNOLOGÍA Y LA INNOVACIÓN",UNIDAD DE MÁSTERES UNIVERSITARIOS,10.0,10.0,2022,0.0,10.0
2022-23,4316840,MÁSTER UNIVERSITARIO EN MEJORA GENÉTICA VEGETAL,UNIDAD DE MÁSTERES UNIVERSITARIOS,6.25,9.23,2022,2.9800000000000004,7.74
2022-23,4317401,MÁSTER UNIVERSITARIO EN SOCIAL MEDIA Y COMUNICACIÓN CORPORATIVA,FACULTAD DE ADMINISTRACIÓN Y DIRECCIÓN DE EMPRESAS,6.5,9.32,2022,2.8200000000000003,7.91
2022-23,4317434,MÁSTER UNIVERSITARIO EN SISTEMAS INTELIGENTES DE TRANSPORTE,"E.T.S.I. CAMINOS, CANALES Y PUERTOS",6.25,8.41,2022,2.16,7.33
2022-23,4317446,MÁSTER UNIVERSITARIO EN COMUNICACIÓN TRANSMEDIA,ESCUELA POLITECNICA SUPERIOR DE GANDIA,10.0,9.06,2022,-0.9399999999999995,9.530000000000001
2022-23,4317448,MÁSTER UNIVERSITARIO EN CIBERSEGURIDAD Y CIBERINTELIGENCIA,E.T.S. DE INGENIERÍA INFORMÁTICA,8.86,8.93,2022,0.07000000000000028,8.895
2022-23,4317455,"MÁSTER UNIVERSITARIO ERASMUS MUNDUS EN ONDAS, ACÚSTICA, VIBRACIONES, INGENIERÍA Y SONIDO / ERASMUS MUNDUS MASTER IN WAVES, ACOUSTICS, VIBRATIONS, ENGINEERING AND SOUND (WAVES)",ESCUELA POLITECNICA SUPERIOR DE GANDIA,7.5,7.92,2022,0.41999999999999993,7.71
2022-23,4317480,MÁSTER UNIVERSITARIO EN QUÍMICA SOSTENIBLE,UNIDAD DE MÁSTERES UNIVERSITARIOS,8.13,9.38,2022,1.25,8.755
2022-23,4317640,MÁSTER UNIVERSITARIO EN INGENIERÍA BIOAMBIENTAL Y DEL PAISAJE,E.T.S.I. AGRONÓMICA Y DEL MEDIO NATURAL,7.5,9.12,2022,1.6199999999999992,8.309999999999999
2022-23,4317898,MÁSTER UNIVERSITARIO ERASMUS MUNDUS EN MEJORA GENÉTICA VEGETAL / ERASMUS MUNDUS MASTER IN PLANT BREEDING - EMPLANT +,UNIDAD DE MÁSTERES UNIVERSITARIOS,,9.72,2022,,
2022-23,4317936,MÁSTER UNIVERSITARIO EN GANADERÍA DE PRECISIÓN,E.T.S.I. AGRONÓMICA Y DEL MEDIO NATURAL,7.5,8.21,2022,0.7100000000000009,7.855
2022-23,4317948,MÁSTER UNIVERSITARIO EN MECÁNICA DE FLUIDOS COMPUTACIONAL,E.T.S. DE INGENIERIA DEL DISEÑO,5.0,8.33,2022,3.33,6.665
2022-23,4317961,MÁSTER UNIVERSITARIO ERASMUS MUNDUS EN CIENCIA EN INGENIERÍA TEXTIL / ERASMUS MUNDUS MASTER OF SCIENCE IN TEXTILE ENGINEERING,E. POLITÉCNICA SUPERIOR DE ALCOY,2.5,9.0,2022,6.5,5.75
2022-23,4318105,MÁSTER UNIVERSITARIO EN SEGURIDAD NUCLEAR Y PROTECCIÓN RADIOLÓGICA,E.T.S.I. INDUSTRIALES,7.92,9.72,2022,1.8000000000000007,8.82
2023-24,2500739,GRADO EN ARQUITECTURA TÉCNICA,E.T.S. DE INGENIERÍA DE EDIFICACIÓN,6.53,7.75,2023,1.2199999999999998,7.140000000000001
2023-24,2500801,GRADO EN CIENCIAS AMBIENTALES,ESCUELA POLITECNICA SUPERIOR DE GANDIA,4.42,7.86,2023,3.4400000000000004,6.140000000000001
2023-24,2501354,GRADO EN COMUNICACIÓN AUDIOVISUAL,ESCUELA POLITECNICA SUPERIOR DE GANDIA,6.62,9.02,2023,2.3999999999999995,7.82
2023-24,2501355,GRADO EN TURISMO,ESCUELA POLITECNICA SUPERIOR DE GANDIA,7.37,7.6,2023,0.22999999999999954,7.484999999999999
2023-24,2501356,GRADO EN INGENIERÍA EN DISEÑO INDUSTRIAL Y DESARROLLO DE PRODUCTOS,E. POLITÉCNICA SUPERIOR DE ALCOY,6.85,8.06,2023,1.2100000000000009,7.455
2023-24,2501356,GRADO EN INGENIERÍA EN DISEÑO INDUSTRIAL Y DESARROLLO DE PRODUCTOS,E.T.S. DE INGENIERIA AEROESPACIAL Y DISEÑO INDUSTRIAL,7.45,8.24,2023,0.79,7.845000000000001
2023-24,2501484,GRADO EN BELLAS ARTES,FACULTAD DE BELLAS ARTES,7.16,8.99,2023,1.83,8.075
2023-24,2501485,GRADO EN CONSERVACIÓN Y RESTAURACIÓN DE BIENES CULTURALES,FACULTAD DE BELLAS ARTES,5.73,9.0,2023,3.2699999999999996,7.365
2023-24,2501486,GRADO EN GESTIÓN Y ADMINISTRACIÓN PÚBLICA,FACULTAD DE ADMINISTRACIÓN Y DIRECCIÓN DE EMPRESAS,7.84,8.93,2023,1.0899999999999999,8.385
2023-24,2501649,GRADO EN BIOTECNOLOGÍA,E.T.S.I. AGRONÓMICA Y DEL MEDIO NATURAL,6.46,7.62,2023,1.1600000000000001,7.04
2023-24,2501650,GRADO EN CIENCIA Y TECNOLOGÍA DE LOS ALIMENTOS,E.T.S.I. AGRONÓMICA Y DEL MEDIO NATURAL,5.88,7.9,2023,2.0200000000000005,6.890000000000001
2023-24,2501651,GRADO EN ADMINISTRACIÓN Y DIRECCIÓN DE EMPRESAS,E. POLITÉCNICA SUPERIOR DE ALCOY,6.67,8.15,2023,1.4800000000000004,7.41
2023-24,2501651,GRADO EN ADMINISTRACIÓN Y DIRECCIÓN DE EMPRESAS,FACULTAD DE ADMINISTRACIÓN Y DIRECCIÓN DE EMPRESAS,6.9,8.79,2023,1.8899999999999988,7.845
2023-24,2501653,GRADO EN INGENIERÍA AEROESPACIAL,E.T.S. DE INGENIERIA AEROESPACIAL Y DISEÑO INDUSTRIAL,6.0,8.47,2023,2.4700000000000006,7.235
2023-24,2501654,GRADO EN INGENIERÍA AGROALIMENTARIA Y DEL MEDIO RURAL,E.T.S.I. AGRONÓMICA Y DEL MEDIO NATURAL,6.71,8.26,2023,1.5499999999999998,7.484999999999999
2023-24,2501655,GRADO EN INGENIERÍA ELÉCTRICA,E. POLITÉCNICA SUPERIOR DE ALCOY,7.22,8.67,2023,1.4500000000000002,7.945
2023-24,2501655,GRADO EN INGENIERÍA ELÉCTRICA,E.T.S. DE INGENIERIA AEROESPACIAL Y DISEÑO INDUSTRIAL,7.16,8.29,2023,1.129999999999999,7.725
2023-24,2501656,GRADO EN INGENIERÍA ELECTRÓNICA INDUSTRIAL Y AUTOMÁTICA,E.T.S. DE INGENIERIA AEROESPACIAL Y DISEÑO INDUSTRIAL,7.29,8.17,2023,0.8799999999999999,7.73
2023-24,2501657,GRADO EN INGENIERÍA GEOMÁTICA Y TOPOGRAFÍA,"E.T.S.I. GEODESICA, CARTOGRAFICA Y TOP.",6.67,9.02,2023,2.3499999999999996,7.845
2023-24,2501658,GRADO EN INGENIERÍA DE ORGANIZACIÓN INDUSTRIAL,E.T.S.I. INDUSTRIALES,8.13,8.44,2023,0.3099999999999987,8.285
2023-24,2501659,GRADO EN INGENIERÍA EN TECNOLOGÍAS INDUSTRIALES,E.T.S.I. INDUSTRIALES,7.07,8.63,2023,1.5600000000000005,7.8500000000000005
2023-24,2501660,GRADO EN INGENIERÍA FORESTAL Y DEL MEDIO NATURAL,E.T.S.I. AGRONÓMICA Y DEL MEDIO NATURAL,4.42,8.17,2023,3.75,6.295
2023-24,2501661,GRADO EN INGENIERÍA INFORMÁTICA,E. POLITÉCNICA SUPERIOR DE ALCOY,6.9,8.6,2023,1.6999999999999993,7.75
2023-24,2501661,GRADO EN INGENIERÍA INFORMÁTICA,E.T.S. DE INGENIERÍA INFORMÁTICA,7.18,8.62,2023,1.4399999999999995,7.8999999999999995
2023-24,2501662,GRADO EN INGENIERÍA QUÍMICA,E. POLITÉCNICA SUPERIOR DE ALCOY,7.5,8.02,2023,0.5199999999999996,7.76
2023-24,2501662,GRADO EN INGENIERÍA QUÍMICA,E.T.S.I. INDUSTRIALES,6.98,8.59,2023,1.6099999999999994,7.785
2023-24,2501663,"GRADO EN INGENIERÍA DE SISTEMAS DE TELECOMUNICACIÓN, SONIDO E IMAGEN",ESCUELA POLITECNICA SUPERIOR DE GANDIA,6.82,8.75,2023,1.9299999999999997,7.785
2023-24,2502182,GRADO EN INGENIERÍA MECÁNICA,E. POLITÉCNICA SUPERIOR DE ALCOY,6.99,8.29,2023,1.299999999999999,7.64
2023-24,2502182,GRADO EN INGENIERÍA MECÁNICA,E.T.S. DE INGENIERIA AEROESPACIAL Y DISEÑO INDUSTRIAL,7.16,8.54,2023,1.379999999999999,7.85
2023-24,2502407,GRADO EN INGENIERÍA DE TECNOLOGÍAS Y SERVICIOS DE TELECOMUNICACIÓN,E.T.S.I. DE TELECOMUNICACIÓN,7.55,7.87,2023,0.3200000000000003,7.71
2023-24,2502660,GRADO EN INGENIERÍA DE LA ENERGÍA,E.T.S.I. INDUSTRIALES,6.38,7.69,2023,1.3100000000000005,7.035
2023-24,2502731,GRADO EN INGENIERÍA BIOMÉDICA,E.T.S.I. INDUSTRIALES,6.54,8.86,2023,2.3199999999999994,7.699999999999999
2023-24,2503025,GRADO EN FUNDAMENTOS DE LA ARQUITECTURA,E.T.S. DE ARQUITECTURA,8.15,7.79,2023,-0.3600000000000003,7.970000000000001
2023-24,2503349,GRADO EN DISEÑO Y TECNOLOGÍAS CREATIVAS,FACULTAD DE BELLAS ARTES,5.81,8.18,2023,2.37,6.994999999999999
2023-24,2503504,GRADO EN TECNOLOGÍAS INTERACTIVAS,ESCUELA POLITECNICA SUPERIOR DE GANDIA,6.53,8.43,2023,1.8999999999999995,7.48
2023-24,2503653,GRADO EN CIENCIA DE DATOS,E.T.S. DE INGENIERÍA INFORMÁTICA,7.56,8.41,2023,0.8500000000000005,7.984999999999999
2023-24,2503930,GRADO EN TECNOLOGÍA DIGITAL Y MULTIMEDIA,E.T.S.I. DE TELECOMUNICACIÓN,6.7,8.79,2023,2.089999999999999,7.744999999999999
2023-24,2504265,GRADO EN DISEÑO ARQUITECTÓNICO DE INTERIORES,E.T.S. DE ARQUITECTURA,7.29,7.44,2023,0.15000000000000036,7.365
2023-24,2504322,GRADO EN INGENIERÍA FÍSICA,E.T.S.I. DE TELECOMUNICACIÓN,6.94,8.26,2023,1.3199999999999994,7.6
2023-24,2504353,GRADO EN MATEMÁTICAS,E.T.S.I. DE TELECOMUNICACIÓN,5.84,7.0,2023,1.1600000000000001,6.42
2023-24,2504381,GRADO EN INFORMÁTICA INDUSTRIAL Y ROBÓTICA,E. POLITÉCNICA SUPERIOR DE ALCOY,4.33,7.78,2023,3.45,6.055
2023-24,2504381,GRADO EN INFORMÁTICA INDUSTRIAL Y ROBÓTICA,E.T.S. DE INGENIERÍA INFORMÁTICA,7.08,8.13,2023,1.0500000000000007,7.605
2023-24,2504505,GRADO EN GESTIÓN DEL TRANSPORTE Y LA LOGÍSTICA,"E.T.S.I. CAMINOS, CANALES Y PUERTOS",7.5,8.48,2023,0.9800000000000004,7.99
2023-24,2504565,GRADO EN INGENIERÍA CIVIL,"E.T.S.I. CAMINOS, CANALES Y PUERTOS",7.19,9.17,2023,1.9799999999999995,8.18
2023-24,4310279,MÁSTER UNIVERSITARIO EN COMPUTACIÓN EN LA NUBE Y DE ALTAS PRESTACIONES / CLOUD AND HIGH-PERFORMANCE COMPUTING,UNIDAD DE MÁSTERES UNIVERSITARIOS,7.0,8.86,2023,1.8599999999999994,7.93
2023-24,4310280,MÁSTER UNIVERSITARIO EN EDIFICACIÓN,E.T.S. DE INGENIERÍA DE EDIFICACIÓN,7.95,10.0,2023,2.05,8.975
2023-24,4310282,MÁSTER UNIVERSITARIO EN INGENIERÍA ACÚSTICA,ESCUELA POLITECNICA SUPERIOR DE GANDIA,7.19,8.75,2023,1.5599999999999996,7.970000000000001
2023-24,4310284,MÁSTER UNIVERSITARIO EN INGENIERÍA DE COMPUTADORES Y REDES,UNIDAD DE MÁSTERES UNIVERSITARIOS,6.67,8.75,2023,2.08,7.71
2023-24,4310288,"MÁSTER UNIVERSITARIO EN TRANSPORTE, TERRITORIO Y URBANISMO","E.T.S.I. CAMINOS, CANALES Y PUERTOS",7.75,8.33,2023,0.5800000000000001,8.04
2023-24,4310468,MÁSTER UNIVERSITARIO EN SANIDAD Y PRODUCCIÓN VEGETAL,UNIDAD DE MÁSTERES UNIVERSITARIOS,7.0,8.83,2023,1.83,7.915
2023-24,4310569,"MÁSTER UNIVERSITARIO EN INGENIERÍA AVANZADA DE PRODUCCIÓN, LOGÍSTICA Y CADENA DE SUMINISTRO",E.T.S.I. INDUSTRIALES,7.31,9.64,2023,2.330000000000001,8.475
2023-24,4310809,MÁSTER UNIVERSITARIO EN ARTES VISUALES Y MULTIMEDIA,UNIDAD DE MÁSTERES UNIVERSITARIOS,9.17,9.06,2023,-0.10999999999999943,9.115
2023-24,4310813,"MÁSTER UNIVERSITARIO EN GESTIÓN DE EMPRESAS, PRODUCTOS Y SERVICIOS",FACULTAD DE ADMINISTRACIÓN Y DIRECCIÓN DE EMPRESAS,9.29,10.0,2023,0.7100000000000009,9.645
2023-24,4310814,MÁSTER UNIVERSITARIO EN DIRECCIÓN FINANCIERA Y FISCAL,FACULTAD DE ADMINISTRACIÓN Y DIRECCIÓN DE EMPRESAS,7.0,9.25,2023,2.25,8.125
2023-24,4310898,MÁSTER UNIVERSITARIO EN DIRECCIÓN Y GESTIÓN DE PROYECTOS,E.T.S.I. INDUSTRIALES,7.5,9.58,2023,2.08,8.54
2023-24,4310960,MÁSTER UNIVERSITARIO EN GESTIÓN CULTURAL,UNIDAD DE MÁSTERES UNIVERSITARIOS,4.0,9.17,2023,5.17,6.585
2023-24,4310963,"MÁSTER UNIVERSITARIO EN ARQUITECTURA AVANZADA, PAISAJE, URBANISMO Y DISEÑO",E.T.S. DE ARQUITECTURA,6.73,8.27,2023,1.5399999999999991,7.5
2023-24,4310964,MÁSTER UNIVERSITARIO EN AUTOMÁTICA E INFORMÁTICA INDUSTRIAL,UNIDAD DE MÁSTERES UNIVERSITARIOS,5.71,9.77,2023,4.06,7.74
2023-24,4310965,MÁSTER UNIVERSITARIO EN CIENCIA E INGENIERÍA DE LOS ALIMENTOS,E.T.S.I. AGRONÓMICA Y DEL MEDIO NATURAL,6.83,8.75,2023,1.92,7.79
2023-24,4310966,MÁSTER UNIVERSITARIO EN CONSERVACIÓN DEL PATRIMONIO ARQUITECTÓNICO,E.T.S. DE ARQUITECTURA,8.06,7.88,2023,-0.1800000000000006,7.970000000000001
2023-24,4310967,MÁSTER UNIVERSITARIO EN CONSERVACIÓN Y RESTAURACIÓN DE BIENES CULTURALES,UNIDAD DE MÁSTERES UNIVERSITARIOS,3.52,9.17,2023,5.65,6.345
2023-24,4310968,MÁSTER UNIVERSITARIO EN CONSTRUCCIONES E INSTALACIONES INDUSTRIALES,E.T.S.I. INDUSTRIALES,6.0,9.58,2023,3.58,7.79
2023-24,4310969,MÁSTER UNIVERSITARIO EN DISEÑO Y FABRICACIÓN INTEGRADA ASISTIDOS POR COMPUTADOR,E.T.S. DE INGENIERIA AEROESPACIAL Y DISEÑO INDUSTRIAL,7.75,9.72,2023,1.9700000000000006,8.735
2023-24,4310971,MÁSTER UNIVERSITARIO EN INGENIERÍA DE SISTEMAS ELECTRÓNICOS,E.T.S.I. DE TELECOMUNICACIÓN,7.39,8.86,2023,1.4699999999999998,8.125
2023-24,4310972,MÁSTER UNIVERSITARIO EN INGENIERÍA Y TECNOLOGÍA DE SISTEMAS SOFTWARE,UNIDAD DE MÁSTERES UNIVERSITARIOS,7.5,9.5,2023,2.0,8.5
2023-24,4310973,MÁSTER UNIVERSITARIO EN INGENIERÍA DEL DISEÑO,E.T.S. DE INGENIERIA AEROESPACIAL Y DISEÑO INDUSTRIAL,6.2,8.54,2023,2.339999999999999,7.369999999999999
2023-24,4310974,MÁSTER UNIVERSITARIO EN INGENIERÍA DEL HORMIGÓN,UNIDAD DE MÁSTERES UNIVERSITARIOS,10.0,8.04,2023,-1.9600000000000009,9.02
2023-24,4310975,MÁSTER UNIVERSITARIO EN INGENIERÍA DEL MANTENIMIENTO,E.T.S. DE INGENIERIA AEROESPACIAL Y DISEÑO INDUSTRIAL,8.93,10.0,2023,1.0700000000000003,9.465
2023-24,4310976,MÁSTER UNIVERSITARIO EN PLANIFICACIÓN Y GESTIÓN EN INGENIERÍA CIVIL,"E.T.S.I. CAMINOS, CANALES Y PUERTOS",7.58,9.03,2023,1.4499999999999993,8.305
2023-24,4310977,MÁSTER UNIVERSITARIO EN INGENIERÍA HIDRÁULICA Y MEDIO AMBIENTE,UNIDAD DE MÁSTERES UNIVERSITARIOS,7.86,9.7,2023,1.839999999999999,8.78
2023-24,4310978,MÁSTER UNIVERSITARIO EN INGENIERÍA MECÁNICA,UNIDAD DE MÁSTERES UNIVERSITARIOS,8.33,10.0,2023,1.67,9.165
2023-24,4310979,"MÁSTER UNIVERSITARIO EN INTELIGENCIA ARTIFICIAL, RECONOCIMIENTO DE FORMAS E IMAGEN DIGITAL",UNIDAD DE MÁSTERES UNIVERSITARIOS,7.63,9.17,2023,1.54,8.4
2023-24,4310980,MÁSTER UNIVERSITARIO EN SISTEMAS PROPULSIVOS PARA UNA MOVILIDAD SOSTENIBLE,UNIDAD DE MÁSTERES UNIVERSITARIOS,9.56,10.0,2023,0.4399999999999995,9.780000000000001
2023-24,4310981,MÁSTER UNIVERSITARIO EN TECNOLOGÍA ENERGÉTICA PARA DESARROLLO SOSTENIBLE,E.T.S.I. INDUSTRIALES,4.58,9.4,2023,4.82,6.99
2023-24,4310982,"MÁSTER UNIVERSITARIO EN TECNOLOGÍAS, SISTEMAS Y REDES DE COMUNICACIONES",E.T.S.I. DE TELECOMUNICACIÓN,8.85,9.13,2023,0.28000000000000114,8.99
2023-24,4311602,MÁSTER UNIVERSITARIO EN BIOTECNOLOGÍA BIOMÉDICA,UNIDAD DE MÁSTERES UNIVERSITARIOS,1.67,7.88,2023,6.21,4.775
2023-24,4311603,MÁSTER UNIVERSITARIO EN BIOTECNOLOGÍA MOLECULAR Y CELULAR DE PLANTAS,UNIDAD DE MÁSTERES UNIVERSITARIOS,4.74,9.17,2023,4.43,6.955
2023-24,4311604,MÁSTER UNIVERSITARIO EN ECONOMÍA AGROALIMENTARIA Y DEL MEDIO AMBIENTE,UNIDAD DE MÁSTERES UNIVERSITARIOS,8.17,9.38,2023,1.2100000000000009,8.775
2023-24,4311605,MÁSTER UNIVERSITARIO EN GESTIÓN DE LA SEGURIDAD Y CALIDAD ALIMENTARIA,E.T.S.I. AGRONÓMICA Y DEL MEDIO NATURAL,6.76,8.89,2023,2.130000000000001,7.825
2023-24,4311606,"MÁSTER UNIVERSITARIO EN INGENIERÍA DE ANÁLISIS DE DATOS, MEJORA DE PROCESOS Y TOMA DE DECISIONES",UNIDAD DE MÁSTERES UNIVERSITARIOS,5.88,8.54,2023,2.6599999999999993,7.209999999999999
2023-24,4311609,MÁSTER UNIVERSITARIO EN LENGUAS Y TECNOLOGÍA,UNIDAD DE MÁSTERES UNIVERSITARIOS,8.5,9.75,2023,1.25,9.125
2023-24,4311610,MÁSTER UNIVERSITARIO EN MEJORA GENÉTICA ANIMAL Y BIOTECNOLOGÍA DE LA REPRODUCCIÓN,UNIDAD DE MÁSTERES UNIVERSITARIOS,10.0,,2023,,
2023-24,4311612,MÁSTER UNIVERSITARIO EN POSTPRODUCCIÓN DIGITAL,ESCUELA POLITECNICA SUPERIOR DE GANDIA,6.67,8.93,2023,2.26,7.8
2023-24,4311613,MÁSTER UNIVERSITARIO EN PREVENCIÓN DE RIESGOS LABORALES,UNIDAD DE MÁSTERES UNIVERSITARIOS,6.46,8.19,2023,1.7299999999999995,7.324999999999999
2023-24,4311614,MÁSTER UNIVERSITARIO EN PRODUCCIÓN ARTÍSTICA,FACULTAD DE BELLAS ARTES,5.77,9.32,2023,3.5500000000000007,7.545
2023-24,4311725,MÁSTER UNIVERSITARIO EN COOPERACIÓN AL DESARROLLO,UNIDAD DE MÁSTERES UNIVERSITARIOS,10.0,9.64,2023,-0.35999999999999943,9.82
2023-24,4311726,MÁSTER UNIVERSITARIO EN INGENIERÍA AMBIENTAL,"E.T.S.I. CAMINOS, CANALES Y PUERTOS",7.2,8.27,2023,1.0699999999999994,7.734999999999999
2023-24,4312033,MÁSTER UNIVERSITARIO EN ACUICULTURA,UNIDAD DE MÁSTERES UNIVERSITARIOS,6.67,8.75,2023,2.08,7.71
2023-24,4312991,MÁSTER UNIVERSITARIO EN EVALUACIÓN Y SEGUIMIENTO AMBIENTAL DE ECOSISTEMAS MARINOS Y COSTEROS,ESCUELA POLITECNICA SUPERIOR DE GANDIA,8.75,9.17,2023,0.41999999999999993,8.96
2023-24,4313930,MÁSTER UNIVERSITARIO EN INVESTIGACIÓN MATEMÁTICA,UNIDAD DE MÁSTERES UNIVERSITARIOS,5.83,8.27,2023,2.4399999999999995,7.05
2023-24,4314065,"MÁSTER UNIVERSITARIO EN INGENIERÍA, PROCESADO Y CARACTERIZACIÓN DE MATERIALES",E. POLITÉCNICA SUPERIOR DE ALCOY,9.33,8.61,2023,-0.7200000000000006,8.969999999999999
2023-24,4314067,MÁSTER UNIVERSITARIO EN INGENIERÍA MECATRÓNICA,E.T.S. DE INGENIERIA AEROESPACIAL Y DISEÑO INDUSTRIAL,6.47,8.42,2023,1.9500000000000002,7.445
2023-24,4314071,MÁSTER UNIVERSITARIO EN INGENIERÍA DE ORGANIZACIÓN Y LOGÍSTICA,E. POLITÉCNICA SUPERIOR DE ALCOY,8.52,9.11,2023,0.5899999999999999,8.815
2023-24,4314473,MÁSTER UNIVERSITARIO EN INGENIERÍA DE MONTES,E.T.S.I. AGRONÓMICA Y DEL MEDIO NATURAL,2.5,7.5,2023,5.0,5.0
2023-24,4314518,MÁSTER UNIVERSITARIO EN INGENIERÍA DE TELECOMUNICACIÓN,E.T.S.I. DE TELECOMUNICACIÓN,6.97,7.93,2023,0.96,7.449999999999999
2023-24,4314521,MÁSTER UNIVERSITARIO EN INGENIERÍA AERONÁUTICA,E.T.S. DE INGENIERIA AEROESPACIAL Y DISEÑO INDUSTRIAL,4.84,8.63,2023,3.790000000000001,6.735
2023-24,4314523,MÁSTER UNIVERSITARIO EN INGENIERÍA QUÍMICA,E.T.S.I. INDUSTRIALES,5.56,9.04,2023,3.4799999999999995,7.299999999999999
2023-24,4314524,MÁSTER UNIVERSITARIO EN INGENIERÍA INDUSTRIAL,E.T.S.I. INDUSTRIALES,5.71,8.78,2023,3.0699999999999994,7.244999999999999
2023-24,4314526,MÁSTER UNIVERSITARIO EN INGENIERÍA INFORMÁTICA,E.T.S. DE INGENIERÍA INFORMÁTICA,7.81,8.52,2023,0.71,8.165
2023-24,4314528,MÁSTER UNIVERSITARIO EN ENOLOGÍA,E.T.S.I. AGRONÓMICA Y DEL MEDIO NATURAL,8.0,8.0,2023,0.0,8.0
2023-24,4314529,MÁSTER UNIVERSITARIO EN INGENIERÍA AGRONÓMICA,E.T.S.I. AGRONÓMICA Y DEL MEDIO NATURAL,7.79,8.32,2023,0.5300000000000002,8.055
2023-24,4314646,MÁSTER UNIVERSITARIO EN INGENIERÍA GEOMÁTICA Y GEOINFORMACIÓN,"E.T.S.I. GEODESICA, CARTOGRAFICA Y TOP.",8.52,9.61,2023,1.0899999999999999,9.065
2023-24,4314647,"MÁSTER UNIVERSITARIO EN INGENIERÍA DE CAMINOS, CANALES Y PUERTOS","E.T.S.I. CAMINOS, CANALES Y PUERTOS",4.06,8.91,2023,4.8500000000000005,6.484999999999999
2023-24,4314825,MÁSTER UNIVERSITARIO EN DIRECCIÓN DE EMPRESAS (MBA),E. POLITÉCNICA SUPERIOR DE ALCOY,7.19,9.81,2023,2.62,8.5
2023-24,4315002,MÁSTER UNIVERSITARIO EN INGENIERÍA TEXTIL,E. POLITÉCNICA SUPERIOR DE ALCOY,8.57,8.44,2023,-0.13000000000000078,8.504999999999999
2023-24,4315070,MÁSTER UNIVERSITARIO EN ARQUITECTURA,E.T.S. DE ARQUITECTURA,7.4,7.7,2023,0.2999999999999998,7.550000000000001
2023-24,4315921,MÁSTER UNIVERSITARIO EN INGENIERÍA BIOMÉDICA,E.T.S.I. INDUSTRIALES,6.25,8.61,2023,2.3599999999999994,7.43
2023-24,4315941,MÁSTER UNIVERSITARIO ERASMUS MUNDUS EN SANIDAD VEGETAL EN AGRICULTURA SOSTENIBLE/ EUROPEAN MASTER DEGREE IN PLANT HEALTH IN SUSTAINABLE CROPPING SYSTEMS,UNIDAD DE MÁSTERES UNIVERSITARIOS,9.0,9.53,2023,0.5299999999999994,9.265
2023-24,4316135,MÁSTER UNIVERSITARIO EN GESTIÓN ADMINISTRATIVA,FACULTAD DE ADMINISTRACIÓN Y DIRECCIÓN DE EMPRESAS,7.5,6.79,2023,-0.71,7.145
2023-24,4316557,"MÁSTER UNIVERSITARIO EN ESTUDIOS DE LA CIENCIA, LA TECNOLOGÍA Y LA INNOVACIÓN",UNIDAD DE MÁSTERES UNIVERSITARIOS,6.25,10.0,2023,3.75,8.125
2023-24,4316840,MÁSTER UNIVERSITARIO EN MEJORA GENÉTICA VEGETAL,UNIDAD DE MÁSTERES UNIVERSITARIOS,6.5,8.57,2023,2.0700000000000003,7.535
2023-24,4317401,MÁSTER UNIVERSITARIO EN SOCIAL MEDIA Y COMUNICACIÓN CORPORATIVA,FACULTAD DE ADMINISTRACIÓN Y DIRECCIÓN DE EMPRESAS,5.0,8.89,2023,3.8900000000000006,6.945
2023-24,4317434,MÁSTER UNIVERSITARIO EN SISTEMAS INTELIGENTES DE TRANSPORTE,"E.T.S.I. CAMINOS, CANALES Y PUERTOS",10.0,,2023,,
2023-24,4317446,MÁSTER UNIVERSITARIO EN COMUNICACIÓN TRANSMEDIA,ESCUELA POLITECNICA SUPERIOR DE GANDIA,4.25,8.64,2023,4.390000000000001,6.445
2023-24,4317448,MÁSTER UNIVERSITARIO EN CIBERSEGURIDAD Y CIBERINTELIGENCIA,E.T.S. DE INGENIERÍA INFORMÁTICA,7.22,10.0,2023,2.7800000000000002,8.61
2023-24,4317455,"MÁSTER UNIVERSITARIO ERASMUS MUNDUS EN ONDAS, ACÚSTICA, VIBRACIONES, INGENIERÍA Y SONIDO / ERASMUS MUNDUS MASTER IN WAVES, ACOUSTICS, VIBRATIONS, ENGINEERING AND SOUND (WAVES)",ESCUELA POLITECNICA SUPERIOR DE GANDIA,7.19,9.38,2023,2.1900000000000004,8.285
2023-24,4317480,MÁSTER UNIVERSITARIO EN QUÍMICA SOSTENIBLE,UNIDAD DE MÁSTERES UNIVERSITARIOS,6.88,9.55,2023,2.670000000000001,8.215
2023-24,4317640,MÁSTER UNIVERSITARIO EN INGENIERÍA BIOAMBIENTAL Y DEL PAISAJE,E.T.S.I. AGRONÓMICA Y DEL MEDIO NATURAL,5.83,8.75,2023,2.92,7.29
2023-24,4317898,MÁSTER UNIVERSITARIO ERASMUS MUNDUS EN MEJORA GENÉTICA VEGETAL / ERASMUS MUNDUS MASTER IN PLANT BREEDING - EMPLANT +,UNIDAD DE MÁSTERES UNIVERSITARIOS,,9.69,2023,,
2023-24,4317936,MÁSTER UNIVERSITARIO EN GANADERÍA DE PRECISIÓN,E.T.S.I. AGRONÓMICA Y DEL MEDIO NATURAL,10.0,9.69,2023,-0.3100000000000005,9.844999999999999
2023-24,4317948,MÁSTER UNIVERSITARIO EN MECÁNICA DE FLUIDOS COMPUTACIONAL,E.T.S. DE INGENIERIA AEROESPACIAL Y DISEÑO INDUSTRIAL,5.5,8.44,2023,2.9399999999999995,6.97
2023-24,4317961,MÁSTER UNIVERSITARIO ERASMUS MUNDUS EN CIENCIA EN INGENIERÍA TEXTIL / ERASMUS MUNDUS MASTER OF SCIENCE IN TEXTILE ENGINEERING,E. POLITÉCNICA SUPERIOR DE ALCOY,,10.0,2023,,
2023-24,4318105,MÁSTER UNIVERSITARIO EN SEGURIDAD NUCLEAR Y PROTECCIÓN RADIOLÓGICA,E.T.S.I. INDUSTRIALES,8.75,9.17,2023,0.41999999999999993,8.96
2023-24,4318256,MÁSTER UNIVERSITARIO EN SEGURIDAD INDUSTRIAL,E.T.S.I. INDUSTRIALES,7.81,9.0,2023,1.1900000000000004,8.405
2023-24,4318298,MÁSTER UNIVERSITARIO EN INGENIERÍA EN MOVILIDAD ELÉCTRICA,E.T.S. DE INGENIERIA AEROESPACIAL Y DISEÑO INDUSTRIAL,3.54,8.75,2023,5.21,6.145
2023-24,4318372,MÁSTER UNIVERSITARIO EN HUMANIDADES DIGITALES,E.T.S. DE INGENIERÍA INFORMÁTICA,,9.0,2023,,
2023-24,4318375,MÁSTER UNIVERSITARIO EN INGENIERÍA ESTRUCTURAL Y GEOTÉCNICA,"E.T.S.I. CAMINOS, CANALES Y PUERTOS",5.0,9.04,2023,4.039999999999999,7.02
2023-24,4318551,MÁSTER UNIVERSITARIO EN INTELIGENCIA TURÍSTICA,ESCUELA POLITECNICA SUPERIOR DE GANDIA,9.0,8.64,2023,-0.35999999999999943,8.82
