CURSO,COD_RUCT,TITULACION,CENTRO,porcentaje_no_desempleados,año,porcentaje_desempleados,nivel_empleabilidad
2018-19,2500739,GRADO EN ARQUITECTURA TÉCNICA,E.T.S. DE INGENIERÍA DE EDIFICACIÓN,91.58,2018,8.420000000000002,Excelente
2018-19,2500801,GRADO EN CIENCIAS AMBIENTALES,ESCUELA POLITECNICA SUPERIOR DE GANDIA,62.5,2018,37.5,Media
2018-19,2501354,GRADO EN COMUNICACIÓN AUDIOVISUAL,ESCUELA POLITECNICA SUPERIOR DE GANDIA,88.0,2018,12.0,Muy buena
2018-19,2501355,GRADO EN TURISMO,ESCUELA POLITECNICA SUPERIOR DE GANDIA,78.57,2018,21.430000000000007,Buena
2018-19,2501356,GRADO EN INGENIERÍA EN DISEÑO INDUSTRIAL Y DESARROLLO DE PRODUCTOS,E. POLITÉCNICA SUPERIOR DE ALCOY,94.12,2018,5.8799999999999955,Excelente
2018-19,2501356,GRADO EN INGENIERÍA EN DISEÑO INDUSTRIAL Y DESARROLLO DE PRODUCTOS,E.T.S. DE INGENIERIA DEL DISEÑO,91.67,2018,8.329999999999998,Excelente
2018-19,2501484,GRADO EN BELLAS ARTES,FACULTAD DE BELLAS ARTES,72.04,2018,27.959999999999994,Buena
2018-19,2501485,GRADO EN CONSERVACIÓN Y RESTAURACIÓN DE BIENES CULTURALES,FACULTAD DE BELLAS ARTES,73.08,2018,26.92,Buena
2018-19,2501486,GRADO EN GESTIÓN Y ADMINISTRACIÓN PÚBLICA,FACULTAD DE ADMINISTRACIÓN Y DIRECCIÓN DE EMPRESAS,97.06,2018,2.9399999999999977,Excelente
2018-19,2501649,GRADO EN BIOTECNOLOGÍA,E.T.S.I. AGRONÓMICA Y DEL MEDIO NATURAL,100.0,2018,0.0,Excelente
2018-19,2501650,GRADO EN CIENCIA Y TECNOLOGÍA DE LOS ALIMENTOS,E.T.S.I. AGRONÓMICA Y DEL MEDIO NATURAL,91.67,2018,8.329999999999998,Excelente
2018-19,2501651,GRADO EN ADMINISTRACIÓN Y DIRECCIÓN DE EMPRESAS,E. POLITÉCNICA SUPERIOR DE ALCOY,95.24,2018,4.760000000000005,Excelente
2018-19,2501651,GRADO EN ADMINISTRACIÓN Y DIRECCIÓN DE EMPRESAS,FACULTAD DE ADMINISTRACIÓN Y DIRECCIÓN DE EMPRESAS,96.0,2018,4.0,Excelente
2018-19,2501653,GRADO EN INGENIERÍA AEROESPACIAL,E.T.S. DE INGENIERIA DEL DISEÑO,100.0,2018,0.0,Excelente
2018-19,2501654,GRADO EN INGENIERÍA AGROALIMENTARIA Y DEL MEDIO RURAL,E.T.S.I. AGRONÓMICA Y DEL MEDIO NATURAL,93.18,2018,6.819999999999993,Excelente
2018-19,2501655,GRADO EN INGENIERÍA ELÉCTRICA,E. POLITÉCNICA SUPERIOR DE ALCOY,100.0,2018,0.0,Excelente
2018-19,2501655,GRADO EN INGENIERÍA ELÉCTRICA,E.T.S. DE INGENIERIA DEL DISEÑO,100.0,2018,0.0,Excelente
2018-19,2501656,GRADO EN INGENIERÍA ELECTRÓNICA INDUSTRIAL Y AUTOMÁTICA,E.T.S. DE INGENIERIA DEL DISEÑO,97.73,2018,2.269999999999996,Excelente
2018-19,2501657,GRADO EN INGENIERÍA GEOMÁTICA Y TOPOGRAFÍA,"E.T.S.I. GEODESICA, CARTOGRAFICA Y TOP.",86.67,2018,13.329999999999998,Muy buena
2018-19,2501658,GRADO EN INGENIERÍA DE ORGANIZACIÓN INDUSTRIAL,E.T.S.I. INDUSTRIALES,100.0,2018,0.0,Excelente
2018-19,2501659,GRADO EN INGENIERÍA EN TECNOLOGÍAS INDUSTRIALES,E.T.S.I. INDUSTRIALES,96.43,2018,3.569999999999993,Excelente
2018-19,2501660,GRADO EN INGENIERÍA FORESTAL Y DEL MEDIO NATURAL,E.T.S.I. AGRONÓMICA Y DEL MEDIO NATURAL,93.75,2018,6.25,Excelente
2018-19,2501661,GRADO EN INGENIERÍA INFORMÁTICA,E. POLITÉCNICA SUPERIOR DE ALCOY,90.91,2018,9.090000000000003,Excelente
2018-19,2501661,GRADO EN INGENIERÍA INFORMÁTICA,E.T.S. DE INGENIERÍA INFORMÁTICA,98.91,2018,1.0900000000000034,Excelente
2018-19,2501662,GRADO EN INGENIERÍA QUÍMICA,E. POLITÉCNICA SUPERIOR DE ALCOY,88.89,2018,11.11,Muy buena
2018-19,2501662,GRADO EN INGENIERÍA QUÍMICA,E.T.S.I. INDUSTRIALES,88.89,2018,11.11,Muy buena
2018-19,2501663,"GRADO EN INGENIERÍA DE SISTEMAS DE TELECOMUNICACIÓN, SONIDO E IMAGEN",ESCUELA POLITECNICA SUPERIOR DE GANDIA,100.0,2018,0.0,Excelente
2018-19,2502182,GRADO EN INGENIERÍA MECÁNICA,E. POLITÉCNICA SUPERIOR DE ALCOY,100.0,2018,0.0,Excelente
2018-19,2502182,GRADO EN INGENIERÍA MECÁNICA,E.T.S. DE INGENIERIA DEL DISEÑO,96.23,2018,3.769999999999996,Excelente
2018-19,2502405,GRADO EN INGENIERÍA DE OBRAS PÚBLICAS,"E.T.S.I. CAMINOS, CANALES Y PUERTOS",90.0,2018,10.0,Excelente
2018-19,2502407,GRADO EN INGENIERÍA DE TECNOLOGÍAS Y SERVICIOS DE TELECOMUNICACIÓN,E.T.S.I. DE TELECOMUNICACIÓN,100.0,2018,0.0,Excelente
2018-19,2502507,GRADO EN INGENIERÍA CIVIL,"E.T.S.I. CAMINOS, CANALES Y PUERTOS",85.45,2018,14.549999999999997,Muy buena
2018-19,2502660,GRADO EN INGENIERÍA DE LA ENERGÍA,E.T.S.I. INDUSTRIALES,90.0,2018,10.0,Excelente
2018-19,2503025,GRADO EN FUNDAMENTOS DE LA ARQUITECTURA,E.T.S. DE ARQUITECTURA,100.0,2018,0.0,Excelente
2018-19,4310279,MÁSTER UNIVERSITARIO EN COMPUTACIÓN EN LA NUBE Y DE ALTAS PRESTACIONES / CLOUD AND HIGH-PERFORMANCE COMPUTING,UNIDAD DE MÁSTERES UNIVERSITARIOS,100.0,2018,0.0,Excelente
2018-19,4310280,MÁSTER UNIVERSITARIO EN EDIFICACIÓN,E.T.S. DE INGENIERÍA DE EDIFICACIÓN,100.0,2018,0.0,Excelente
2018-19,4310282,MÁSTER UNIVERSITARIO EN INGENIERÍA ACÚSTICA,ESCUELA POLITECNICA SUPERIOR DE GANDIA,100.0,2018,0.0,Excelente
2018-19,4310284,MÁSTER UNIVERSITARIO EN INGENIERÍA DE COMPUTADORES Y REDES,UNIDAD DE MÁSTERES UNIVERSITARIOS,100.0,2018,0.0,Excelente
2018-19,4310286,MÁSTER UNIVERSITARIO EN MÚSICA,FACULTAD DE BELLAS ARTES,100.0,2018,0.0,Excelente
2018-19,4310287,MÁSTER UNIVERSITARIO EN PRODUCCIÓN ANIMAL,UNIDAD DE MÁSTERES UNIVERSITARIOS,100.0,2018,0.0,Excelente
2018-19,4310288,"MÁSTER UNIVERSITARIO EN TRANSPORTE, TERRITORIO Y URBANISMO","E.T.S.I. CAMINOS, CANALES Y PUERTOS",85.71,2018,14.290000000000006,Muy buena
2018-19,4310468,MÁSTER UNIVERSITARIO EN SANIDAD Y PRODUCCIÓN VEGETAL,UNIDAD DE MÁSTERES UNIVERSITARIOS,100.0,2018,0.0,Excelente
2018-19,4310569,"MÁSTER UNIVERSITARIO EN INGENIERÍA AVANZADA DE PRODUCCIÓN, LOGÍSTICA Y CADENA DE SUMINISTRO",E.T.S.I. INDUSTRIALES,100.0,2018,0.0,Excelente
2018-19,4310809,MÁSTER UNIVERSITARIO EN ARTES VISUALES Y MULTIMEDIA,UNIDAD DE MÁSTERES UNIVERSITARIOS,100.0,2018,0.0,Excelente
2018-19,4310811,MÁSTER UNIVERSITARIO EN SEGURIDAD INDUSTRIAL Y MEDIO AMBIENTE,UNIDAD DE MÁSTERES UNIVERSITARIOS,100.0,2018,0.0,Excelente
2018-19,4310813,"MÁSTER UNIVERSITARIO EN GESTIÓN DE EMPRESAS, PRODUCTOS Y SERVICIOS",FACULTAD DE ADMINISTRACIÓN Y DIRECCIÓN DE EMPRESAS,66.67,2018,33.33,Media
2018-19,4310814,MÁSTER UNIVERSITARIO EN DIRECCIÓN FINANCIERA Y FISCAL,FACULTAD DE ADMINISTRACIÓN Y DIRECCIÓN DE EMPRESAS,100.0,2018,0.0,Excelente
2018-19,4310874,MÁSTER UNIVERSITARIO EN CONTENIDOS Y ASPECTOS LEGALES EN LA SOCIEDAD DE LA INFORMACIÓN,ESCUELA POLITECNICA SUPERIOR DE GANDIA,66.67,2018,33.33,Media
2018-19,4310898,MÁSTER UNIVERSITARIO EN DIRECCIÓN Y GESTIÓN DE PROYECTOS,E.T.S.I. INDUSTRIALES,100.0,2018,0.0,Excelente
2018-19,4310960,MÁSTER UNIVERSITARIO EN GESTIÓN CULTURAL,UNIDAD DE MÁSTERES UNIVERSITARIOS,75.0,2018,25.0,Buena
2018-19,4310963,"MÁSTER UNIVERSITARIO EN ARQUITECTURA AVANZADA, PAISAJE, URBANISMO Y DISEÑO",E.T.S. DE ARQUITECTURA,92.31,2018,7.689999999999998,Excelente
2018-19,4310964,MÁSTER UNIVERSITARIO EN AUTOMÁTICA E INFORMÁTICA INDUSTRIAL,UNIDAD DE MÁSTERES UNIVERSITARIOS,85.71,2018,14.290000000000006,Muy buena
2018-19,4310965,MÁSTER UNIVERSITARIO EN CIENCIA E INGENIERÍA DE LOS ALIMENTOS,E.T.S.I. AGRONÓMICA Y DEL MEDIO NATURAL,100.0,2018,0.0,Excelente
2018-19,4310966,MÁSTER UNIVERSITARIO EN CONSERVACIÓN DEL PATRIMONIO ARQUITECTÓNICO,E.T.S. DE ARQUITECTURA,88.0,2018,12.0,Muy buena
2018-19,4310967,MÁSTER UNIVERSITARIO EN CONSERVACIÓN Y RESTAURACIÓN DE BIENES CULTURALES,UNIDAD DE MÁSTERES UNIVERSITARIOS,94.74,2018,5.260000000000005,Excelente
2018-19,4310968,MÁSTER UNIVERSITARIO EN CONSTRUCCIONES E INSTALACIONES INDUSTRIALES,E.T.S.I. INDUSTRIALES,100.0,2018,0.0,Excelente
2018-19,4310969,MÁSTER UNIVERSITARIO EN DISEÑO Y FABRICACIÓN INTEGRADA ASISTIDOS POR COMPUTADOR,E.T.S. DE INGENIERIA DEL DISEÑO,80.0,2018,20.0,Muy buena
2018-19,4310971,MÁSTER UNIVERSITARIO EN INGENIERÍA DE SISTEMAS ELECTRÓNICOS,E.T.S.I. DE TELECOMUNICACIÓN,100.0,2018,0.0,Excelente
2018-19,4310972,MÁSTER UNIVERSITARIO EN INGENIERÍA Y TECNOLOGÍA DE SISTEMAS SOFTWARE,UNIDAD DE MÁSTERES UNIVERSITARIOS,100.0,2018,0.0,Excelente
2018-19,4310973,MÁSTER UNIVERSITARIO EN INGENIERÍA DEL DISEÑO,E.T.S. DE INGENIERIA DEL DISEÑO,90.91,2018,9.090000000000003,Excelente
2018-19,4310974,MÁSTER UNIVERSITARIO EN INGENIERÍA DEL HORMIGÓN,UNIDAD DE MÁSTERES UNIVERSITARIOS,100.0,2018,0.0,Excelente
2018-19,4310975,MÁSTER UNIVERSITARIO EN INGENIERÍA DEL MANTENIMIENTO,E.T.S. DE INGENIERIA DEL DISEÑO,100.0,2018,0.0,Excelente
2018-19,4310976,MÁSTER UNIVERSITARIO EN PLANIFICACIÓN Y GESTIÓN EN INGENIERÍA CIVIL,"E.T.S.I. CAMINOS, CANALES Y PUERTOS",80.0,2018,20.0,Muy buena
2018-19,4310977,MÁSTER UNIVERSITARIO EN INGENIERÍA HIDRÁULICA Y MEDIO AMBIENTE,UNIDAD DE MÁSTERES UNIVERSITARIOS,77.78,2018,22.22,Buena
2018-19,4310978,MÁSTER UNIVERSITARIO EN INGENIERÍA MECÁNICA,UNIDAD DE MÁSTERES UNIVERSITARIOS,100.0,2018,0.0,Excelente
2018-19,4310979,"MÁSTER UNIVERSITARIO EN INTELIGENCIA ARTIFICIAL, RECONOCIMIENTO DE FORMAS E IMAGEN DIGITAL",UNIDAD DE MÁSTERES UNIVERSITARIOS,100.0,2018,0.0,Excelente
2018-19,4310981,MÁSTER UNIVERSITARIO EN TECNOLOGÍA ENERGÉTICA PARA DESARROLLO SOSTENIBLE,E.T.S.I. INDUSTRIALES,100.0,2018,0.0,Excelente
2018-19,4310982,"MÁSTER UNIVERSITARIO EN TECNOLOGÍAS, SISTEMAS Y REDES DE COMUNICACIONES",E.T.S.I. DE TELECOMUNICACIÓN,75.0,2018,25.0,Buena
2018-19,4311602,MÁSTER UNIVERSITARIO EN BIOTECNOLOGÍA BIOMÉDICA,UNIDAD DE MÁSTERES UNIVERSITARIOS,57.14,2018,42.86,Baja
2018-19,4311603,MÁSTER UNIVERSITARIO EN BIOTECNOLOGÍA MOLECULAR Y CELULAR DE PLANTAS,UNIDAD DE MÁSTERES UNIVERSITARIOS,100.0,2018,0.0,Excelente
2018-19,4311604,MÁSTER UNIVERSITARIO EN ECONOMÍA AGROALIMENTARIA Y DEL MEDIO AMBIENTE,UNIDAD DE MÁSTERES UNIVERSITARIOS,75.0,2018,25.0,Buena
2018-19,4311605,MÁSTER UNIVERSITARIO EN GESTIÓN DE LA SEGURIDAD Y CALIDAD ALIMENTARIA,E.T.S.I. AGRONÓMICA Y DEL MEDIO NATURAL,100.0,2018,0.0,Excelente
2018-19,4311606,"MÁSTER UNIVERSITARIO EN INGENIERÍA DE ANÁLISIS DE DATOS, MEJORA DE PROCESOS Y TOMA DE DECISIONES",UNIDAD DE MÁSTERES UNIVERSITARIOS,75.0,2018,25.0,Buena
2018-19,4311611,MÁSTER UNIVERSITARIO EN MEJORA GENÉTICA VEGETAL,UNIDAD DE MÁSTERES UNIVERSITARIOS,80.0,2018,20.0,Muy buena
2018-19,4311612,MÁSTER UNIVERSITARIO EN POSTPRODUCCIÓN DIGITAL,ESCUELA POLITECNICA SUPERIOR DE GANDIA,100.0,2018,0.0,Excelente
2018-19,4311613,MÁSTER UNIVERSITARIO EN PREVENCIÓN DE RIESGOS LABORALES,UNIDAD DE MÁSTERES UNIVERSITARIOS,100.0,2018,0.0,Excelente
2018-19,4311614,MÁSTER UNIVERSITARIO EN PRODUCCIÓN ARTÍSTICA,FACULTAD DE BELLAS ARTES,80.0,2018,20.0,Muy buena
2018-19,4311725,MÁSTER UNIVERSITARIO EN COOPERACIÓN AL DESARROLLO,UNIDAD DE MÁSTERES UNIVERSITARIOS,75.0,2018,25.0,Buena
2018-19,4311726,MÁSTER UNIVERSITARIO EN INGENIERÍA AMBIENTAL,"E.T.S.I. CAMINOS, CANALES Y PUERTOS",87.5,2018,12.5,Muy buena
2018-19,4312033,MÁSTER UNIVERSITARIO EN ACUICULTURA,UNIDAD DE MÁSTERES UNIVERSITARIOS,100.0,2018,0.0,Excelente
2018-19,4312991,MÁSTER UNIVERSITARIO EN EVALUACIÓN Y SEGUIMIENTO AMBIENTAL DE ECOSISTEMAS MARINOS Y COSTEROS,ESCUELA POLITECNICA SUPERIOR DE GANDIA,100.0,2018,0.0,Excelente
2018-19,4312992,MÁSTER UNIVERSITARIO EN SENSORES PARA APLICACIONES INDUSTRIALES,E.T.S. DE INGENIERIA DEL DISEÑO,50.0,2018,50.0,Baja
2018-19,4313503,MÁSTER UNIVERSITARIO EN GESTIÓN DE LA INFORMACIÓN,E.T.S. DE INGENIERÍA INFORMÁTICA,100.0,2018,0.0,Excelente
2018-19,4313930,MÁSTER UNIVERSITARIO EN INVESTIGACIÓN MATEMÁTICA,UNIDAD DE MÁSTERES UNIVERSITARIOS,100.0,2018,0.0,Excelente
2018-19,4314065,"MÁSTER UNIVERSITARIO EN INGENIERÍA, PROCESADO Y CARACTERIZACIÓN DE MATERIALES",E. POLITÉCNICA SUPERIOR DE ALCOY,100.0,2018,0.0,Excelente
2018-19,4314067,MÁSTER UNIVERSITARIO EN INGENIERÍA MECATRÓNICA,E.T.S. DE INGENIERIA DEL DISEÑO,100.0,2018,0.0,Excelente
2018-19,4314071,MÁSTER UNIVERSITARIO EN INGENIERÍA DE ORGANIZACIÓN Y LOGÍSTICA,E. POLITÉCNICA SUPERIOR DE ALCOY,66.67,2018,33.33,Media
2018-19,4315002,MÁSTER UNIVERSITARIO EN INGENIERÍA TEXTIL,E. POLITÉCNICA SUPERIOR DE ALCOY,100.0,2018,0.0,Excelente
2019-20,2500739,GRADO EN ARQUITECTURA TÉCNICA,E.T.S. DE INGENIERÍA DE EDIFICACIÓN,88.57,2019,11.430000000000007,Muy buena
2019-20,2500801,GRADO EN CIENCIAS AMBIENTALES,ESCUELA POLITECNICA SUPERIOR DE GANDIA,87.5,2019,12.5,Muy buena
2019-20,2501354,GRADO EN COMUNICACIÓN AUDIOVISUAL,ESCUELA POLITECNICA SUPERIOR DE GANDIA,76.0,2019,24.0,Buena
2019-20,2501355,GRADO EN TURISMO,ESCUELA POLITECNICA SUPERIOR DE GANDIA,68.75,2019,31.25,Media
2019-20,2501356,GRADO EN INGENIERÍA EN DISEÑO INDUSTRIAL Y DESARROLLO DE PRODUCTOS,E. POLITÉCNICA SUPERIOR DE ALCOY,83.33,2019,16.67,Muy buena
2019-20,2501356,GRADO EN INGENIERÍA EN DISEÑO INDUSTRIAL Y DESARROLLO DE PRODUCTOS,E.T.S. DE INGENIERIA DEL DISEÑO,85.94,2019,14.060000000000002,Muy buena
2019-20,2501484,GRADO EN BELLAS ARTES,FACULTAD DE BELLAS ARTES,70.54,2019,29.459999999999994,Buena
2019-20,2501485,GRADO EN CONSERVACIÓN Y RESTAURACIÓN DE BIENES CULTURALES,FACULTAD DE BELLAS ARTES,61.54,2019,38.46,Media
2019-20,2501486,GRADO EN GESTIÓN Y ADMINISTRACIÓN PÚBLICA,FACULTAD DE ADMINISTRACIÓN Y DIRECCIÓN DE EMPRESAS,96.43,2019,3.569999999999993,Excelente
2019-20,2501649,GRADO EN BIOTECNOLOGÍA,E.T.S.I. AGRONÓMICA Y DEL MEDIO NATURAL,91.11,2019,8.89,Excelente
2019-20,2501650,GRADO EN CIENCIA Y TECNOLOGÍA DE LOS ALIMENTOS,E.T.S.I. AGRONÓMICA Y DEL MEDIO NATURAL,95.65,2019,4.349999999999994,Excelente
2019-20,2501651,GRADO EN ADMINISTRACIÓN Y DIRECCIÓN DE EMPRESAS,E. POLITÉCNICA SUPERIOR DE ALCOY,76.19,2019,23.810000000000002,Buena
2019-20,2501651,GRADO EN ADMINISTRACIÓN Y DIRECCIÓN DE EMPRESAS,FACULTAD DE ADMINISTRACIÓN Y DIRECCIÓN DE EMPRESAS,95.12,2019,4.8799999999999955,Excelente
2019-20,2501653,GRADO EN INGENIERÍA AEROESPACIAL,E.T.S. DE INGENIERIA DEL DISEÑO,85.29,2019,14.709999999999994,Muy buena
2019-20,2501654,GRADO EN INGENIERÍA AGROALIMENTARIA Y DEL MEDIO RURAL,E.T.S.I. AGRONÓMICA Y DEL MEDIO NATURAL,91.89,2019,8.11,Excelente
2019-20,2501655,GRADO EN INGENIERÍA ELÉCTRICA,E. POLITÉCNICA SUPERIOR DE ALCOY,100.0,2019,0.0,Excelente
2019-20,2501655,GRADO EN INGENIERÍA ELÉCTRICA,E.T.S. DE INGENIERIA DEL DISEÑO,93.33,2019,6.670000000000002,Excelente
2019-20,2501656,GRADO EN INGENIERÍA ELECTRÓNICA INDUSTRIAL Y AUTOMÁTICA,E.T.S. DE INGENIERIA DEL DISEÑO,96.43,2019,3.569999999999993,Excelente
2019-20,2501657,GRADO EN INGENIERÍA GEOMÁTICA Y TOPOGRAFÍA,"E.T.S.I. GEODESICA, CARTOGRAFICA Y TOP.",95.0,2019,5.0,Excelente
2019-20,2501658,GRADO EN INGENIERÍA DE ORGANIZACIÓN INDUSTRIAL,E.T.S.I. INDUSTRIALES,91.67,2019,8.329999999999998,Excelente
2019-20,2501659,GRADO EN INGENIERÍA EN TECNOLOGÍAS INDUSTRIALES,E.T.S.I. INDUSTRIALES,97.83,2019,2.1700000000000017,Excelente
2019-20,2501660,GRADO EN INGENIERÍA FORESTAL Y DEL MEDIO NATURAL,E.T.S.I. AGRONÓMICA Y DEL MEDIO NATURAL,76.92,2019,23.08,Buena
2019-20,2501661,GRADO EN INGENIERÍA INFORMÁTICA,E. POLITÉCNICA SUPERIOR DE ALCOY,100.0,2019,0.0,Excelente
2019-20,2501661,GRADO EN INGENIERÍA INFORMÁTICA,E.T.S. DE INGENIERÍA INFORMÁTICA,95.33,2019,4.670000000000002,Excelente
2019-20,2501662,GRADO EN INGENIERÍA QUÍMICA,E. POLITÉCNICA SUPERIOR DE ALCOY,100.0,2019,0.0,Excelente
2019-20,2501662,GRADO EN INGENIERÍA QUÍMICA,E.T.S.I. INDUSTRIALES,93.1,2019,6.900000000000006,Excelente
2019-20,2501663,"GRADO EN INGENIERÍA DE SISTEMAS DE TELECOMUNICACIÓN, SONIDO E IMAGEN",ESCUELA POLITECNICA SUPERIOR DE GANDIA,95.0,2019,5.0,Excelente
2019-20,2502182,GRADO EN INGENIERÍA MECÁNICA,E. POLITÉCNICA SUPERIOR DE ALCOY,93.75,2019,6.25,Excelente
2019-20,2502182,GRADO EN INGENIERÍA MECÁNICA,E.T.S. DE INGENIERIA DEL DISEÑO,97.22,2019,2.780000000000001,Excelente
2019-20,2502405,GRADO EN INGENIERÍA DE OBRAS PÚBLICAS,"E.T.S.I. CAMINOS, CANALES Y PUERTOS",86.36,2019,13.64,Muy buena
2019-20,2502407,GRADO EN INGENIERÍA DE TECNOLOGÍAS Y SERVICIOS DE TELECOMUNICACIÓN,E.T.S.I. DE TELECOMUNICACIÓN,96.0,2019,4.0,Excelente
2019-20,2502507,GRADO EN INGENIERÍA CIVIL,"E.T.S.I. CAMINOS, CANALES Y PUERTOS",92.98,2019,7.019999999999996,Excelente
2019-20,2502660,GRADO EN INGENIERÍA DE LA ENERGÍA,E.T.S.I. INDUSTRIALES,100.0,2019,0.0,Excelente
2019-20,2502731,GRADO EN INGENIERÍA BIOMÉDICA,E.T.S.I. INDUSTRIALES,100.0,2019,0.0,Excelente
2019-20,2503025,GRADO EN FUNDAMENTOS DE LA ARQUITECTURA,E.T.S. DE ARQUITECTURA,88.46,2019,11.540000000000006,Muy buena
2019-20,4310279,MÁSTER UNIVERSITARIO EN COMPUTACIÓN EN LA NUBE Y DE ALTAS PRESTACIONES / CLOUD AND HIGH-PERFORMANCE COMPUTING,UNIDAD DE MÁSTERES UNIVERSITARIOS,100.0,2019,0.0,Excelente
2019-20,4310280,MÁSTER UNIVERSITARIO EN EDIFICACIÓN,E.T.S. DE INGENIERÍA DE EDIFICACIÓN,100.0,2019,0.0,Excelente
2019-20,4310282,MÁSTER UNIVERSITARIO EN INGENIERÍA ACÚSTICA,ESCUELA POLITECNICA SUPERIOR DE GANDIA,100.0,2019,0.0,Excelente
2019-20,4310284,MÁSTER UNIVERSITARIO EN INGENIERÍA DE COMPUTADORES Y REDES,UNIDAD DE MÁSTERES UNIVERSITARIOS,100.0,2019,0.0,Excelente
2019-20,4310286,MÁSTER UNIVERSITARIO EN MÚSICA,FACULTAD DE BELLAS ARTES,100.0,2019,0.0,Excelente
2019-20,4310287,MÁSTER UNIVERSITARIO EN PRODUCCIÓN ANIMAL,UNIDAD DE MÁSTERES UNIVERSITARIOS,100.0,2019,0.0,Excelente
2019-20,4310288,"MÁSTER UNIVERSITARIO EN TRANSPORTE, TERRITORIO Y URBANISMO","E.T.S.I. CAMINOS, CANALES Y PUERTOS",100.0,2019,0.0,Excelente
2019-20,4310468,MÁSTER UNIVERSITARIO EN SANIDAD Y PRODUCCIÓN VEGETAL,UNIDAD DE MÁSTERES UNIVERSITARIOS,33.33,2019,66.67,Baja
2019-20,4310569,"MÁSTER UNIVERSITARIO EN INGENIERÍA AVANZADA DE PRODUCCIÓN, LOGÍSTICA Y CADENA DE SUMINISTRO",E.T.S.I. INDUSTRIALES,71.43,2019,28.569999999999993,Buena
2019-20,4310809,MÁSTER UNIVERSITARIO EN ARTES VISUALES Y MULTIMEDIA,UNIDAD DE MÁSTERES UNIVERSITARIOS,100.0,2019,0.0,Excelente
2019-20,4310811,MÁSTER UNIVERSITARIO EN SEGURIDAD INDUSTRIAL Y MEDIO AMBIENTE,UNIDAD DE MÁSTERES UNIVERSITARIOS,100.0,2019,0.0,Excelente
2019-20,4310813,"MÁSTER UNIVERSITARIO EN GESTIÓN DE EMPRESAS, PRODUCTOS Y SERVICIOS",FACULTAD DE ADMINISTRACIÓN Y DIRECCIÓN DE EMPRESAS,100.0,2019,0.0,Excelente
2019-20,4310814,MÁSTER UNIVERSITARIO EN DIRECCIÓN FINANCIERA Y FISCAL,FACULTAD DE ADMINISTRACIÓN Y DIRECCIÓN DE EMPRESAS,100.0,2019,0.0,Excelente
2019-20,4310898,MÁSTER UNIVERSITARIO EN DIRECCIÓN Y GESTIÓN DE PROYECTOS,E.T.S.I. INDUSTRIALES,100.0,2019,0.0,Excelente
2019-20,4310960,MÁSTER UNIVERSITARIO EN GESTIÓN CULTURAL,UNIDAD DE MÁSTERES UNIVERSITARIOS,80.0,2019,20.0,Muy buena
2019-20,4310963,"MÁSTER UNIVERSITARIO EN ARQUITECTURA AVANZADA, PAISAJE, URBANISMO Y DISEÑO",E.T.S. DE ARQUITECTURA,100.0,2019,0.0,Excelente
2019-20,4310964,MÁSTER UNIVERSITARIO EN AUTOMÁTICA E INFORMÁTICA INDUSTRIAL,UNIDAD DE MÁSTERES UNIVERSITARIOS,100.0,2019,0.0,Excelente
2019-20,4310965,MÁSTER UNIVERSITARIO EN CIENCIA E INGENIERÍA DE LOS ALIMENTOS,E.T.S.I. AGRONÓMICA Y DEL MEDIO NATURAL,84.62,2019,15.379999999999995,Muy buena
2019-20,4310966,MÁSTER UNIVERSITARIO EN CONSERVACIÓN DEL PATRIMONIO ARQUITECTÓNICO,E.T.S. DE ARQUITECTURA,100.0,2019,0.0,Excelente
2019-20,4310967,MÁSTER UNIVERSITARIO EN CONSERVACIÓN Y RESTAURACIÓN DE BIENES CULTURALES,UNIDAD DE MÁSTERES UNIVERSITARIOS,72.73,2019,27.269999999999996,Buena
2019-20,4310968,MÁSTER UNIVERSITARIO EN CONSTRUCCIONES E INSTALACIONES INDUSTRIALES,E.T.S.I. INDUSTRIALES,66.67,2019,33.33,Media
2019-20,4310969,MÁSTER UNIVERSITARIO EN DISEÑO Y FABRICACIÓN INTEGRADA ASISTIDOS POR COMPUTADOR,E.T.S. DE INGENIERIA DEL DISEÑO,83.33,2019,16.67,Muy buena
2019-20,4310971,MÁSTER UNIVERSITARIO EN INGENIERÍA DE SISTEMAS ELECTRÓNICOS,E.T.S.I. DE TELECOMUNICACIÓN,100.0,2019,0.0,Excelente
2019-20,4310972,MÁSTER UNIVERSITARIO EN INGENIERÍA Y TECNOLOGÍA DE SISTEMAS SOFTWARE,UNIDAD DE MÁSTERES UNIVERSITARIOS,100.0,2019,0.0,Excelente
2019-20,4310973,MÁSTER UNIVERSITARIO EN INGENIERÍA DEL DISEÑO,E.T.S. DE INGENIERIA DEL DISEÑO,100.0,2019,0.0,Excelente
2019-20,4310974,MÁSTER UNIVERSITARIO EN INGENIERÍA DEL HORMIGÓN,UNIDAD DE MÁSTERES UNIVERSITARIOS,100.0,2019,0.0,Excelente
2019-20,4310975,MÁSTER UNIVERSITARIO EN INGENIERÍA DEL MANTENIMIENTO,E.T.S. DE INGENIERIA DEL DISEÑO,84.62,2019,15.379999999999995,Muy buena
2019-20,4310976,MÁSTER UNIVERSITARIO EN PLANIFICACIÓN Y GESTIÓN EN INGENIERÍA CIVIL,"E.T.S.I. CAMINOS, CANALES Y PUERTOS",100.0,2019,0.0,Excelente
2019-20,4310977,MÁSTER UNIVERSITARIO EN INGENIERÍA HIDRÁULICA Y MEDIO AMBIENTE,UNIDAD DE MÁSTERES UNIVERSITARIOS,87.5,2019,12.5,Muy buena
2019-20,4310978,MÁSTER UNIVERSITARIO EN INGENIERÍA MECÁNICA,UNIDAD DE MÁSTERES UNIVERSITARIOS,100.0,2019,0.0,Excelente
2019-20,4310979,"MÁSTER UNIVERSITARIO EN INTELIGENCIA ARTIFICIAL, RECONOCIMIENTO DE FORMAS E IMAGEN DIGITAL",UNIDAD DE MÁSTERES UNIVERSITARIOS,100.0,2019,0.0,Excelente
2019-20,4310980,MÁSTER UNIVERSITARIO EN SISTEMAS PROPULSIVOS PARA UNA MOVILIDAD SOSTENIBLE,UNIDAD DE MÁSTERES UNIVERSITARIOS,100.0,2019,0.0,Excelente
2019-20,4310981,MÁSTER UNIVERSITARIO EN TECNOLOGÍA ENERGÉTICA PARA DESARROLLO SOSTENIBLE,E.T.S.I. INDUSTRIALES,100.0,2019,0.0,Excelente
2019-20,4310982,"MÁSTER UNIVERSITARIO EN TECNOLOGÍAS, SISTEMAS Y REDES DE COMUNICACIONES",E.T.S.I. DE TELECOMUNICACIÓN,100.0,2019,0.0,Excelente
2019-20,4311602,MÁSTER UNIVERSITARIO EN BIOTECNOLOGÍA BIOMÉDICA,UNIDAD DE MÁSTERES UNIVERSITARIOS,100.0,2019,0.0,Excelente
2019-20,4311603,MÁSTER UNIVERSITARIO EN BIOTECNOLOGÍA MOLECULAR Y CELULAR DE PLANTAS,UNIDAD DE MÁSTERES UNIVERSITARIOS,66.67,2019,33.33,Media
2019-20,4311604,MÁSTER UNIVERSITARIO EN ECONOMÍA AGROALIMENTARIA Y DEL MEDIO AMBIENTE,UNIDAD DE MÁSTERES UNIVERSITARIOS,50.0,2019,50.0,Baja
2019-20,4311605,MÁSTER UNIVERSITARIO EN GESTIÓN DE LA SEGURIDAD Y CALIDAD ALIMENTARIA,E.T.S.I. AGRONÓMICA Y DEL MEDIO NATURAL,88.89,2019,11.11,Muy buena
2019-20,4311606,"MÁSTER UNIVERSITARIO EN INGENIERÍA DE ANÁLISIS DE DATOS, MEJORA DE PROCESOS Y TOMA DE DECISIONES",UNIDAD DE MÁSTERES UNIVERSITARIOS,100.0,2019,0.0,Excelente
2019-20,4311609,MÁSTER UNIVERSITARIO EN LENGUAS Y TECNOLOGÍA,UNIDAD DE MÁSTERES UNIVERSITARIOS,50.0,2019,50.0,Baja
2019-20,4311610,MÁSTER UNIVERSITARIO EN MEJORA GENÉTICA ANIMAL Y BIOTECNOLOGÍA DE LA REPRODUCCIÓN,UNIDAD DE MÁSTERES UNIVERSITARIOS,50.0,2019,50.0,Baja
2019-20,4311612,MÁSTER UNIVERSITARIO EN POSTPRODUCCIÓN DIGITAL,ESCUELA POLITECNICA SUPERIOR DE GANDIA,81.82,2019,18.180000000000007,Muy buena
2019-20,4311613,MÁSTER UNIVERSITARIO EN PREVENCIÓN DE RIESGOS LABORALES,UNIDAD DE MÁSTERES UNIVERSITARIOS,100.0,2019,0.0,Excelente
2019-20,4311614,MÁSTER UNIVERSITARIO EN PRODUCCIÓN ARTÍSTICA,FACULTAD DE BELLAS ARTES,61.54,2019,38.46,Media
2019-20,4311725,MÁSTER UNIVERSITARIO EN COOPERACIÓN AL DESARROLLO,UNIDAD DE MÁSTERES UNIVERSITARIOS,100.0,2019,0.0,Excelente
2019-20,4311726,MÁSTER UNIVERSITARIO EN INGENIERÍA AMBIENTAL,"E.T.S.I. CAMINOS, CANALES Y PUERTOS",100.0,2019,0.0,Excelente
2019-20,4312033,MÁSTER UNIVERSITARIO EN ACUICULTURA,UNIDAD DE MÁSTERES UNIVERSITARIOS,100.0,2019,0.0,Excelente
2019-20,4312991,MÁSTER UNIVERSITARIO EN EVALUACIÓN Y SEGUIMIENTO AMBIENTAL DE ECOSISTEMAS MARINOS Y COSTEROS,ESCUELA POLITECNICA SUPERIOR DE GANDIA,66.67,2019,33.33,Media
2019-20,4312992,MÁSTER UNIVERSITARIO EN SENSORES PARA APLICACIONES INDUSTRIALES,E.T.S. DE INGENIERIA DEL DISEÑO,100.0,2019,0.0,Excelente
2019-20,4313503,MÁSTER UNIVERSITARIO EN GESTIÓN DE LA INFORMACIÓN,E.T.S. DE INGENIERÍA INFORMÁTICA,83.33,2019,16.67,Muy buena
2019-20,4313930,MÁSTER UNIVERSITARIO EN INVESTIGACIÓN MATEMÁTICA,UNIDAD DE MÁSTERES UNIVERSITARIOS,0.0,2019,100.0,Baja
2019-20,4314065,"MÁSTER UNIVERSITARIO EN INGENIERÍA, PROCESADO Y CARACTERIZACIÓN DE MATERIALES",E. POLITÉCNICA SUPERIOR DE ALCOY,75.0,2019,25.0,Buena
2019-20,4314067,MÁSTER UNIVERSITARIO EN INGENIERÍA MECATRÓNICA,E.T.S. DE INGENIERIA DEL DISEÑO,100.0,2019,0.0,Excelente
2019-20,4314071,MÁSTER UNIVERSITARIO EN INGENIERÍA DE ORGANIZACIÓN Y LOGÍSTICA,E. POLITÉCNICA SUPERIOR DE ALCOY,100.0,2019,0.0,Excelente
2019-20,4314473,MÁSTER UNIVERSITARIO EN INGENIERÍA DE MONTES,E.T.S.I. AGRONÓMICA Y DEL MEDIO NATURAL,100.0,2019,0.0,Excelente
2019-20,4314518,MÁSTER UNIVERSITARIO EN INGENIERÍA DE TELECOMUNICACIÓN,E.T.S.I. DE TELECOMUNICACIÓN,100.0,2019,0.0,Excelente
2019-20,4314521,MÁSTER UNIVERSITARIO EN INGENIERÍA AERONÁUTICA,E.T.S. DE INGENIERIA DEL DISEÑO,100.0,2019,0.0,Excelente
2019-20,4314523,MÁSTER UNIVERSITARIO EN INGENIERÍA QUÍMICA,E.T.S.I. INDUSTRIALES,75.0,2019,25.0,Buena
2019-20,4314524,MÁSTER UNIVERSITARIO EN INGENIERÍA INDUSTRIAL,E.T.S.I. INDUSTRIALES,94.44,2019,5.560000000000002,Excelente
2019-20,4314526,MÁSTER UNIVERSITARIO EN INGENIERÍA INFORMÁTICA,E.T.S. DE INGENIERÍA INFORMÁTICA,100.0,2019,0.0,Excelente
2019-20,4314528,MÁSTER UNIVERSITARIO EN ENOLOGÍA,E.T.S.I. AGRONÓMICA Y DEL MEDIO NATURAL,100.0,2019,0.0,Excelente
2019-20,4314529,MÁSTER UNIVERSITARIO EN INGENIERÍA AGRONÓMICA,E.T.S.I. AGRONÓMICA Y DEL MEDIO NATURAL,80.0,2019,20.0,Muy buena
2019-20,4314646,MÁSTER UNIVERSITARIO EN INGENIERÍA GEOMÁTICA Y GEOINFORMACIÓN,"E.T.S.I. GEODESICA, CARTOGRAFICA Y TOP.",100.0,2019,0.0,Excelente
2019-20,4314647,"MÁSTER UNIVERSITARIO EN INGENIERÍA DE CAMINOS, CANALES Y PUERTOS","E.T.S.I. CAMINOS, CANALES Y PUERTOS",80.95,2019,19.049999999999997,Muy buena
2019-20,4314825,MÁSTER UNIVERSITARIO EN DIRECCIÓN DE EMPRESAS (MBA),E. POLITÉCNICA SUPERIOR DE ALCOY,100.0,2019,0.0,Excelente
2019-20,4315002,MÁSTER UNIVERSITARIO EN INGENIERÍA TEXTIL,E. POLITÉCNICA SUPERIOR DE ALCOY,0.0,2019,100.0,Baja
2019-20,4315070,MÁSTER UNIVERSITARIO EN ARQUITECTURA,E.T.S. DE ARQUITECTURA,100.0,2019,0.0,Excelente
2020-21,2500739,GRADO EN ARQUITECTURA TÉCNICA,E.T.S. DE INGENIERÍA DE EDIFICACIÓN,83.64,2020,16.36,Muy buena
2020-21,2500801,GRADO EN CIENCIAS AMBIENTALES,ESCUELA POLITECNICA SUPERIOR DE GANDIA,75.0,2020,25.0,Buena
2020-21,2501354,GRADO EN COMUNICACIÓN AUDIOVISUAL,ESCUELA POLITECNICA SUPERIOR DE GANDIA,70.0,2020,30.0,Buena
2020-21,2501355,GRADO EN TURISMO,ESCUELA POLITECNICA SUPERIOR DE GANDIA,72.73,2020,27.269999999999996,Buena
2020-21,2501356,GRADO EN INGENIERÍA EN DISEÑO INDUSTRIAL Y DESARROLLO DE PRODUCTOS,E. POLITÉCNICA SUPERIOR DE ALCOY,90.48,2020,9.519999999999996,Excelente
2020-21,2501356,GRADO EN INGENIERÍA EN DISEÑO INDUSTRIAL Y DESARROLLO DE PRODUCTOS,E.T.S. DE INGENIERIA DEL DISEÑO,87.3,2020,12.700000000000003,Muy buena
2020-21,2501484,GRADO EN BELLAS ARTES,FACULTAD DE BELLAS ARTES,73.12,2020,26.879999999999995,Buena
2020-21,2501485,GRADO EN CONSERVACIÓN Y RESTAURACIÓN DE BIENES CULTURALES,FACULTAD DE BELLAS ARTES,67.86,2020,32.14,Media
2020-21,2501486,GRADO EN GESTIÓN Y ADMINISTRACIÓN PÚBLICA,FACULTAD DE ADMINISTRACIÓN Y DIRECCIÓN DE EMPRESAS,81.82,2020,18.180000000000007,Muy buena
2020-21,2501649,GRADO EN BIOTECNOLOGÍA,E.T.S.I. AGRONÓMICA Y DEL MEDIO NATURAL,100.0,2020,0.0,Excelente
2020-21,2501650,GRADO EN CIENCIA Y TECNOLOGÍA DE LOS ALIMENTOS,E.T.S.I. AGRONÓMICA Y DEL MEDIO NATURAL,95.45,2020,4.549999999999997,Excelente
2020-21,2501651,GRADO EN ADMINISTRACIÓN Y DIRECCIÓN DE EMPRESAS,E. POLITÉCNICA SUPERIOR DE ALCOY,92.0,2020,8.0,Excelente
2020-21,2501651,GRADO EN ADMINISTRACIÓN Y DIRECCIÓN DE EMPRESAS,FACULTAD DE ADMINISTRACIÓN Y DIRECCIÓN DE EMPRESAS,100.0,2020,0.0,Excelente
2020-21,2501653,GRADO EN INGENIERÍA AEROESPACIAL,E.T.S. DE INGENIERIA DEL DISEÑO,100.0,2020,0.0,Excelente
2020-21,2501654,GRADO EN INGENIERÍA AGROALIMENTARIA Y DEL MEDIO RURAL,E.T.S.I. AGRONÓMICA Y DEL MEDIO NATURAL,85.37,2020,14.629999999999995,Muy buena
2020-21,2501655,GRADO EN INGENIERÍA ELÉCTRICA,E. POLITÉCNICA SUPERIOR DE ALCOY,100.0,2020,0.0,Excelente
2020-21,2501655,GRADO EN INGENIERÍA ELÉCTRICA,E.T.S. DE INGENIERIA DEL DISEÑO,90.91,2020,9.090000000000003,Excelente
2020-21,2501656,GRADO EN INGENIERÍA ELECTRÓNICA INDUSTRIAL Y AUTOMÁTICA,E.T.S. DE INGENIERIA DEL DISEÑO,100.0,2020,0.0,Excelente
2020-21,2501657,GRADO EN INGENIERÍA GEOMÁTICA Y TOPOGRAFÍA,"E.T.S.I. GEODESICA, CARTOGRAFICA Y TOP.",94.44,2020,5.560000000000002,Excelente
2020-21,2501658,GRADO EN INGENIERÍA DE ORGANIZACIÓN INDUSTRIAL,E.T.S.I. INDUSTRIALES,100.0,2020,0.0,Excelente
2020-21,2501659,GRADO EN INGENIERÍA EN TECNOLOGÍAS INDUSTRIALES,E.T.S.I. INDUSTRIALES,92.78,2020,7.219999999999999,Excelente
2020-21,2501660,GRADO EN INGENIERÍA FORESTAL Y DEL MEDIO NATURAL,E.T.S.I. AGRONÓMICA Y DEL MEDIO NATURAL,93.33,2020,6.670000000000002,Excelente
2020-21,2501661,GRADO EN INGENIERÍA INFORMÁTICA,E. POLITÉCNICA SUPERIOR DE ALCOY,66.67,2020,33.33,Media
2020-21,2501661,GRADO EN INGENIERÍA INFORMÁTICA,E.T.S. DE INGENIERÍA INFORMÁTICA,94.51,2020,5.489999999999995,Excelente
2020-21,2501662,GRADO EN INGENIERÍA QUÍMICA,E. POLITÉCNICA SUPERIOR DE ALCOY,80.0,2020,20.0,Muy buena
2020-21,2501662,GRADO EN INGENIERÍA QUÍMICA,E.T.S.I. INDUSTRIALES,91.67,2020,8.329999999999998,Excelente
2020-21,2501663,"GRADO EN INGENIERÍA DE SISTEMAS DE TELECOMUNICACIÓN, SONIDO E IMAGEN",ESCUELA POLITECNICA SUPERIOR DE GANDIA,100.0,2020,0.0,Excelente
2020-21,2502182,GRADO EN INGENIERÍA MECÁNICA,E. POLITÉCNICA SUPERIOR DE ALCOY,88.0,2020,12.0,Muy buena
2020-21,2502182,GRADO EN INGENIERÍA MECÁNICA,E.T.S. DE INGENIERIA DEL DISEÑO,97.1,2020,2.9000000000000057,Excelente
2020-21,2502405,GRADO EN INGENIERÍA DE OBRAS PÚBLICAS,"E.T.S.I. CAMINOS, CANALES Y PUERTOS",81.58,2020,18.42,Muy buena
2020-21,2502407,GRADO EN INGENIERÍA DE TECNOLOGÍAS Y SERVICIOS DE TELECOMUNICACIÓN,E.T.S.I. DE TELECOMUNICACIÓN,95.74,2020,4.260000000000005,Excelente
2020-21,2502507,GRADO EN INGENIERÍA CIVIL,"E.T.S.I. CAMINOS, CANALES Y PUERTOS",96.97,2020,3.030000000000001,Excelente
2020-21,2502660,GRADO EN INGENIERÍA DE LA ENERGÍA,E.T.S.I. INDUSTRIALES,91.67,2020,8.329999999999998,Excelente
2020-21,2502731,GRADO EN INGENIERÍA BIOMÉDICA,E.T.S.I. INDUSTRIALES,100.0,2020,0.0,Excelente
2020-21,2503025,GRADO EN FUNDAMENTOS DE LA ARQUITECTURA,E.T.S. DE ARQUITECTURA,98.72,2020,1.2800000000000011,Excelente
2020-21,4310280,MÁSTER UNIVERSITARIO EN EDIFICACIÓN,E.T.S. DE INGENIERÍA DE EDIFICACIÓN,75.0,2020,25.0,Buena
2020-21,4310282,MÁSTER UNIVERSITARIO EN INGENIERÍA ACÚSTICA,ESCUELA POLITECNICA SUPERIOR DE GANDIA,100.0,2020,0.0,Excelente
2020-21,4310284,MÁSTER UNIVERSITARIO EN INGENIERÍA DE COMPUTADORES Y REDES,UNIDAD DE MÁSTERES UNIVERSITARIOS,100.0,2020,0.0,Excelente
2020-21,4310288,"MÁSTER UNIVERSITARIO EN TRANSPORTE, TERRITORIO Y URBANISMO","E.T.S.I. CAMINOS, CANALES Y PUERTOS",100.0,2020,0.0,Excelente
2020-21,4310468,MÁSTER UNIVERSITARIO EN SANIDAD Y PRODUCCIÓN VEGETAL,UNIDAD DE MÁSTERES UNIVERSITARIOS,100.0,2020,0.0,Excelente
2020-21,4310569,"MÁSTER UNIVERSITARIO EN INGENIERÍA AVANZADA DE PRODUCCIÓN, LOGÍSTICA Y CADENA DE SUMINISTRO",E.T.S.I. INDUSTRIALES,100.0,2020,0.0,Excelente
2020-21,4310809,MÁSTER UNIVERSITARIO EN ARTES VISUALES Y MULTIMEDIA,UNIDAD DE MÁSTERES UNIVERSITARIOS,60.0,2020,40.0,Media
2020-21,4310811,MÁSTER UNIVERSITARIO EN SEGURIDAD INDUSTRIAL Y MEDIO AMBIENTE,UNIDAD DE MÁSTERES UNIVERSITARIOS,50.0,2020,50.0,Baja
2020-21,4310813,"MÁSTER UNIVERSITARIO EN GESTIÓN DE EMPRESAS, PRODUCTOS Y SERVICIOS",FACULTAD DE ADMINISTRACIÓN Y DIRECCIÓN DE EMPRESAS,100.0,2020,0.0,Excelente
2020-21,4310814,MÁSTER UNIVERSITARIO EN DIRECCIÓN FINANCIERA Y FISCAL,FACULTAD DE ADMINISTRACIÓN Y DIRECCIÓN DE EMPRESAS,87.5,2020,12.5,Muy buena
2020-21,4310898,MÁSTER UNIVERSITARIO EN DIRECCIÓN Y GESTIÓN DE PROYECTOS,E.T.S.I. INDUSTRIALES,100.0,2020,0.0,Excelente
2020-21,4310960,MÁSTER UNIVERSITARIO EN GESTIÓN CULTURAL,UNIDAD DE MÁSTERES UNIVERSITARIOS,75.0,2020,25.0,Buena
2020-21,4310963,"MÁSTER UNIVERSITARIO EN ARQUITECTURA AVANZADA, PAISAJE, URBANISMO Y DISEÑO",E.T.S. DE ARQUITECTURA,100.0,2020,0.0,Excelente
2020-21,4310964,MÁSTER UNIVERSITARIO EN AUTOMÁTICA E INFORMÁTICA INDUSTRIAL,UNIDAD DE MÁSTERES UNIVERSITARIOS,100.0,2020,0.0,Excelente
2020-21,4310965,MÁSTER UNIVERSITARIO EN CIENCIA E INGENIERÍA DE LOS ALIMENTOS,E.T.S.I. AGRONÓMICA Y DEL MEDIO NATURAL,87.5,2020,12.5,Muy buena
2020-21,4310966,MÁSTER UNIVERSITARIO EN CONSERVACIÓN DEL PATRIMONIO ARQUITECTÓNICO,E.T.S. DE ARQUITECTURA,90.0,2020,10.0,Excelente
2020-21,4310967,MÁSTER UNIVERSITARIO EN CONSERVACIÓN Y RESTAURACIÓN DE BIENES CULTURALES,UNIDAD DE MÁSTERES UNIVERSITARIOS,77.78,2020,22.22,Buena
2020-21,4310968,MÁSTER UNIVERSITARIO EN CONSTRUCCIONES E INSTALACIONES INDUSTRIALES,E.T.S.I. INDUSTRIALES,100.0,2020,0.0,Excelente
2020-21,4310969,MÁSTER UNIVERSITARIO EN DISEÑO Y FABRICACIÓN INTEGRADA ASISTIDOS POR COMPUTADOR,E.T.S. DE INGENIERIA DEL DISEÑO,83.33,2020,16.67,Muy buena
2020-21,4310971,MÁSTER UNIVERSITARIO EN INGENIERÍA DE SISTEMAS ELECTRÓNICOS,E.T.S.I. DE TELECOMUNICACIÓN,100.0,2020,0.0,Excelente
2020-21,4310972,MÁSTER UNIVERSITARIO EN INGENIERÍA Y TECNOLOGÍA DE SISTEMAS SOFTWARE,UNIDAD DE MÁSTERES UNIVERSITARIOS,100.0,2020,0.0,Excelente
2020-21,4310973,MÁSTER UNIVERSITARIO EN INGENIERÍA DEL DISEÑO,E.T.S. DE INGENIERIA DEL DISEÑO,100.0,2020,0.0,Excelente
2020-21,4310974,MÁSTER UNIVERSITARIO EN INGENIERÍA DEL HORMIGÓN,UNIDAD DE MÁSTERES UNIVERSITARIOS,50.0,2020,50.0,Baja
2020-21,4310975,MÁSTER UNIVERSITARIO EN INGENIERÍA DEL MANTENIMIENTO,E.T.S. DE INGENIERIA DEL DISEÑO,100.0,2020,0.0,Excelente
2020-21,4310976,MÁSTER UNIVERSITARIO EN PLANIFICACIÓN Y GESTIÓN EN INGENIERÍA CIVIL,"E.T.S.I. CAMINOS, CANALES Y PUERTOS",100.0,2020,0.0,Excelente
2020-21,4310977,MÁSTER UNIVERSITARIO EN INGENIERÍA HIDRÁULICA Y MEDIO AMBIENTE,UNIDAD DE MÁSTERES UNIVERSITARIOS,94.12,2020,5.8799999999999955,Excelente
2020-21,4310978,MÁSTER UNIVERSITARIO EN INGENIERÍA MECÁNICA,UNIDAD DE MÁSTERES UNIVERSITARIOS,33.33,2020,66.67,Baja
2020-21,4310979,"MÁSTER UNIVERSITARIO EN INTELIGENCIA ARTIFICIAL, RECONOCIMIENTO DE FORMAS E IMAGEN DIGITAL",UNIDAD DE MÁSTERES UNIVERSITARIOS,90.0,2020,10.0,Excelente
2020-21,4310980,MÁSTER UNIVERSITARIO EN SISTEMAS PROPULSIVOS PARA UNA MOVILIDAD SOSTENIBLE,UNIDAD DE MÁSTERES UNIVERSITARIOS,100.0,2020,0.0,Excelente
2020-21,4310981,MÁSTER UNIVERSITARIO EN TECNOLOGÍA ENERGÉTICA PARA DESARROLLO SOSTENIBLE,E.T.S.I. INDUSTRIALES,100.0,2020,0.0,Excelente
2020-21,4310982,"MÁSTER UNIVERSITARIO EN TECNOLOGÍAS, SISTEMAS Y REDES DE COMUNICACIONES",E.T.S.I. DE TELECOMUNICACIÓN,100.0,2020,0.0,Excelente
2020-21,4311602,MÁSTER UNIVERSITARIO EN BIOTECNOLOGÍA BIOMÉDICA,UNIDAD DE MÁSTERES UNIVERSITARIOS,88.89,2020,11.11,Muy buena
2020-21,4311603,MÁSTER UNIVERSITARIO EN BIOTECNOLOGÍA MOLECULAR Y CELULAR DE PLANTAS,UNIDAD DE MÁSTERES UNIVERSITARIOS,83.33,2020,16.67,Muy buena
2020-21,4311604,MÁSTER UNIVERSITARIO EN ECONOMÍA AGROALIMENTARIA Y DEL MEDIO AMBIENTE,UNIDAD DE MÁSTERES UNIVERSITARIOS,60.0,2020,40.0,Media
2020-21,4311605,MÁSTER UNIVERSITARIO EN GESTIÓN DE LA SEGURIDAD Y CALIDAD ALIMENTARIA,E.T.S.I. AGRONÓMICA Y DEL MEDIO NATURAL,100.0,2020,0.0,Excelente
2020-21,4311606,"MÁSTER UNIVERSITARIO EN INGENIERÍA DE ANÁLISIS DE DATOS, MEJORA DE PROCESOS Y TOMA DE DECISIONES",UNIDAD DE MÁSTERES UNIVERSITARIOS,100.0,2020,0.0,Excelente
2020-21,4311609,MÁSTER UNIVERSITARIO EN LENGUAS Y TECNOLOGÍA,UNIDAD DE MÁSTERES UNIVERSITARIOS,100.0,2020,0.0,Excelente
2020-21,4311612,MÁSTER UNIVERSITARIO EN POSTPRODUCCIÓN DIGITAL,ESCUELA POLITECNICA SUPERIOR DE GANDIA,80.0,2020,20.0,Muy buena
2020-21,4311613,MÁSTER UNIVERSITARIO EN PREVENCIÓN DE RIESGOS LABORALES,UNIDAD DE MÁSTERES UNIVERSITARIOS,100.0,2020,0.0,Excelente
2020-21,4311614,MÁSTER UNIVERSITARIO EN PRODUCCIÓN ARTÍSTICA,FACULTAD DE BELLAS ARTES,87.5,2020,12.5,Muy buena
2020-21,4311725,MÁSTER UNIVERSITARIO EN COOPERACIÓN AL DESARROLLO,UNIDAD DE MÁSTERES UNIVERSITARIOS,100.0,2020,0.0,Excelente
2020-21,4311726,MÁSTER UNIVERSITARIO EN INGENIERÍA AMBIENTAL,"E.T.S.I. CAMINOS, CANALES Y PUERTOS",71.43,2020,28.569999999999993,Buena
2020-21,4312033,MÁSTER UNIVERSITARIO EN ACUICULTURA,UNIDAD DE MÁSTERES UNIVERSITARIOS,100.0,2020,0.0,Excelente
2020-21,4312991,MÁSTER UNIVERSITARIO EN EVALUACIÓN Y SEGUIMIENTO AMBIENTAL DE ECOSISTEMAS MARINOS Y COSTEROS,ESCUELA POLITECNICA SUPERIOR DE GANDIA,100.0,2020,0.0,Excelente
2020-21,4313930,MÁSTER UNIVERSITARIO EN INVESTIGACIÓN MATEMÁTICA,UNIDAD DE MÁSTERES UNIVERSITARIOS,100.0,2020,0.0,Excelente
2020-21,4314065,"MÁSTER UNIVERSITARIO EN INGENIERÍA, PROCESADO Y CARACTERIZACIÓN DE MATERIALES",E. POLITÉCNICA SUPERIOR DE ALCOY,100.0,2020,0.0,Excelente
2020-21,4314067,MÁSTER UNIVERSITARIO EN INGENIERÍA MECATRÓNICA,E.T.S. DE INGENIERIA DEL DISEÑO,100.0,2020,0.0,Excelente
2020-21,4314071,MÁSTER UNIVERSITARIO EN INGENIERÍA DE ORGANIZACIÓN Y LOGÍSTICA,E. POLITÉCNICA SUPERIOR DE ALCOY,100.0,2020,0.0,Excelente
2020-21,4314473,MÁSTER UNIVERSITARIO EN INGENIERÍA DE MONTES,E.T.S.I. AGRONÓMICA Y DEL MEDIO NATURAL,80.0,2020,20.0,Muy buena
2020-21,4314518,MÁSTER UNIVERSITARIO EN INGENIERÍA DE TELECOMUNICACIÓN,E.T.S.I. DE TELECOMUNICACIÓN,100.0,2020,0.0,Excelente
2020-21,4314521,MÁSTER UNIVERSITARIO EN INGENIERÍA AERONÁUTICA,E.T.S. DE INGENIERIA DEL DISEÑO,95.0,2020,5.0,Excelente
2020-21,4314523,MÁSTER UNIVERSITARIO EN INGENIERÍA QUÍMICA,E.T.S.I. INDUSTRIALES,100.0,2020,0.0,Excelente
2020-21,4314524,MÁSTER UNIVERSITARIO EN INGENIERÍA INDUSTRIAL,E.T.S.I. INDUSTRIALES,98.36,2020,1.6400000000000006,Excelente
2020-21,4314526,MÁSTER UNIVERSITARIO EN INGENIERÍA INFORMÁTICA,E.T.S. DE INGENIERÍA INFORMÁTICA,83.33,2020,16.67,Muy buena
2020-21,4314528,MÁSTER UNIVERSITARIO EN ENOLOGÍA,E.T.S.I. AGRONÓMICA Y DEL MEDIO NATURAL,0.0,2020,100.0,Baja
2020-21,4314529,MÁSTER UNIVERSITARIO EN INGENIERÍA AGRONÓMICA,E.T.S.I. AGRONÓMICA Y DEL MEDIO NATURAL,100.0,2020,0.0,Excelente
2020-21,4314646,MÁSTER UNIVERSITARIO EN INGENIERÍA GEOMÁTICA Y GEOINFORMACIÓN,"E.T.S.I. GEODESICA, CARTOGRAFICA Y TOP.",85.71,2020,14.290000000000006,Muy buena
2020-21,4314647,"MÁSTER UNIVERSITARIO EN INGENIERÍA DE CAMINOS, CANALES Y PUERTOS","E.T.S.I. CAMINOS, CANALES Y PUERTOS",92.86,2020,7.140000000000001,Excelente
2020-21,4314825,MÁSTER UNIVERSITARIO EN DIRECCIÓN DE EMPRESAS (MBA),E. POLITÉCNICA SUPERIOR DE ALCOY,100.0,2020,0.0,Excelente
2020-21,4315002,MÁSTER UNIVERSITARIO EN INGENIERÍA TEXTIL,E. POLITÉCNICA SUPERIOR DE ALCOY,100.0,2020,0.0,Excelente
2020-21,4315070,MÁSTER UNIVERSITARIO EN ARQUITECTURA,E.T.S. DE ARQUITECTURA,100.0,2020,0.0,Excelente
2020-21,4315921,MÁSTER UNIVERSITARIO EN INGENIERÍA BIOMÉDICA,E.T.S.I. INDUSTRIALES,100.0,2020,0.0,Excelente
2021-22,2500739,GRADO EN ARQUITECTURA TÉCNICA,E.T.S. DE INGENIERÍA DE EDIFICACIÓN,90.32,2021,9.680000000000007,Excelente
2021-22,2500801,GRADO EN CIENCIAS AMBIENTALES,ESCUELA POLITECNICA SUPERIOR DE GANDIA,100.0,2021,0.0,Excelente
2021-22,2501354,GRADO EN COMUNICACIÓN AUDIOVISUAL,ESCUELA POLITECNICA SUPERIOR DE GANDIA,84.21,2021,15.790000000000006,Muy buena
2021-22,2501355,GRADO EN TURISMO,ESCUELA POLITECNICA SUPERIOR DE GANDIA,100.0,2021,0.0,Excelente
2021-22,2501356,GRADO EN INGENIERÍA EN DISEÑO INDUSTRIAL Y DESARROLLO DE PRODUCTOS,E. POLITÉCNICA SUPERIOR DE ALCOY,100.0,2021,0.0,Excelente
2021-22,2501356,GRADO EN INGENIERÍA EN DISEÑO INDUSTRIAL Y DESARROLLO DE PRODUCTOS,E.T.S. DE INGENIERIA DEL DISEÑO,92.73,2021,7.269999999999996,Excelente
2021-22,2501484,GRADO EN BELLAS ARTES,FACULTAD DE BELLAS ARTES,82.52,2021,17.480000000000004,Muy buena
2021-22,2501485,GRADO EN CONSERVACIÓN Y RESTAURACIÓN DE BIENES CULTURALES,FACULTAD DE BELLAS ARTES,75.0,2021,25.0,Buena
2021-22,2501486,GRADO EN GESTIÓN Y ADMINISTRACIÓN PÚBLICA,FACULTAD DE ADMINISTRACIÓN Y DIRECCIÓN DE EMPRESAS,100.0,2021,0.0,Excelente
2021-22,2501649,GRADO EN BIOTECNOLOGÍA,E.T.S.I. AGRONÓMICA Y DEL MEDIO NATURAL,96.67,2021,3.3299999999999983,Excelente
2021-22,2501650,GRADO EN CIENCIA Y TECNOLOGÍA DE LOS ALIMENTOS,E.T.S.I. AGRONÓMICA Y DEL MEDIO NATURAL,100.0,2021,0.0,Excelente
2021-22,2501651,GRADO EN ADMINISTRACIÓN Y DIRECCIÓN DE EMPRESAS,E. POLITÉCNICA SUPERIOR DE ALCOY,95.45,2021,4.549999999999997,Excelente
2021-22,2501651,GRADO EN ADMINISTRACIÓN Y DIRECCIÓN DE EMPRESAS,FACULTAD DE ADMINISTRACIÓN Y DIRECCIÓN DE EMPRESAS,100.0,2021,0.0,Excelente
2021-22,2501653,GRADO EN INGENIERÍA AEROESPACIAL,E.T.S. DE INGENIERIA DEL DISEÑO,100.0,2021,0.0,Excelente
2021-22,2501654,GRADO EN INGENIERÍA AGROALIMENTARIA Y DEL MEDIO RURAL,E.T.S.I. AGRONÓMICA Y DEL MEDIO NATURAL,80.95,2021,19.049999999999997,Muy buena
2021-22,2501655,GRADO EN INGENIERÍA ELÉCTRICA,E. POLITÉCNICA SUPERIOR DE ALCOY,90.48,2021,9.519999999999996,Excelente
2021-22,2501655,GRADO EN INGENIERÍA ELÉCTRICA,E.T.S. DE INGENIERIA DEL DISEÑO,100.0,2021,0.0,Excelente
2021-22,2501656,GRADO EN INGENIERÍA ELECTRÓNICA INDUSTRIAL Y AUTOMÁTICA,E.T.S. DE INGENIERIA DEL DISEÑO,96.08,2021,3.9200000000000017,Excelente
2021-22,2501657,GRADO EN INGENIERÍA GEOMÁTICA Y TOPOGRAFÍA,"E.T.S.I. GEODESICA, CARTOGRAFICA Y TOP.",100.0,2021,0.0,Excelente
2021-22,2501658,GRADO EN INGENIERÍA DE ORGANIZACIÓN INDUSTRIAL,E.T.S.I. INDUSTRIALES,100.0,2021,0.0,Excelente
2021-22,2501659,GRADO EN INGENIERÍA EN TECNOLOGÍAS INDUSTRIALES,E.T.S.I. INDUSTRIALES,97.85,2021,2.1500000000000057,Excelente
2021-22,2501660,GRADO EN INGENIERÍA FORESTAL Y DEL MEDIO NATURAL,E.T.S.I. AGRONÓMICA Y DEL MEDIO NATURAL,92.31,2021,7.689999999999998,Excelente
2021-22,2501661,GRADO EN INGENIERÍA INFORMÁTICA,E. POLITÉCNICA SUPERIOR DE ALCOY,100.0,2021,0.0,Excelente
2021-22,2501661,GRADO EN INGENIERÍA INFORMÁTICA,E.T.S. DE INGENIERÍA INFORMÁTICA,98.88,2021,1.1200000000000045,Excelente
2021-22,2501662,GRADO EN INGENIERÍA QUÍMICA,E. POLITÉCNICA SUPERIOR DE ALCOY,88.89,2021,11.11,Muy buena
2021-22,2501662,GRADO EN INGENIERÍA QUÍMICA,E.T.S.I. INDUSTRIALES,96.77,2021,3.230000000000004,Excelente
2021-22,2501663,"GRADO EN INGENIERÍA DE SISTEMAS DE TELECOMUNICACIÓN, SONIDO E IMAGEN",ESCUELA POLITECNICA SUPERIOR DE GANDIA,92.31,2021,7.689999999999998,Excelente
2021-22,2502182,GRADO EN INGENIERÍA MECÁNICA,E. POLITÉCNICA SUPERIOR DE ALCOY,100.0,2021,0.0,Excelente
2021-22,2502182,GRADO EN INGENIERÍA MECÁNICA,E.T.S. DE INGENIERIA DEL DISEÑO,97.44,2021,2.5600000000000023,Excelente
2021-22,2502405,GRADO EN INGENIERÍA DE OBRAS PÚBLICAS,"E.T.S.I. CAMINOS, CANALES Y PUERTOS",92.31,2021,7.689999999999998,Excelente
2021-22,2502407,GRADO EN INGENIERÍA DE TECNOLOGÍAS Y SERVICIOS DE TELECOMUNICACIÓN,E.T.S.I. DE TELECOMUNICACIÓN,97.3,2021,2.700000000000003,Excelente
2021-22,2502507,GRADO EN INGENIERÍA CIVIL,"E.T.S.I. CAMINOS, CANALES Y PUERTOS",100.0,2021,0.0,Excelente
2021-22,2502660,GRADO EN INGENIERÍA DE LA ENERGÍA,E.T.S.I. INDUSTRIALES,100.0,2021,0.0,Excelente
2021-22,2502731,GRADO EN INGENIERÍA BIOMÉDICA,E.T.S.I. INDUSTRIALES,100.0,2021,0.0,Excelente
2021-22,2503025,GRADO EN FUNDAMENTOS DE LA ARQUITECTURA,E.T.S. DE ARQUITECTURA,96.34,2021,3.6599999999999966,Excelente
2021-22,4310279,MÁSTER UNIVERSITARIO EN COMPUTACIÓN EN LA NUBE Y DE ALTAS PRESTACIONES / CLOUD AND HIGH-PERFORMANCE COMPUTING,UNIDAD DE MÁSTERES UNIVERSITARIOS,100.0,2021,0.0,Excelente
2021-22,4310280,MÁSTER UNIVERSITARIO EN EDIFICACIÓN,E.T.S. DE INGENIERÍA DE EDIFICACIÓN,80.0,2021,20.0,Muy buena
2021-22,4310282,MÁSTER UNIVERSITARIO EN INGENIERÍA ACÚSTICA,ESCUELA POLITECNICA SUPERIOR DE GANDIA,50.0,2021,50.0,Baja
2021-22,4310284,MÁSTER UNIVERSITARIO EN INGENIERÍA DE COMPUTADORES Y REDES,UNIDAD DE MÁSTERES UNIVERSITARIOS,100.0,2021,0.0,Excelente
2021-22,4310288,"MÁSTER UNIVERSITARIO EN TRANSPORTE, TERRITORIO Y URBANISMO","E.T.S.I. CAMINOS, CANALES Y PUERTOS",100.0,2021,0.0,Excelente
2021-22,4310468,MÁSTER UNIVERSITARIO EN SANIDAD Y PRODUCCIÓN VEGETAL,UNIDAD DE MÁSTERES UNIVERSITARIOS,100.0,2021,0.0,Excelente
2021-22,4310569,"MÁSTER UNIVERSITARIO EN INGENIERÍA AVANZADA DE PRODUCCIÓN, LOGÍSTICA Y CADENA DE SUMINISTRO",E.T.S.I. INDUSTRIALES,100.0,2021,0.0,Excelente
2021-22,4310809,MÁSTER UNIVERSITARIO EN ARTES VISUALES Y MULTIMEDIA,UNIDAD DE MÁSTERES UNIVERSITARIOS,100.0,2021,0.0,Excelente
2021-22,4310811,MÁSTER UNIVERSITARIO EN SEGURIDAD INDUSTRIAL Y MEDIO AMBIENTE,UNIDAD DE MÁSTERES UNIVERSITARIOS,100.0,2021,0.0,Excelente
2021-22,4310813,"MÁSTER UNIVERSITARIO EN GESTIÓN DE EMPRESAS, PRODUCTOS Y SERVICIOS",FACULTAD DE ADMINISTRACIÓN Y DIRECCIÓN DE EMPRESAS,100.0,2021,0.0,Excelente
2021-22,4310814,MÁSTER UNIVERSITARIO EN DIRECCIÓN FINANCIERA Y FISCAL,FACULTAD DE ADMINISTRACIÓN Y DIRECCIÓN DE EMPRESAS,100.0,2021,0.0,Excelente
2021-22,4310898,MÁSTER UNIVERSITARIO EN DIRECCIÓN Y GESTIÓN DE PROYECTOS,E.T.S.I. INDUSTRIALES,75.0,2021,25.0,Buena
2021-22,4310960,MÁSTER UNIVERSITARIO EN GESTIÓN CULTURAL,UNIDAD DE MÁSTERES UNIVERSITARIOS,50.0,2021,50.0,Baja
2021-22,4310963,"MÁSTER UNIVERSITARIO EN ARQUITECTURA AVANZADA, PAISAJE, URBANISMO Y DISEÑO",E.T.S. DE ARQUITECTURA,100.0,2021,0.0,Excelente
2021-22,4310965,MÁSTER UNIVERSITARIO EN CIENCIA E INGENIERÍA DE LOS ALIMENTOS,E.T.S.I. AGRONÓMICA Y DEL MEDIO NATURAL,88.89,2021,11.11,Muy buena
2021-22,4310966,MÁSTER UNIVERSITARIO EN CONSERVACIÓN DEL PATRIMONIO ARQUITECTÓNICO,E.T.S. DE ARQUITECTURA,87.5,2021,12.5,Muy buena
2021-22,4310967,MÁSTER UNIVERSITARIO EN CONSERVACIÓN Y RESTAURACIÓN DE BIENES CULTURALES,UNIDAD DE MÁSTERES UNIVERSITARIOS,75.0,2021,25.0,Buena
2021-22,4310968,MÁSTER UNIVERSITARIO EN CONSTRUCCIONES E INSTALACIONES INDUSTRIALES,E.T.S.I. INDUSTRIALES,100.0,2021,0.0,Excelente
2021-22,4310969,MÁSTER UNIVERSITARIO EN DISEÑO Y FABRICACIÓN INTEGRADA ASISTIDOS POR COMPUTADOR,E.T.S. DE INGENIERIA DEL DISEÑO,100.0,2021,0.0,Excelente
2021-22,4310971,MÁSTER UNIVERSITARIO EN INGENIERÍA DE SISTEMAS ELECTRÓNICOS,E.T.S.I. DE TELECOMUNICACIÓN,100.0,2021,0.0,Excelente
2021-22,4310972,MÁSTER UNIVERSITARIO EN INGENIERÍA Y TECNOLOGÍA DE SISTEMAS SOFTWARE,UNIDAD DE MÁSTERES UNIVERSITARIOS,100.0,2021,0.0,Excelente
2021-22,4310973,MÁSTER UNIVERSITARIO EN INGENIERÍA DEL DISEÑO,E.T.S. DE INGENIERIA DEL DISEÑO,100.0,2021,0.0,Excelente
2021-22,4310974,MÁSTER UNIVERSITARIO EN INGENIERÍA DEL HORMIGÓN,UNIDAD DE MÁSTERES UNIVERSITARIOS,100.0,2021,0.0,Excelente
2021-22,4310975,MÁSTER UNIVERSITARIO EN INGENIERÍA DEL MANTENIMIENTO,E.T.S. DE INGENIERIA DEL DISEÑO,100.0,2021,0.0,Excelente
2021-22,4310976,MÁSTER UNIVERSITARIO EN PLANIFICACIÓN Y GESTIÓN EN INGENIERÍA CIVIL,"E.T.S.I. CAMINOS, CANALES Y PUERTOS",50.0,2021,50.0,Baja
2021-22,4310977,MÁSTER UNIVERSITARIO EN INGENIERÍA HIDRÁULICA Y MEDIO AMBIENTE,UNIDAD DE MÁSTERES UNIVERSITARIOS,100.0,2021,0.0,Excelente
2021-22,4310978,MÁSTER UNIVERSITARIO EN INGENIERÍA MECÁNICA,UNIDAD DE MÁSTERES UNIVERSITARIOS,100.0,2021,0.0,Excelente
2021-22,4310979,"MÁSTER UNIVERSITARIO EN INTELIGENCIA ARTIFICIAL, RECONOCIMIENTO DE FORMAS E IMAGEN DIGITAL",UNIDAD DE MÁSTERES UNIVERSITARIOS,100.0,2021,0.0,Excelente
2021-22,4310980,MÁSTER UNIVERSITARIO EN SISTEMAS PROPULSIVOS PARA UNA MOVILIDAD SOSTENIBLE,UNIDAD DE MÁSTERES UNIVERSITARIOS,100.0,2021,0.0,Excelente
2021-22,4310981,MÁSTER UNIVERSITARIO EN TECNOLOGÍA ENERGÉTICA PARA DESARROLLO SOSTENIBLE,E.T.S.I. INDUSTRIALES,100.0,2021,0.0,Excelente
2021-22,4310982,"MÁSTER UNIVERSITARIO EN TECNOLOGÍAS, SISTEMAS Y REDES DE COMUNICACIONES",E.T.S.I. DE TELECOMUNICACIÓN,100.0,2021,0.0,Excelente
2021-22,4311602,MÁSTER UNIVERSITARIO EN BIOTECNOLOGÍA BIOMÉDICA,UNIDAD DE MÁSTERES UNIVERSITARIOS,85.71,2021,14.290000000000006,Muy buena
2021-22,4311603,MÁSTER UNIVERSITARIO EN BIOTECNOLOGÍA MOLECULAR Y CELULAR DE PLANTAS,UNIDAD DE MÁSTERES UNIVERSITARIOS,100.0,2021,0.0,Excelente
2021-22,4311604,MÁSTER UNIVERSITARIO EN ECONOMÍA AGROALIMENTARIA Y DEL MEDIO AMBIENTE,UNIDAD DE MÁSTERES UNIVERSITARIOS,100.0,2021,0.0,Excelente
2021-22,4311605,MÁSTER UNIVERSITARIO EN GESTIÓN DE LA SEGURIDAD Y CALIDAD ALIMENTARIA,E.T.S.I. AGRONÓMICA Y DEL MEDIO NATURAL,92.31,2021,7.689999999999998,Excelente
2021-22,4311606,"MÁSTER UNIVERSITARIO EN INGENIERÍA DE ANÁLISIS DE DATOS, MEJORA DE PROCESOS Y TOMA DE DECISIONES",UNIDAD DE MÁSTERES UNIVERSITARIOS,100.0,2021,0.0,Excelente
2021-22,4311609,MÁSTER UNIVERSITARIO EN LENGUAS Y TECNOLOGÍA,UNIDAD DE MÁSTERES UNIVERSITARIOS,100.0,2021,0.0,Excelente
2021-22,4311610,MÁSTER UNIVERSITARIO EN MEJORA GENÉTICA ANIMAL Y BIOTECNOLOGÍA DE LA REPRODUCCIÓN,UNIDAD DE MÁSTERES UNIVERSITARIOS,100.0,2021,0.0,Excelente
2021-22,4311612,MÁSTER UNIVERSITARIO EN POSTPRODUCCIÓN DIGITAL,ESCUELA POLITECNICA SUPERIOR DE GANDIA,80.0,2021,20.0,Muy buena
2021-22,4311613,MÁSTER UNIVERSITARIO EN PREVENCIÓN DE RIESGOS LABORALES,UNIDAD DE MÁSTERES UNIVERSITARIOS,100.0,2021,0.0,Excelente
2021-22,4311614,MÁSTER UNIVERSITARIO EN PRODUCCIÓN ARTÍSTICA,FACULTAD DE BELLAS ARTES,80.0,2021,20.0,Muy buena
2021-22,4311725,MÁSTER UNIVERSITARIO EN COOPERACIÓN AL DESARROLLO,UNIDAD DE MÁSTERES UNIVERSITARIOS,85.71,2021,14.290000000000006,Muy buena
2021-22,4311726,MÁSTER UNIVERSITARIO EN INGENIERÍA AMBIENTAL,"E.T.S.I. CAMINOS, CANALES Y PUERTOS",100.0,2021,0.0,Excelente
2021-22,4312033,MÁSTER UNIVERSITARIO EN ACUICULTURA,UNIDAD DE MÁSTERES UNIVERSITARIOS,100.0,2021,0.0,Excelente
2021-22,4312991,MÁSTER UNIVERSITARIO EN EVALUACIÓN Y SEGUIMIENTO AMBIENTAL DE ECOSISTEMAS MARINOS Y COSTEROS,ESCUELA POLITECNICA SUPERIOR DE GANDIA,100.0,2021,0.0,Excelente
2021-22,4313930,MÁSTER UNIVERSITARIO EN INVESTIGACIÓN MATEMÁTICA,UNIDAD DE MÁSTERES UNIVERSITARIOS,100.0,2021,0.0,Excelente
2021-22,4314065,"MÁSTER UNIVERSITARIO EN INGENIERÍA, PROCESADO Y CARACTERIZACIÓN DE MATERIALES",E. POLITÉCNICA SUPERIOR DE ALCOY,100.0,2021,0.0,Excelente
2021-22,4314067,MÁSTER UNIVERSITARIO EN INGENIERÍA MECATRÓNICA,E.T.S. DE INGENIERIA DEL DISEÑO,100.0,2021,0.0,Excelente
2021-22,4314071,MÁSTER UNIVERSITARIO EN INGENIERÍA DE ORGANIZACIÓN Y LOGÍSTICA,E. POLITÉCNICA SUPERIOR DE ALCOY,87.5,2021,12.5,Muy buena
2021-22,4314473,MÁSTER UNIVERSITARIO EN INGENIERÍA DE MONTES,E.T.S.I. AGRONÓMICA Y DEL MEDIO NATURAL,100.0,2021,0.0,Excelente
2021-22,4314518,MÁSTER UNIVERSITARIO EN INGENIERÍA DE TELECOMUNICACIÓN,E.T.S.I. DE TELECOMUNICACIÓN,100.0,2021,0.0,Excelente
2021-22,4314521,MÁSTER UNIVERSITARIO EN INGENIERÍA AERONÁUTICA,E.T.S. DE INGENIERIA DEL DISEÑO,92.31,2021,7.689999999999998,Excelente
2021-22,4314523,MÁSTER UNIVERSITARIO EN INGENIERÍA QUÍMICA,E.T.S.I. INDUSTRIALES,100.0,2021,0.0,Excelente
2021-22,4314524,MÁSTER UNIVERSITARIO EN INGENIERÍA INDUSTRIAL,E.T.S.I. INDUSTRIALES,100.0,2021,0.0,Excelente
2021-22,4314526,MÁSTER UNIVERSITARIO EN INGENIERÍA INFORMÁTICA,E.T.S. DE INGENIERÍA INFORMÁTICA,100.0,2021,0.0,Excelente
2021-22,4314528,MÁSTER UNIVERSITARIO EN ENOLOGÍA,E.T.S.I. AGRONÓMICA Y DEL MEDIO NATURAL,75.0,2021,25.0,Buena
2021-22,4314529,MÁSTER UNIVERSITARIO EN INGENIERÍA AGRONÓMICA,E.T.S.I. AGRONÓMICA Y DEL MEDIO NATURAL,100.0,2021,0.0,Excelente
2021-22,4314646,MÁSTER UNIVERSITARIO EN INGENIERÍA GEOMÁTICA Y GEOINFORMACIÓN,"E.T.S.I. GEODESICA, CARTOGRAFICA Y TOP.",100.0,2021,0.0,Excelente
2021-22,4314647,"MÁSTER UNIVERSITARIO EN INGENIERÍA DE CAMINOS, CANALES Y PUERTOS","E.T.S.I. CAMINOS, CANALES Y PUERTOS",88.89,2021,11.11,Muy buena
2021-22,4314825,MÁSTER UNIVERSITARIO EN DIRECCIÓN DE EMPRESAS (MBA),E. POLITÉCNICA SUPERIOR DE ALCOY,100.0,2021,0.0,Excelente
2021-22,4315070,MÁSTER UNIVERSITARIO EN ARQUITECTURA,E.T.S. DE ARQUITECTURA,97.01,2021,2.989999999999995,Excelente
2021-22,4315921,MÁSTER UNIVERSITARIO EN INGENIERÍA BIOMÉDICA,E.T.S.I. INDUSTRIALES,100.0,2021,0.0,Excelente
2021-22,4316840,MÁSTER UNIVERSITARIO EN MEJORA GENÉTICA VEGETAL,UNIDAD DE MÁSTERES UNIVERSITARIOS,100.0,2021,0.0,Excelente
2022-23,2500739,GRADO EN ARQUITECTURA TÉCNICA,E.T.S. DE INGENIERÍA DE EDIFICACIÓN,93.33,2022,6.670000000000002,Excelente
2022-23,2500801,GRADO EN CIENCIAS AMBIENTALES,ESCUELA POLITECNICA SUPERIOR DE GANDIA,94.12,2022,5.8799999999999955,Excelente
2022-23,2501354,GRADO EN COMUNICACIÓN AUDIOVISUAL,ESCUELA POLITECNICA SUPERIOR DE GANDIA,68.97,2022,31.03,Media
2022-23,2501355,GRADO EN TURISMO,ESCUELA POLITECNICA SUPERIOR DE GANDIA,66.67,2022,33.33,Media
2022-23,2501356,GRADO EN INGENIERÍA EN DISEÑO INDUSTRIAL Y DESARROLLO DE PRODUCTOS,E. POLITÉCNICA SUPERIOR DE ALCOY,95.45,2022,4.549999999999997,Excelente
2022-23,2501356,GRADO EN INGENIERÍA EN DISEÑO INDUSTRIAL Y DESARROLLO DE PRODUCTOS,E.T.S. DE INGENIERIA DEL DISEÑO,96.72,2022,3.280000000000001,Excelente
2022-23,2501484,GRADO EN BELLAS ARTES,FACULTAD DE BELLAS ARTES,75.41,2022,24.590000000000003,Buena
2022-23,2501485,GRADO EN CONSERVACIÓN Y RESTAURACIÓN DE BIENES CULTURALES,FACULTAD DE BELLAS ARTES,70.0,2022,30.0,Buena
2022-23,2501486,GRADO EN GESTIÓN Y ADMINISTRACIÓN PÚBLICA,FACULTAD DE ADMINISTRACIÓN Y DIRECCIÓN DE EMPRESAS,85.71,2022,14.290000000000006,Muy buena
2022-23,2501649,GRADO EN BIOTECNOLOGÍA,E.T.S.I. AGRONÓMICA Y DEL MEDIO NATURAL,93.48,2022,6.519999999999996,Excelente
2022-23,2501650,GRADO EN CIENCIA Y TECNOLOGÍA DE LOS ALIMENTOS,E.T.S.I. AGRONÓMICA Y DEL MEDIO NATURAL,96.97,2022,3.030000000000001,Excelente
2022-23,2501651,GRADO EN ADMINISTRACIÓN Y DIRECCIÓN DE EMPRESAS,E. POLITÉCNICA SUPERIOR DE ALCOY,75.0,2022,25.0,Buena
2022-23,2501651,GRADO EN ADMINISTRACIÓN Y DIRECCIÓN DE EMPRESAS,FACULTAD DE ADMINISTRACIÓN Y DIRECCIÓN DE EMPRESAS,96.67,2022,3.3299999999999983,Excelente
2022-23,2501653,GRADO EN INGENIERÍA AEROESPACIAL,E.T.S. DE INGENIERIA DEL DISEÑO,98.0,2022,2.0,Excelente
2022-23,2501654,GRADO EN INGENIERÍA AGROALIMENTARIA Y DEL MEDIO RURAL,E.T.S.I. AGRONÓMICA Y DEL MEDIO NATURAL,87.18,2022,12.819999999999993,Muy buena
2022-23,2501655,GRADO EN INGENIERÍA ELÉCTRICA,E. POLITÉCNICA SUPERIOR DE ALCOY,100.0,2022,0.0,Excelente
2022-23,2501655,GRADO EN INGENIERÍA ELÉCTRICA,E.T.S. DE INGENIERIA DEL DISEÑO,96.87,2022,3.1299999999999955,Excelente
2022-23,2501656,GRADO EN INGENIERÍA ELECTRÓNICA INDUSTRIAL Y AUTOMÁTICA,E.T.S. DE INGENIERIA DEL DISEÑO,95.92,2022,4.079999999999998,Excelente
2022-23,2501657,GRADO EN INGENIERÍA GEOMÁTICA Y TOPOGRAFÍA,"E.T.S.I. GEODESICA, CARTOGRAFICA Y TOP.",92.86,2022,7.140000000000001,Excelente
2022-23,2501658,GRADO EN INGENIERÍA DE ORGANIZACIÓN INDUSTRIAL,E.T.S.I. INDUSTRIALES,100.0,2022,0.0,Excelente
2022-23,2501659,GRADO EN INGENIERÍA EN TECNOLOGÍAS INDUSTRIALES,E.T.S.I. INDUSTRIALES,97.94,2022,2.0600000000000023,Excelente
2022-23,2501660,GRADO EN INGENIERÍA FORESTAL Y DEL MEDIO NATURAL,E.T.S.I. AGRONÓMICA Y DEL MEDIO NATURAL,94.44,2022,5.560000000000002,Excelente
2022-23,2501661,GRADO EN INGENIERÍA INFORMÁTICA,E. POLITÉCNICA SUPERIOR DE ALCOY,100.0,2022,0.0,Excelente
2022-23,2501661,GRADO EN INGENIERÍA INFORMÁTICA,E.T.S. DE INGENIERÍA INFORMÁTICA,97.06,2022,2.9399999999999977,Excelente
2022-23,2501662,GRADO EN INGENIERÍA QUÍMICA,E. POLITÉCNICA SUPERIOR DE ALCOY,87.5,2022,12.5,Muy buena
2022-23,2501662,GRADO EN INGENIERÍA QUÍMICA,E.T.S.I. INDUSTRIALES,96.87,2022,3.1299999999999955,Excelente
2022-23,2501663,"GRADO EN INGENIERÍA DE SISTEMAS DE TELECOMUNICACIÓN, SONIDO E IMAGEN",ESCUELA POLITECNICA SUPERIOR DE GANDIA,100.0,2022,0.0,Excelente
2022-23,2502182,GRADO EN INGENIERÍA MECÁNICA,E. POLITÉCNICA SUPERIOR DE ALCOY,96.43,2022,3.569999999999993,Excelente
2022-23,2502182,GRADO EN INGENIERÍA MECÁNICA,E.T.S. DE INGENIERIA DEL DISEÑO,93.1,2022,6.900000000000006,Excelente
2022-23,2502405,GRADO EN INGENIERÍA DE OBRAS PÚBLICAS,"E.T.S.I. CAMINOS, CANALES Y PUERTOS",100.0,2022,0.0,Excelente
2022-23,2502407,GRADO EN INGENIERÍA DE TECNOLOGÍAS Y SERVICIOS DE TELECOMUNICACIÓN,E.T.S.I. DE TELECOMUNICACIÓN,98.25,2022,1.75,Excelente
2022-23,2502507,GRADO EN INGENIERÍA CIVIL,"E.T.S.I. CAMINOS, CANALES Y PUERTOS",92.59,2022,7.409999999999997,Excelente
2022-23,2502660,GRADO EN INGENIERÍA DE LA ENERGÍA,E.T.S.I. INDUSTRIALES,100.0,2022,0.0,Excelente
2022-23,2502731,GRADO EN INGENIERÍA BIOMÉDICA,E.T.S.I. INDUSTRIALES,96.55,2022,3.450000000000003,Excelente
2022-23,2503025,GRADO EN FUNDAMENTOS DE LA ARQUITECTURA,E.T.S. DE ARQUITECTURA,90.72,2022,9.280000000000001,Excelente
2022-23,4310279,MÁSTER UNIVERSITARIO EN COMPUTACIÓN EN LA NUBE Y DE ALTAS PRESTACIONES / CLOUD AND HIGH-PERFORMANCE COMPUTING,UNIDAD DE MÁSTERES UNIVERSITARIOS,100.0,2022,0.0,Excelente
2022-23,4310280,MÁSTER UNIVERSITARIO EN EDIFICACIÓN,E.T.S. DE INGENIERÍA DE EDIFICACIÓN,92.31,2022,7.689999999999998,Excelente
2022-23,4310282,MÁSTER UNIVERSITARIO EN INGENIERÍA ACÚSTICA,ESCUELA POLITECNICA SUPERIOR DE GANDIA,100.0,2022,0.0,Excelente
2022-23,4310284,MÁSTER UNIVERSITARIO EN INGENIERÍA DE COMPUTADORES Y REDES,UNIDAD DE MÁSTERES UNIVERSITARIOS,66.67,2022,33.33,Media
2022-23,4310288,"MÁSTER UNIVERSITARIO EN TRANSPORTE, TERRITORIO Y URBANISMO","E.T.S.I. CAMINOS, CANALES Y PUERTOS",100.0,2022,0.0,Excelente
2022-23,4310468,MÁSTER UNIVERSITARIO EN SANIDAD Y PRODUCCIÓN VEGETAL,UNIDAD DE MÁSTERES UNIVERSITARIOS,100.0,2022,0.0,Excelente
2022-23,4310569,"MÁSTER UNIVERSITARIO EN INGENIERÍA AVANZADA DE PRODUCCIÓN, LOGÍSTICA Y CADENA DE SUMINISTRO",E.T.S.I. INDUSTRIALES,88.89,2022,11.11,Muy buena
2022-23,4310809,MÁSTER UNIVERSITARIO EN ARTES VISUALES Y MULTIMEDIA,UNIDAD DE MÁSTERES UNIVERSITARIOS,87.5,2022,12.5,Muy buena
2022-23,4310813,"MÁSTER UNIVERSITARIO EN GESTIÓN DE EMPRESAS, PRODUCTOS Y SERVICIOS",FACULTAD DE ADMINISTRACIÓN Y DIRECCIÓN DE EMPRESAS,85.71,2022,14.290000000000006,Muy buena
2022-23,4310814,MÁSTER UNIVERSITARIO EN DIRECCIÓN FINANCIERA Y FISCAL,FACULTAD DE ADMINISTRACIÓN Y DIRECCIÓN DE EMPRESAS,100.0,2022,0.0,Excelente
2022-23,4310898,MÁSTER UNIVERSITARIO EN DIRECCIÓN Y GESTIÓN DE PROYECTOS,E.T.S.I. INDUSTRIALES,100.0,2022,0.0,Excelente
2022-23,4310960,MÁSTER UNIVERSITARIO EN GESTIÓN CULTURAL,UNIDAD DE MÁSTERES UNIVERSITARIOS,100.0,2022,0.0,Excelente
2022-23,4310963,"MÁSTER UNIVERSITARIO EN ARQUITECTURA AVANZADA, PAISAJE, URBANISMO Y DISEÑO",E.T.S. DE ARQUITECTURA,100.0,2022,0.0,Excelente
2022-23,4310964,MÁSTER UNIVERSITARIO EN AUTOMÁTICA E INFORMÁTICA INDUSTRIAL,UNIDAD DE MÁSTERES UNIVERSITARIOS,100.0,2022,0.0,Excelente
2022-23,4310965,MÁSTER UNIVERSITARIO EN CIENCIA E INGENIERÍA DE LOS ALIMENTOS,E.T.S.I. AGRONÓMICA Y DEL MEDIO NATURAL,92.31,2022,7.689999999999998,Excelente
2022-23,4310966,MÁSTER UNIVERSITARIO EN CONSERVACIÓN DEL PATRIMONIO ARQUITECTÓNICO,E.T.S. DE ARQUITECTURA,75.0,2022,25.0,Buena
2022-23,4310967,MÁSTER UNIVERSITARIO EN CONSERVACIÓN Y RESTAURACIÓN DE BIENES CULTURALES,UNIDAD DE MÁSTERES UNIVERSITARIOS,92.31,2022,7.689999999999998,Excelente
2022-23,4310968,MÁSTER UNIVERSITARIO EN CONSTRUCCIONES E INSTALACIONES INDUSTRIALES,E.T.S.I. INDUSTRIALES,100.0,2022,0.0,Excelente
2022-23,4310969,MÁSTER UNIVERSITARIO EN DISEÑO Y FABRICACIÓN INTEGRADA ASISTIDOS POR COMPUTADOR,E.T.S. DE INGENIERIA DEL DISEÑO,100.0,2022,0.0,Excelente
2022-23,4310971,MÁSTER UNIVERSITARIO EN INGENIERÍA DE SISTEMAS ELECTRÓNICOS,E.T.S.I. DE TELECOMUNICACIÓN,83.33,2022,16.67,Muy buena
2022-23,4310972,MÁSTER UNIVERSITARIO EN INGENIERÍA Y TECNOLOGÍA DE SISTEMAS SOFTWARE,UNIDAD DE MÁSTERES UNIVERSITARIOS,100.0,2022,0.0,Excelente
2022-23,4310973,MÁSTER UNIVERSITARIO EN INGENIERÍA DEL DISEÑO,E.T.S. DE INGENIERIA DEL DISEÑO,71.43,2022,28.569999999999993,Buena
2022-23,4310974,MÁSTER UNIVERSITARIO EN INGENIERÍA DEL HORMIGÓN,UNIDAD DE MÁSTERES UNIVERSITARIOS,100.0,2022,0.0,Excelente
2022-23,4310975,MÁSTER UNIVERSITARIO EN INGENIERÍA DEL MANTENIMIENTO,E.T.S. DE INGENIERIA DEL DISEÑO,100.0,2022,0.0,Excelente
2022-23,4310976,MÁSTER UNIVERSITARIO EN PLANIFICACIÓN Y GESTIÓN EN INGENIERÍA CIVIL,"E.T.S.I. CAMINOS, CANALES Y PUERTOS",100.0,2022,0.0,Excelente
2022-23,4310977,MÁSTER UNIVERSITARIO EN INGENIERÍA HIDRÁULICA Y MEDIO AMBIENTE,UNIDAD DE MÁSTERES UNIVERSITARIOS,90.91,2022,9.090000000000003,Excelente
2022-23,4310978,MÁSTER UNIVERSITARIO EN INGENIERÍA MECÁNICA,UNIDAD DE MÁSTERES UNIVERSITARIOS,100.0,2022,0.0,Excelente
2022-23,4310979,"MÁSTER UNIVERSITARIO EN INTELIGENCIA ARTIFICIAL, RECONOCIMIENTO DE FORMAS E IMAGEN DIGITAL",UNIDAD DE MÁSTERES UNIVERSITARIOS,100.0,2022,0.0,Excelente
2022-23,4310980,MÁSTER UNIVERSITARIO EN SISTEMAS PROPULSIVOS PARA UNA MOVILIDAD SOSTENIBLE,UNIDAD DE MÁSTERES UNIVERSITARIOS,88.89,2022,11.11,Muy buena
2022-23,4310981,MÁSTER UNIVERSITARIO EN TECNOLOGÍA ENERGÉTICA PARA DESARROLLO SOSTENIBLE,E.T.S.I. INDUSTRIALES,100.0,2022,0.0,Excelente
2022-23,4310982,"MÁSTER UNIVERSITARIO EN TECNOLOGÍAS, SISTEMAS Y REDES DE COMUNICACIONES",E.T.S.I. DE TELECOMUNICACIÓN,100.0,2022,0.0,Excelente
2022-23,4311602,MÁSTER UNIVERSITARIO EN BIOTECNOLOGÍA BIOMÉDICA,UNIDAD DE MÁSTERES UNIVERSITARIOS,100.0,2022,0.0,Excelente
2022-23,4311603,MÁSTER UNIVERSITARIO EN BIOTECNOLOGÍA MOLECULAR Y CELULAR DE PLANTAS,UNIDAD DE MÁSTERES UNIVERSITARIOS,77.78,2022,22.22,Buena
2022-23,4311604,MÁSTER UNIVERSITARIO EN ECONOMÍA AGROALIMENTARIA Y DEL MEDIO AMBIENTE,UNIDAD DE MÁSTERES UNIVERSITARIOS,60.0,2022,40.0,Media
2022-23,4311605,MÁSTER UNIVERSITARIO EN GESTIÓN DE LA SEGURIDAD Y CALIDAD ALIMENTARIA,E.T.S.I. AGRONÓMICA Y DEL MEDIO NATURAL,86.67,2022,13.329999999999998,Muy buena
2022-23,4311606,"MÁSTER UNIVERSITARIO EN INGENIERÍA DE ANÁLISIS DE DATOS, MEJORA DE PROCESOS Y TOMA DE DECISIONES",UNIDAD DE MÁSTERES UNIVERSITARIOS,83.33,2022,16.67,Muy buena
2022-23,4311609,MÁSTER UNIVERSITARIO EN LENGUAS Y TECNOLOGÍA,UNIDAD DE MÁSTERES UNIVERSITARIOS,100.0,2022,0.0,Excelente
2022-23,4311612,MÁSTER UNIVERSITARIO EN POSTPRODUCCIÓN DIGITAL,ESCUELA POLITECNICA SUPERIOR DE GANDIA,66.67,2022,33.33,Media
2022-23,4311613,MÁSTER UNIVERSITARIO EN PREVENCIÓN DE RIESGOS LABORALES,UNIDAD DE MÁSTERES UNIVERSITARIOS,100.0,2022,0.0,Excelente
2022-23,4311614,MÁSTER UNIVERSITARIO EN PRODUCCIÓN ARTÍSTICA,FACULTAD DE BELLAS ARTES,86.67,2022,13.329999999999998,Muy buena
2022-23,4311725,MÁSTER UNIVERSITARIO EN COOPERACIÓN AL DESARROLLO,UNIDAD DE MÁSTERES UNIVERSITARIOS,87.5,2022,12.5,Muy buena
2022-23,4311726,MÁSTER UNIVERSITARIO EN INGENIERÍA AMBIENTAL,"E.T.S.I. CAMINOS, CANALES Y PUERTOS",100.0,2022,0.0,Excelente
2022-23,4312033,MÁSTER UNIVERSITARIO EN ACUICULTURA,UNIDAD DE MÁSTERES UNIVERSITARIOS,75.0,2022,25.0,Buena
2022-23,4312991,MÁSTER UNIVERSITARIO EN EVALUACIÓN Y SEGUIMIENTO AMBIENTAL DE ECOSISTEMAS MARINOS Y COSTEROS,ESCUELA POLITECNICA SUPERIOR DE GANDIA,100.0,2022,0.0,Excelente
2022-23,4313930,MÁSTER UNIVERSITARIO EN INVESTIGACIÓN MATEMÁTICA,UNIDAD DE MÁSTERES UNIVERSITARIOS,50.0,2022,50.0,Baja
2022-23,4314065,"MÁSTER UNIVERSITARIO EN INGENIERÍA, PROCESADO Y CARACTERIZACIÓN DE MATERIALES",E. POLITÉCNICA SUPERIOR DE ALCOY,100.0,2022,0.0,Excelente
2022-23,4314067,MÁSTER UNIVERSITARIO EN INGENIERÍA MECATRÓNICA,E.T.S. DE INGENIERIA DEL DISEÑO,100.0,2022,0.0,Excelente
2022-23,4314071,MÁSTER UNIVERSITARIO EN INGENIERÍA DE ORGANIZACIÓN Y LOGÍSTICA,E. POLITÉCNICA SUPERIOR DE ALCOY,100.0,2022,0.0,Excelente
2022-23,4314473,MÁSTER UNIVERSITARIO EN INGENIERÍA DE MONTES,E.T.S.I. AGRONÓMICA Y DEL MEDIO NATURAL,100.0,2022,0.0,Excelente
2022-23,4314518,MÁSTER UNIVERSITARIO EN INGENIERÍA DE TELECOMUNICACIÓN,E.T.S.I. DE TELECOMUNICACIÓN,100.0,2022,0.0,Excelente
2022-23,4314521,MÁSTER UNIVERSITARIO EN INGENIERÍA AERONÁUTICA,E.T.S. DE INGENIERIA DEL DISEÑO,94.12,2022,5.8799999999999955,Excelente
2022-23,4314523,MÁSTER UNIVERSITARIO EN INGENIERÍA QUÍMICA,E.T.S.I. INDUSTRIALES,88.89,2022,11.11,Muy buena
2022-23,4314524,MÁSTER UNIVERSITARIO EN INGENIERÍA INDUSTRIAL,E.T.S.I. INDUSTRIALES,98.25,2022,1.75,Excelente
2022-23,4314526,MÁSTER UNIVERSITARIO EN INGENIERÍA INFORMÁTICA,E.T.S. DE INGENIERÍA INFORMÁTICA,100.0,2022,0.0,Excelente
2022-23,4314528,MÁSTER UNIVERSITARIO EN ENOLOGÍA,E.T.S.I. AGRONÓMICA Y DEL MEDIO NATURAL,100.0,2022,0.0,Excelente
2022-23,4314529,MÁSTER UNIVERSITARIO EN INGENIERÍA AGRONÓMICA,E.T.S.I. AGRONÓMICA Y DEL MEDIO NATURAL,100.0,2022,0.0,Excelente
2022-23,4314646,MÁSTER UNIVERSITARIO EN INGENIERÍA GEOMÁTICA Y GEOINFORMACIÓN,"E.T.S.I. GEODESICA, CARTOGRAFICA Y TOP.",100.0,2022,0.0,Excelente
2022-23,4314647,"MÁSTER UNIVERSITARIO EN INGENIERÍA DE CAMINOS, CANALES Y PUERTOS","E.T.S.I. CAMINOS, CANALES Y PUERTOS",96.97,2022,3.030000000000001,Excelente
2022-23,4314825,MÁSTER UNIVERSITARIO EN DIRECCIÓN DE EMPRESAS (MBA),E. POLITÉCNICA SUPERIOR DE ALCOY,100.0,2022,0.0,Excelente
2022-23,4315002,MÁSTER UNIVERSITARIO EN INGENIERÍA TEXTIL,E. POLITÉCNICA SUPERIOR DE ALCOY,100.0,2022,0.0,Excelente
2022-23,4315070,MÁSTER UNIVERSITARIO EN ARQUITECTURA,E.T.S. DE ARQUITECTURA,97.01,2022,2.989999999999995,Excelente
2022-23,4315739,MÁSTER UNIVERSITARIO EN ARQUITECTURA DEL PAISAJE,E.T.S. DE ARQUITECTURA,100.0,2022,0.0,Excelente
2022-23,4315921,MÁSTER UNIVERSITARIO EN INGENIERÍA BIOMÉDICA,E.T.S.I. INDUSTRIALES,100.0,2022,0.0,Excelente
2022-23,4315941,MÁSTER UNIVERSITARIO ERASMUS MUNDUS EN SANIDAD VEGETAL EN AGRICULTURA SOSTENIBLE/ EUROPEAN MASTER DEGREE IN PLANT HEALTH IN SUSTAINABLE CROPPING SYSTEMS,UNIDAD DE MÁSTERES UNIVERSITARIOS,100.0,2022,0.0,Excelente
2022-23,4316135,MÁSTER UNIVERSITARIO EN GESTIÓN ADMINISTRATIVA,FACULTAD DE ADMINISTRACIÓN Y DIRECCIÓN DE EMPRESAS,75.0,2022,25.0,Buena
2023-24,2500739,GRADO EN ARQUITECTURA TÉCNICA,E.T.S. DE INGENIERÍA DE EDIFICACIÓN,100.0,2023,0.0,Excelente
2023-24,2500801,GRADO EN CIENCIAS AMBIENTALES,ESCUELA POLITECNICA SUPERIOR DE GANDIA,94.44,2023,5.560000000000002,Excelente
2023-24,2501354,GRADO EN COMUNICACIÓN AUDIOVISUAL,ESCUELA POLITECNICA SUPERIOR DE GANDIA,76.92,2023,23.08,Buena
2023-24,2501355,GRADO EN TURISMO,ESCUELA POLITECNICA SUPERIOR DE GANDIA,83.33,2023,16.67,Muy buena
2023-24,2501356,GRADO EN INGENIERÍA EN DISEÑO INDUSTRIAL Y DESARROLLO DE PRODUCTOS,E. POLITÉCNICA SUPERIOR DE ALCOY,96.67,2023,3.3299999999999983,Excelente
2023-24,2501356,GRADO EN INGENIERÍA EN DISEÑO INDUSTRIAL Y DESARROLLO DE PRODUCTOS,E.T.S. DE INGENIERIA AEROESPACIAL Y DISEÑO INDUSTRIAL,90.16,2023,9.840000000000003,Excelente
2023-24,2501484,GRADO EN BELLAS ARTES,FACULTAD DE BELLAS ARTES,80.22,2023,19.78,Muy buena
2023-24,2501485,GRADO EN CONSERVACIÓN Y RESTAURACIÓN DE BIENES CULTURALES,FACULTAD DE BELLAS ARTES,73.53,2023,26.47,Buena
2023-24,2501486,GRADO EN GESTIÓN Y ADMINISTRACIÓN PÚBLICA,FACULTAD DE ADMINISTRACIÓN Y DIRECCIÓN DE EMPRESAS,81.82,2023,18.180000000000007,Muy buena
2023-24,2501649,GRADO EN BIOTECNOLOGÍA,E.T.S.I. AGRONÓMICA Y DEL MEDIO NATURAL,94.44,2023,5.560000000000002,Excelente
2023-24,2501650,GRADO EN CIENCIA Y TECNOLOGÍA DE LOS ALIMENTOS,E.T.S.I. AGRONÓMICA Y DEL MEDIO NATURAL,84.0,2023,16.0,Muy buena
2023-24,2501651,GRADO EN ADMINISTRACIÓN Y DIRECCIÓN DE EMPRESAS,E. POLITÉCNICA SUPERIOR DE ALCOY,80.0,2023,20.0,Muy buena
2023-24,2501651,GRADO EN ADMINISTRACIÓN Y DIRECCIÓN DE EMPRESAS,FACULTAD DE ADMINISTRACIÓN Y DIRECCIÓN DE EMPRESAS,92.16,2023,7.840000000000003,Excelente
2023-24,2501653,GRADO EN INGENIERÍA AEROESPACIAL,E.T.S. DE INGENIERIA AEROESPACIAL Y DISEÑO INDUSTRIAL,91.49,2023,8.510000000000005,Excelente
2023-24,2501654,GRADO EN INGENIERÍA AGROALIMENTARIA Y DEL MEDIO RURAL,E.T.S.I. AGRONÓMICA Y DEL MEDIO NATURAL,93.75,2023,6.25,Excelente
2023-24,2501655,GRADO EN INGENIERÍA ELÉCTRICA,E. POLITÉCNICA SUPERIOR DE ALCOY,90.0,2023,10.0,Excelente
2023-24,2501655,GRADO EN INGENIERÍA ELÉCTRICA,E.T.S. DE INGENIERIA AEROESPACIAL Y DISEÑO INDUSTRIAL,92.59,2023,7.409999999999997,Excelente
2023-24,2501656,GRADO EN INGENIERÍA ELECTRÓNICA INDUSTRIAL Y AUTOMÁTICA,E.T.S. DE INGENIERIA AEROESPACIAL Y DISEÑO INDUSTRIAL,100.0,2023,0.0,Excelente
2023-24,2501657,GRADO EN INGENIERÍA GEOMÁTICA Y TOPOGRAFÍA,"E.T.S.I. GEODESICA, CARTOGRAFICA Y TOP.",87.5,2023,12.5,Muy buena
2023-24,2501658,GRADO EN INGENIERÍA DE ORGANIZACIÓN INDUSTRIAL,E.T.S.I. INDUSTRIALES,100.0,2023,0.0,Excelente
2023-24,2501659,GRADO EN INGENIERÍA EN TECNOLOGÍAS INDUSTRIALES,E.T.S.I. INDUSTRIALES,99.07,2023,0.9300000000000068,Excelente
2023-24,2501660,GRADO EN INGENIERÍA FORESTAL Y DEL MEDIO NATURAL,E.T.S.I. AGRONÓMICA Y DEL MEDIO NATURAL,78.57,2023,21.430000000000007,Buena
2023-24,2501661,GRADO EN INGENIERÍA INFORMÁTICA,E. POLITÉCNICA SUPERIOR DE ALCOY,100.0,2023,0.0,Excelente
2023-24,2501661,GRADO EN INGENIERÍA INFORMÁTICA,E.T.S. DE INGENIERÍA INFORMÁTICA,96.75,2023,3.25,Excelente
2023-24,2501662,GRADO EN INGENIERÍA QUÍMICA,E. POLITÉCNICA SUPERIOR DE ALCOY,92.31,2023,7.689999999999998,Excelente
2023-24,2501662,GRADO EN INGENIERÍA QUÍMICA,E.T.S.I. INDUSTRIALES,95.65,2023,4.349999999999994,Excelente
2023-24,2501663,"GRADO EN INGENIERÍA DE SISTEMAS DE TELECOMUNICACIÓN, SONIDO E IMAGEN",ESCUELA POLITECNICA SUPERIOR DE GANDIA,100.0,2023,0.0,Excelente
2023-24,2502182,GRADO EN INGENIERÍA MECÁNICA,E. POLITÉCNICA SUPERIOR DE ALCOY,95.12,2023,4.8799999999999955,Excelente
2023-24,2502182,GRADO EN INGENIERÍA MECÁNICA,E.T.S. DE INGENIERIA AEROESPACIAL Y DISEÑO INDUSTRIAL,98.41,2023,1.5900000000000034,Excelente
2023-24,2502407,GRADO EN INGENIERÍA DE TECNOLOGÍAS Y SERVICIOS DE TELECOMUNICACIÓN,E.T.S.I. DE TELECOMUNICACIÓN,97.14,2023,2.8599999999999994,Excelente
2023-24,2502660,GRADO EN INGENIERÍA DE LA ENERGÍA,E.T.S.I. INDUSTRIALES,94.74,2023,5.260000000000005,Excelente
2023-24,2502731,GRADO EN INGENIERÍA BIOMÉDICA,E.T.S.I. INDUSTRIALES,93.55,2023,6.450000000000003,Excelente
2023-24,2503025,GRADO EN FUNDAMENTOS DE LA ARQUITECTURA,E.T.S. DE ARQUITECTURA,92.55,2023,7.450000000000003,Excelente
2023-24,2503349,GRADO EN DISEÑO Y TECNOLOGÍAS CREATIVAS,FACULTAD DE BELLAS ARTES,82.86,2023,17.14,Muy buena
2023-24,4310279,MÁSTER UNIVERSITARIO EN COMPUTACIÓN EN LA NUBE Y DE ALTAS PRESTACIONES / CLOUD AND HIGH-PERFORMANCE COMPUTING,UNIDAD DE MÁSTERES UNIVERSITARIOS,100.0,2023,0.0,Excelente
2023-24,4310280,MÁSTER UNIVERSITARIO EN EDIFICACIÓN,E.T.S. DE INGENIERÍA DE EDIFICACIÓN,90.91,2023,9.090000000000003,Excelente
2023-24,4310282,MÁSTER UNIVERSITARIO EN INGENIERÍA ACÚSTICA,ESCUELA POLITECNICA SUPERIOR DE GANDIA,50.0,2023,50.0,Baja
2023-24,4310284,MÁSTER UNIVERSITARIO EN INGENIERÍA DE COMPUTADORES Y REDES,UNIDAD DE MÁSTERES UNIVERSITARIOS,100.0,2023,0.0,Excelente
2023-24,4310288,"MÁSTER UNIVERSITARIO EN TRANSPORTE, TERRITORIO Y URBANISMO","E.T.S.I. CAMINOS, CANALES Y PUERTOS",100.0,2023,0.0,Excelente
2023-24,4310468,MÁSTER UNIVERSITARIO EN SANIDAD Y PRODUCCIÓN VEGETAL,UNIDAD DE MÁSTERES UNIVERSITARIOS,100.0,2023,0.0,Excelente
2023-24,4310569,"MÁSTER UNIVERSITARIO EN INGENIERÍA AVANZADA DE PRODUCCIÓN, LOGÍSTICA Y CADENA DE SUMINISTRO",E.T.S.I. INDUSTRIALES,100.0,2023,0.0,Excelente
2023-24,4310809,MÁSTER UNIVERSITARIO EN ARTES VISUALES Y MULTIMEDIA,UNIDAD DE MÁSTERES UNIVERSITARIOS,100.0,2023,0.0,Excelente
2023-24,4310813,"MÁSTER UNIVERSITARIO EN GESTIÓN DE EMPRESAS, PRODUCTOS Y SERVICIOS",FACULTAD DE ADMINISTRACIÓN Y DIRECCIÓN DE EMPRESAS,100.0,2023,0.0,Excelente
2023-24,4310814,MÁSTER UNIVERSITARIO EN DIRECCIÓN FINANCIERA Y FISCAL,FACULTAD DE ADMINISTRACIÓN Y DIRECCIÓN DE EMPRESAS,100.0,2023,0.0,Excelente
2023-24,4310898,MÁSTER UNIVERSITARIO EN DIRECCIÓN Y GESTIÓN DE PROYECTOS,E.T.S.I. INDUSTRIALES,50.0,2023,50.0,Baja
2023-24,4310960,MÁSTER UNIVERSITARIO EN GESTIÓN CULTURAL,UNIDAD DE MÁSTERES UNIVERSITARIOS,87.5,2023,12.5,Muy buena
2023-24,4310963,"MÁSTER UNIVERSITARIO EN ARQUITECTURA AVANZADA, PAISAJE, URBANISMO Y DISEÑO",E.T.S. DE ARQUITECTURA,71.43,2023,28.569999999999993,Buena
2023-24,4310964,MÁSTER UNIVERSITARIO EN AUTOMÁTICA E INFORMÁTICA INDUSTRIAL,UNIDAD DE MÁSTERES UNIVERSITARIOS,100.0,2023,0.0,Excelente
2023-24,4310965,MÁSTER UNIVERSITARIO EN CIENCIA E INGENIERÍA DE LOS ALIMENTOS,E.T.S.I. AGRONÓMICA Y DEL MEDIO NATURAL,100.0,2023,0.0,Excelente
2023-24,4310966,MÁSTER UNIVERSITARIO EN CONSERVACIÓN DEL PATRIMONIO ARQUITECTÓNICO,E.T.S. DE ARQUITECTURA,90.91,2023,9.090000000000003,Excelente
2023-24,4310967,MÁSTER UNIVERSITARIO EN CONSERVACIÓN Y RESTAURACIÓN DE BIENES CULTURALES,UNIDAD DE MÁSTERES UNIVERSITARIOS,63.64,2023,36.36,Media
2023-24,4310968,MÁSTER UNIVERSITARIO EN CONSTRUCCIONES E INSTALACIONES INDUSTRIALES,E.T.S.I. INDUSTRIALES,100.0,2023,0.0,Excelente
2023-24,4310969,MÁSTER UNIVERSITARIO EN DISEÑO Y FABRICACIÓN INTEGRADA ASISTIDOS POR COMPUTADOR,E.T.S. DE INGENIERIA AEROESPACIAL Y DISEÑO INDUSTRIAL,100.0,2023,0.0,Excelente
2023-24,4310971,MÁSTER UNIVERSITARIO EN INGENIERÍA DE SISTEMAS ELECTRÓNICOS,E.T.S.I. DE TELECOMUNICACIÓN,100.0,2023,0.0,Excelente
2023-24,4310972,MÁSTER UNIVERSITARIO EN INGENIERÍA Y TECNOLOGÍA DE SISTEMAS SOFTWARE,UNIDAD DE MÁSTERES UNIVERSITARIOS,100.0,2023,0.0,Excelente
2023-24,4310973,MÁSTER UNIVERSITARIO EN INGENIERÍA DEL DISEÑO,E.T.S. DE INGENIERIA AEROESPACIAL Y DISEÑO INDUSTRIAL,88.89,2023,11.11,Muy buena
2023-24,4310974,MÁSTER UNIVERSITARIO EN INGENIERÍA DEL HORMIGÓN,UNIDAD DE MÁSTERES UNIVERSITARIOS,100.0,2023,0.0,Excelente
2023-24,4310975,MÁSTER UNIVERSITARIO EN INGENIERÍA DEL MANTENIMIENTO,E.T.S. DE INGENIERIA AEROESPACIAL Y DISEÑO INDUSTRIAL,100.0,2023,0.0,Excelente
2023-24,4310976,MÁSTER UNIVERSITARIO EN PLANIFICACIÓN Y GESTIÓN EN INGENIERÍA CIVIL,"E.T.S.I. CAMINOS, CANALES Y PUERTOS",100.0,2023,0.0,Excelente
2023-24,4310977,MÁSTER UNIVERSITARIO EN INGENIERÍA HIDRÁULICA Y MEDIO AMBIENTE,UNIDAD DE MÁSTERES UNIVERSITARIOS,91.67,2023,8.329999999999998,Excelente
2023-24,4310978,MÁSTER UNIVERSITARIO EN INGENIERÍA MECÁNICA,UNIDAD DE MÁSTERES UNIVERSITARIOS,100.0,2023,0.0,Excelente
2023-24,4310979,"MÁSTER UNIVERSITARIO EN INTELIGENCIA ARTIFICIAL, RECONOCIMIENTO DE FORMAS E IMAGEN DIGITAL",UNIDAD DE MÁSTERES UNIVERSITARIOS,100.0,2023,0.0,Excelente
2023-24,4310980,MÁSTER UNIVERSITARIO EN SISTEMAS PROPULSIVOS PARA UNA MOVILIDAD SOSTENIBLE,UNIDAD DE MÁSTERES UNIVERSITARIOS,100.0,2023,0.0,Excelente
2023-24,4310981,MÁSTER UNIVERSITARIO EN TECNOLOGÍA ENERGÉTICA PARA DESARROLLO SOSTENIBLE,E.T.S.I. INDUSTRIALES,88.89,2023,11.11,Muy buena
2023-24,4310982,"MÁSTER UNIVERSITARIO EN TECNOLOGÍAS, SISTEMAS Y REDES DE COMUNICACIONES",E.T.S.I. DE TELECOMUNICACIÓN,100.0,2023,0.0,Excelente
2023-24,4311602,MÁSTER UNIVERSITARIO EN BIOTECNOLOGÍA BIOMÉDICA,UNIDAD DE MÁSTERES UNIVERSITARIOS,90.0,2023,10.0,Excelente
2023-24,4311603,MÁSTER UNIVERSITARIO EN BIOTECNOLOGÍA MOLECULAR Y CELULAR DE PLANTAS,UNIDAD DE MÁSTERES UNIVERSITARIOS,100.0,2023,0.0,Excelente
2023-24,4311604,MÁSTER UNIVERSITARIO EN ECONOMÍA AGROALIMENTARIA Y DEL MEDIO AMBIENTE,UNIDAD DE MÁSTERES UNIVERSITARIOS,100.0,2023,0.0,Excelente
2023-24,4311605,MÁSTER UNIVERSITARIO EN GESTIÓN DE LA SEGURIDAD Y CALIDAD ALIMENTARIA,E.T.S.I. AGRONÓMICA Y DEL MEDIO NATURAL,100.0,2023,0.0,Excelente
2023-24,4311606,"MÁSTER UNIVERSITARIO EN INGENIERÍA DE ANÁLISIS DE DATOS, MEJORA DE PROCESOS Y TOMA DE DECISIONES",UNIDAD DE MÁSTERES UNIVERSITARIOS,100.0,2023,0.0,Excelente
2023-24,4311610,MÁSTER UNIVERSITARIO EN MEJORA GENÉTICA ANIMAL Y BIOTECNOLOGÍA DE LA REPRODUCCIÓN,UNIDAD DE MÁSTERES UNIVERSITARIOS,85.71,2023,14.290000000000006,Muy buena
2023-24,4311612,MÁSTER UNIVERSITARIO EN POSTPRODUCCIÓN DIGITAL,ESCUELA POLITECNICA SUPERIOR DE GANDIA,77.78,2023,22.22,Buena
2023-24,4311613,MÁSTER UNIVERSITARIO EN PREVENCIÓN DE RIESGOS LABORALES,UNIDAD DE MÁSTERES UNIVERSITARIOS,100.0,2023,0.0,Excelente
2023-24,4311614,MÁSTER UNIVERSITARIO EN PRODUCCIÓN ARTÍSTICA,FACULTAD DE BELLAS ARTES,76.19,2023,23.810000000000002,Buena
2023-24,4311725,MÁSTER UNIVERSITARIO EN COOPERACIÓN AL DESARROLLO,UNIDAD DE MÁSTERES UNIVERSITARIOS,85.71,2023,14.290000000000006,Muy buena
2023-24,4311726,MÁSTER UNIVERSITARIO EN INGENIERÍA AMBIENTAL,"E.T.S.I. CAMINOS, CANALES Y PUERTOS",100.0,2023,0.0,Excelente
2023-24,4312033,MÁSTER UNIVERSITARIO EN ACUICULTURA,UNIDAD DE MÁSTERES UNIVERSITARIOS,50.0,2023,50.0,Baja
2023-24,4312991,MÁSTER UNIVERSITARIO EN EVALUACIÓN Y SEGUIMIENTO AMBIENTAL DE ECOSISTEMAS MARINOS Y COSTEROS,ESCUELA POLITECNICA SUPERIOR DE GANDIA,100.0,2023,0.0,Excelente
2023-24,4313930,MÁSTER UNIVERSITARIO EN INVESTIGACIÓN MATEMÁTICA,UNIDAD DE MÁSTERES UNIVERSITARIOS,100.0,2023,0.0,Excelente
2023-24,4314065,"MÁSTER UNIVERSITARIO EN INGENIERÍA, PROCESADO Y CARACTERIZACIÓN DE MATERIALES",E. POLITÉCNICA SUPERIOR DE ALCOY,100.0,2023,0.0,Excelente
2023-24,4314067,MÁSTER UNIVERSITARIO EN INGENIERÍA MECATRÓNICA,E.T.S. DE INGENIERIA AEROESPACIAL Y DISEÑO INDUSTRIAL,88.89,2023,11.11,Muy buena
2023-24,4314071,MÁSTER UNIVERSITARIO EN INGENIERÍA DE ORGANIZACIÓN Y LOGÍSTICA,E. POLITÉCNICA SUPERIOR DE ALCOY,80.0,2023,20.0,Muy buena
2023-24,4314473,MÁSTER UNIVERSITARIO EN INGENIERÍA DE MONTES,E.T.S.I. AGRONÓMICA Y DEL MEDIO NATURAL,100.0,2023,0.0,Excelente
2023-24,4314518,MÁSTER UNIVERSITARIO EN INGENIERÍA DE TELECOMUNICACIÓN,E.T.S.I. DE TELECOMUNICACIÓN,96.15,2023,3.8499999999999943,Excelente
2023-24,4314521,MÁSTER UNIVERSITARIO EN INGENIERÍA AERONÁUTICA,E.T.S. DE INGENIERIA AEROESPACIAL Y DISEÑO INDUSTRIAL,100.0,2023,0.0,Excelente
2023-24,4314523,MÁSTER UNIVERSITARIO EN INGENIERÍA QUÍMICA,E.T.S.I. INDUSTRIALES,100.0,2023,0.0,Excelente
2023-24,4314524,MÁSTER UNIVERSITARIO EN INGENIERÍA INDUSTRIAL,E.T.S.I. INDUSTRIALES,97.09,2023,2.9099999999999966,Excelente
2023-24,4314526,MÁSTER UNIVERSITARIO EN INGENIERÍA INFORMÁTICA,E.T.S. DE INGENIERÍA INFORMÁTICA,71.43,2023,28.569999999999993,Buena
2023-24,4314528,MÁSTER UNIVERSITARIO EN ENOLOGÍA,E.T.S.I. AGRONÓMICA Y DEL MEDIO NATURAL,85.71,2023,14.290000000000006,Muy buena
2023-24,4314529,MÁSTER UNIVERSITARIO EN INGENIERÍA AGRONÓMICA,E.T.S.I. AGRONÓMICA Y DEL MEDIO NATURAL,100.0,2023,0.0,Excelente
2023-24,4314646,MÁSTER UNIVERSITARIO EN INGENIERÍA GEOMÁTICA Y GEOINFORMACIÓN,"E.T.S.I. GEODESICA, CARTOGRAFICA Y TOP.",100.0,2023,0.0,Excelente
2023-24,4314647,"MÁSTER UNIVERSITARIO EN INGENIERÍA DE CAMINOS, CANALES Y PUERTOS","E.T.S.I. CAMINOS, CANALES Y PUERTOS",97.14,2023,2.8599999999999994,Excelente
2023-24,4314825,MÁSTER UNIVERSITARIO EN DIRECCIÓN DE EMPRESAS (MBA),E. POLITÉCNICA SUPERIOR DE ALCOY,100.0,2023,0.0,Excelente
2023-24,4315002,MÁSTER UNIVERSITARIO EN INGENIERÍA TEXTIL,E. POLITÉCNICA SUPERIOR DE ALCOY,75.0,2023,25.0,Buena
2023-24,4315070,MÁSTER UNIVERSITARIO EN ARQUITECTURA,E.T.S. DE ARQUITECTURA,95.89,2023,4.109999999999999,Excelente
2023-24,4315921,MÁSTER UNIVERSITARIO EN INGENIERÍA BIOMÉDICA,E.T.S.I. INDUSTRIALES,100.0,2023,0.0,Excelente
2023-24,4315941,MÁSTER UNIVERSITARIO ERASMUS MUNDUS EN SANIDAD VEGETAL EN AGRICULTURA SOSTENIBLE/ EUROPEAN MASTER DEGREE IN PLANT HEALTH IN SUSTAINABLE CROPPING SYSTEMS,UNIDAD DE MÁSTERES UNIVERSITARIOS,100.0,2023,0.0,Excelente
2023-24,4316135,MÁSTER UNIVERSITARIO EN GESTIÓN ADMINISTRATIVA,FACULTAD DE ADMINISTRACIÓN Y DIRECCIÓN DE EMPRESAS,100.0,2023,0.0,Excelente
