TITULACION,CENTRO,año,cluster
GRADO EN ARQUITECTURA TÉCNICA,E.T.S. DE INGENIERÍA DE EDIFICACIÓN,2020,0
GRADO EN CIENCIAS AMBIENTALES,ESCUELA POLITECNICA SUPERIOR DE GANDIA,2020,0
GRADO EN COMUNICACIÓN AUDIOVISUAL,ESCUELA POLITECNICA SUPERIOR DE GANDIA,2020,0
GRADO EN TURISMO,ESCUELA POLITECNICA SUPERIOR DE GANDIA,2020,0
GRADO EN INGENIERÍA EN DISEÑO INDUSTRIAL Y DESARROLLO DE PRODUCTOS,E. POLITÉCNICA SUPERIOR DE ALCOY,2020,2
GRADO EN INGENIERÍA EN DISEÑO INDUSTRIAL Y DESARROLLO DE PRODUCTOS,E.T.S. DE INGENIERIA DEL DISEÑO,2020,2
GRADO EN BELLAS ARTES,FACULTAD DE BELLAS ARTES,2020,0
GRADO EN CONSERVACIÓN Y RESTAURACIÓN DE BIENES CULTURALES,FACULTAD DE BELLAS ARTES,2020,0
GRADO EN GESTIÓN Y ADMINISTRACIÓN PÚBLICA,FACULTAD DE ADMINISTRACIÓN Y DIRECCIÓN DE EMPRESAS,2020,0
GRADO EN BIOTECNOLOGÍA,E.T.S.I. AGRONÓMICA Y DEL MEDIO NATURAL,2020,2
GRADO EN CIENCIA Y TECNOLOGÍA DE LOS ALIMENTOS,E.T.S.I. AGRONÓMICA Y DEL MEDIO NATURAL,2020,2
GRADO EN ADMINISTRACIÓN Y DIRECCIÓN DE EMPRESAS,E. POLITÉCNICA SUPERIOR DE ALCOY,2020,2
GRADO EN ADMINISTRACIÓN Y DIRECCIÓN DE EMPRESAS,FACULTAD DE ADMINISTRACIÓN Y DIRECCIÓN DE EMPRESAS,2020,2
GRADO EN INGENIERÍA AEROESPACIAL,E.T.S. DE INGENIERIA DEL DISEÑO,2020,2
GRADO EN INGENIERÍA AGROALIMENTARIA Y DEL MEDIO RURAL,E.T.S.I. AGRONÓMICA Y DEL MEDIO NATURAL,2020,2
GRADO EN INGENIERÍA ELÉCTRICA,E. POLITÉCNICA SUPERIOR DE ALCOY,2020,2
GRADO EN INGENIERÍA ELÉCTRICA,E.T.S. DE INGENIERIA DEL DISEÑO,2020,2
GRADO EN INGENIERÍA ELECTRÓNICA INDUSTRIAL Y AUTOMÁTICA,E.T.S. DE INGENIERIA DEL DISEÑO,2020,2
GRADO EN INGENIERÍA GEOMÁTICA Y TOPOGRAFÍA,"E.T.S.I. GEODESICA, CARTOGRAFICA Y TOP.",2020,1
GRADO EN INGENIERÍA DE ORGANIZACIÓN INDUSTRIAL,E.T.S.I. INDUSTRIALES,2020,2
GRADO EN INGENIERÍA EN TECNOLOGÍAS INDUSTRIALES,E.T.S.I. INDUSTRIALES,2020,2
GRADO EN INGENIERÍA FORESTAL Y DEL MEDIO NATURAL,E.T.S.I. AGRONÓMICA Y DEL MEDIO NATURAL,2020,2
GRADO EN INGENIERÍA INFORMÁTICA,E. POLITÉCNICA SUPERIOR DE ALCOY,2020,0
GRADO EN INGENIERÍA INFORMÁTICA,E.T.S. DE INGENIERÍA INFORMÁTICA,2020,2
GRADO EN INGENIERÍA QUÍMICA,E. POLITÉCNICA SUPERIOR DE ALCOY,2020,0
GRADO EN INGENIERÍA QUÍMICA,E.T.S.I. INDUSTRIALES,2020,2
"GRADO EN INGENIERÍA DE SISTEMAS DE TELECOMUNICACIÓN, SONIDO E IMAGEN",ESCUELA POLITECNICA SUPERIOR DE GANDIA,2020,2
GRADO EN INGENIERÍA MECÁNICA,E. POLITÉCNICA SUPERIOR DE ALCOY,2020,2
GRADO EN INGENIERÍA MECÁNICA,E.T.S. DE INGENIERIA DEL DISEÑO,2020,2
GRADO EN INGENIERÍA DE OBRAS PÚBLICAS,"E.T.S.I. CAMINOS, CANALES Y PUERTOS",2020,0
GRADO EN INGENIERÍA DE TECNOLOGÍAS Y SERVICIOS DE TELECOMUNICACIÓN,E.T.S.I. DE TELECOMUNICACIÓN,2020,2
GRADO EN INGENIERÍA CIVIL,"E.T.S.I. CAMINOS, CANALES Y PUERTOS",2020,2
GRADO EN INGENIERÍA DE LA ENERGÍA,E.T.S.I. INDUSTRIALES,2020,2
GRADO EN INGENIERÍA BIOMÉDICA,E.T.S.I. INDUSTRIALES,2020,2
GRADO EN FUNDAMENTOS DE LA ARQUITECTURA,E.T.S. DE ARQUITECTURA,2020,2
GRADO EN DISEÑO Y TECNOLOGÍAS CREATIVAS,FACULTAD DE BELLAS ARTES,2020,0
GRADO EN TECNOLOGÍAS INTERACTIVAS,ESCUELA POLITECNICA SUPERIOR DE GANDIA,2020,0
GRADO EN CIENCIA DE DATOS,E.T.S. DE INGENIERÍA INFORMÁTICA,2020,2
GRADO EN TECNOLOGÍA DIGITAL Y MULTIMEDIA,E.T.S.I. DE TELECOMUNICACIÓN,2020,2
MÁSTER UNIVERSITARIO EN COMPUTACIÓN EN LA NUBE Y DE ALTAS PRESTACIONES / CLOUD AND HIGH-PERFORMANCE COMPUTING,UNIDAD DE MÁSTERES UNIVERSITARIOS,2020,1
MÁSTER UNIVERSITARIO EN EDIFICACIÓN,E.T.S. DE INGENIERÍA DE EDIFICACIÓN,2020,1
MÁSTER UNIVERSITARIO EN INGENIERÍA ACÚSTICA,ESCUELA POLITECNICA SUPERIOR DE GANDIA,2020,2
MÁSTER UNIVERSITARIO EN INGENIERÍA DE COMPUTADORES Y REDES,UNIDAD DE MÁSTERES UNIVERSITARIOS,2020,1
"MÁSTER UNIVERSITARIO EN TRANSPORTE, TERRITORIO Y URBANISMO","E.T.S.I. CAMINOS, CANALES Y PUERTOS",2020,1
MÁSTER UNIVERSITARIO EN SANIDAD Y PRODUCCIÓN VEGETAL,UNIDAD DE MÁSTERES UNIVERSITARIOS,2020,1
"MÁSTER UNIVERSITARIO EN INGENIERÍA AVANZADA DE PRODUCCIÓN, LOGÍSTICA Y CADENA DE SUMINISTRO",E.T.S.I. INDUSTRIALES,2020,2
MÁSTER UNIVERSITARIO EN ARTES VISUALES Y MULTIMEDIA,UNIDAD DE MÁSTERES UNIVERSITARIOS,2020,0
MÁSTER UNIVERSITARIO EN SEGURIDAD INDUSTRIAL Y MEDIO AMBIENTE,UNIDAD DE MÁSTERES UNIVERSITARIOS,2020,0
"MÁSTER UNIVERSITARIO EN GESTIÓN DE EMPRESAS, PRODUCTOS Y SERVICIOS",FACULTAD DE ADMINISTRACIÓN Y DIRECCIÓN DE EMPRESAS,2020,1
MÁSTER UNIVERSITARIO EN DIRECCIÓN FINANCIERA Y FISCAL,FACULTAD DE ADMINISTRACIÓN Y DIRECCIÓN DE EMPRESAS,2020,1
MÁSTER UNIVERSITARIO EN DIRECCIÓN Y GESTIÓN DE PROYECTOS,E.T.S.I. INDUSTRIALES,2020,2
MÁSTER UNIVERSITARIO EN GESTIÓN CULTURAL,UNIDAD DE MÁSTERES UNIVERSITARIOS,2020,0
"MÁSTER UNIVERSITARIO EN ARQUITECTURA AVANZADA, PAISAJE, URBANISMO Y DISEÑO",E.T.S. DE ARQUITECTURA,2020,1
MÁSTER UNIVERSITARIO EN AUTOMÁTICA E INFORMÁTICA INDUSTRIAL,UNIDAD DE MÁSTERES UNIVERSITARIOS,2020,2
MÁSTER UNIVERSITARIO EN CIENCIA E INGENIERÍA DE LOS ALIMENTOS,E.T.S.I. AGRONÓMICA Y DEL MEDIO NATURAL,2020,1
MÁSTER UNIVERSITARIO EN CONSERVACIÓN DEL PATRIMONIO ARQUITECTÓNICO,E.T.S. DE ARQUITECTURA,2020,2
MÁSTER UNIVERSITARIO EN CONSERVACIÓN Y RESTAURACIÓN DE BIENES CULTURALES,UNIDAD DE MÁSTERES UNIVERSITARIOS,2020,0
MÁSTER UNIVERSITARIO EN CONSTRUCCIONES E INSTALACIONES INDUSTRIALES,E.T.S.I. INDUSTRIALES,2020,1
MÁSTER UNIVERSITARIO EN DISEÑO Y FABRICACIÓN INTEGRADA ASISTIDOS POR COMPUTADOR,E.T.S. DE INGENIERIA DEL DISEÑO,2020,2
MÁSTER UNIVERSITARIO EN INGENIERÍA DE SISTEMAS ELECTRÓNICOS,E.T.S.I. DE TELECOMUNICACIÓN,2020,1
MÁSTER UNIVERSITARIO EN INGENIERÍA Y TECNOLOGÍA DE SISTEMAS SOFTWARE,UNIDAD DE MÁSTERES UNIVERSITARIOS,2020,1
MÁSTER UNIVERSITARIO EN INGENIERÍA DEL DISEÑO,E.T.S. DE INGENIERIA DEL DISEÑO,2020,2
MÁSTER UNIVERSITARIO EN INGENIERÍA DEL HORMIGÓN,UNIDAD DE MÁSTERES UNIVERSITARIOS,2020,0
MÁSTER UNIVERSITARIO EN INGENIERÍA DEL MANTENIMIENTO,E.T.S. DE INGENIERIA DEL DISEÑO,2020,1
MÁSTER UNIVERSITARIO EN PLANIFICACIÓN Y GESTIÓN EN INGENIERÍA CIVIL,"E.T.S.I. CAMINOS, CANALES Y PUERTOS",2020,2
MÁSTER UNIVERSITARIO EN INGENIERÍA HIDRÁULICA Y MEDIO AMBIENTE,UNIDAD DE MÁSTERES UNIVERSITARIOS,2020,1
MÁSTER UNIVERSITARIO EN INGENIERÍA MECÁNICA,UNIDAD DE MÁSTERES UNIVERSITARIOS,2020,0
"MÁSTER UNIVERSITARIO EN INTELIGENCIA ARTIFICIAL, RECONOCIMIENTO DE FORMAS E IMAGEN DIGITAL",UNIDAD DE MÁSTERES UNIVERSITARIOS,2020,1
MÁSTER UNIVERSITARIO EN SISTEMAS PROPULSIVOS PARA UNA MOVILIDAD SOSTENIBLE,UNIDAD DE MÁSTERES UNIVERSITARIOS,2020,1
MÁSTER UNIVERSITARIO EN TECNOLOGÍA ENERGÉTICA PARA DESARROLLO SOSTENIBLE,E.T.S.I. INDUSTRIALES,2020,2
"MÁSTER UNIVERSITARIO EN TECNOLOGÍAS, SISTEMAS Y REDES DE COMUNICACIONES",E.T.S.I. DE TELECOMUNICACIÓN,2020,1
MÁSTER UNIVERSITARIO EN BIOTECNOLOGÍA BIOMÉDICA,UNIDAD DE MÁSTERES UNIVERSITARIOS,2020,1
MÁSTER UNIVERSITARIO EN BIOTECNOLOGÍA MOLECULAR Y CELULAR DE PLANTAS,UNIDAD DE MÁSTERES UNIVERSITARIOS,2020,0
MÁSTER UNIVERSITARIO EN ECONOMÍA AGROALIMENTARIA Y DEL MEDIO AMBIENTE,UNIDAD DE MÁSTERES UNIVERSITARIOS,2020,0
MÁSTER UNIVERSITARIO EN GESTIÓN DE LA SEGURIDAD Y CALIDAD ALIMENTARIA,E.T.S.I. AGRONÓMICA Y DEL MEDIO NATURAL,2020,2
"MÁSTER UNIVERSITARIO EN INGENIERÍA DE ANÁLISIS DE DATOS, MEJORA DE PROCESOS Y TOMA DE DECISIONES",UNIDAD DE MÁSTERES UNIVERSITARIOS,2020,1
MÁSTER UNIVERSITARIO EN LENGUAS Y TECNOLOGÍA,UNIDAD DE MÁSTERES UNIVERSITARIOS,2020,1
MÁSTER UNIVERSITARIO EN MEJORA GENÉTICA ANIMAL Y BIOTECNOLOGÍA DE LA REPRODUCCIÓN,UNIDAD DE MÁSTERES UNIVERSITARIOS,2020,1
MÁSTER UNIVERSITARIO EN POSTPRODUCCIÓN DIGITAL,ESCUELA POLITECNICA SUPERIOR DE GANDIA,2020,0
MÁSTER UNIVERSITARIO EN PREVENCIÓN DE RIESGOS LABORALES,UNIDAD DE MÁSTERES UNIVERSITARIOS,2020,2
MÁSTER UNIVERSITARIO EN PRODUCCIÓN ARTÍSTICA,FACULTAD DE BELLAS ARTES,2020,0
MÁSTER UNIVERSITARIO EN COOPERACIÓN AL DESARROLLO,UNIDAD DE MÁSTERES UNIVERSITARIOS,2020,1
MÁSTER UNIVERSITARIO EN INGENIERÍA AMBIENTAL,"E.T.S.I. CAMINOS, CANALES Y PUERTOS",2020,0
MÁSTER UNIVERSITARIO EN ACUICULTURA,UNIDAD DE MÁSTERES UNIVERSITARIOS,2020,2
MÁSTER UNIVERSITARIO EN EVALUACIÓN Y SEGUIMIENTO AMBIENTAL DE ECOSISTEMAS MARINOS Y COSTEROS,ESCUELA POLITECNICA SUPERIOR DE GANDIA,2020,1
MÁSTER UNIVERSITARIO EN INVESTIGACIÓN MATEMÁTICA,UNIDAD DE MÁSTERES UNIVERSITARIOS,2020,2
"MÁSTER UNIVERSITARIO EN INGENIERÍA, PROCESADO Y CARACTERIZACIÓN DE MATERIALES",E. POLITÉCNICA SUPERIOR DE ALCOY,2020,1
MÁSTER UNIVERSITARIO EN INGENIERÍA MECATRÓNICA,E.T.S. DE INGENIERIA DEL DISEÑO,2020,2
MÁSTER UNIVERSITARIO EN INGENIERÍA DE ORGANIZACIÓN Y LOGÍSTICA,E. POLITÉCNICA SUPERIOR DE ALCOY,2020,1
MÁSTER UNIVERSITARIO EN INGENIERÍA DE MONTES,E.T.S.I. AGRONÓMICA Y DEL MEDIO NATURAL,2020,0
MÁSTER UNIVERSITARIO EN INGENIERÍA DE TELECOMUNICACIÓN,E.T.S.I. DE TELECOMUNICACIÓN,2020,2
MÁSTER UNIVERSITARIO EN INGENIERÍA AERONÁUTICA,E.T.S. DE INGENIERIA DEL DISEÑO,2020,2
MÁSTER UNIVERSITARIO EN INGENIERÍA QUÍMICA,E.T.S.I. INDUSTRIALES,2020,2
MÁSTER UNIVERSITARIO EN INGENIERÍA INDUSTRIAL,E.T.S.I. INDUSTRIALES,2020,2
MÁSTER UNIVERSITARIO EN INGENIERÍA INFORMÁTICA,E.T.S. DE INGENIERÍA INFORMÁTICA,2020,1
MÁSTER UNIVERSITARIO EN ENOLOGÍA,E.T.S.I. AGRONÓMICA Y DEL MEDIO NATURAL,2020,0
MÁSTER UNIVERSITARIO EN INGENIERÍA AGRONÓMICA,E.T.S.I. AGRONÓMICA Y DEL MEDIO NATURAL,2020,2
MÁSTER UNIVERSITARIO EN INGENIERÍA GEOMÁTICA Y GEOINFORMACIÓN,"E.T.S.I. GEODESICA, CARTOGRAFICA Y TOP.",2020,1
"MÁSTER UNIVERSITARIO EN INGENIERÍA DE CAMINOS, CANALES Y PUERTOS","E.T.S.I. CAMINOS, CANALES Y PUERTOS",2020,2
MÁSTER UNIVERSITARIO EN DIRECCIÓN DE EMPRESAS (MBA),E. POLITÉCNICA SUPERIOR DE ALCOY,2020,1
MÁSTER UNIVERSITARIO EN INGENIERÍA TEXTIL,E. POLITÉCNICA SUPERIOR DE ALCOY,2020,1
MÁSTER UNIVERSITARIO EN ARQUITECTURA,E.T.S. DE ARQUITECTURA,2020,2
MÁSTER UNIVERSITARIO EN ARQUITECTURA DEL PAISAJE,E.T.S. DE ARQUITECTURA,2020,2
MÁSTER UNIVERSITARIO EN INGENIERÍA BIOMÉDICA,E.T.S.I. INDUSTRIALES,2020,2
MÁSTER UNIVERSITARIO ERASMUS MUNDUS EN SANIDAD VEGETAL EN AGRICULTURA SOSTENIBLE/ EUROPEAN MASTER DEGREE IN PLANT HEALTH IN SUSTAINABLE CROPPING SYSTEMS,UNIDAD DE MÁSTERES UNIVERSITARIOS,2020,1
MÁSTER UNIVERSITARIO EN GESTIÓN ADMINISTRATIVA,FACULTAD DE ADMINISTRACIÓN Y DIRECCIÓN DE EMPRESAS,2020,1
"MÁSTER UNIVERSITARIO EN ESTUDIOS DE LA CIENCIA, LA TECNOLOGÍA Y LA INNOVACIÓN",UNIDAD DE MÁSTERES UNIVERSITARIOS,2020,1
MÁSTER UNIVERSITARIO EN MEJORA GENÉTICA VEGETAL,UNIDAD DE MÁSTERES UNIVERSITARIOS,2020,2
MÁSTER UNIVERSITARIO EN SOCIAL MEDIA Y COMUNICACIÓN CORPORATIVA,FACULTAD DE ADMINISTRACIÓN Y DIRECCIÓN DE EMPRESAS,2020,2
MÁSTER UNIVERSITARIO EN SISTEMAS INTELIGENTES DE TRANSPORTE,"E.T.S.I. CAMINOS, CANALES Y PUERTOS",2020,2
MÁSTER UNIVERSITARIO EN COMUNICACIÓN TRANSMEDIA,ESCUELA POLITECNICA SUPERIOR DE GANDIA,2020,1
MÁSTER UNIVERSITARIO EN CIBERSEGURIDAD Y CIBERINTELIGENCIA,E.T.S. DE INGENIERÍA INFORMÁTICA,2020,2
MÁSTER UNIVERSITARIO EN QUÍMICA SOSTENIBLE,UNIDAD DE MÁSTERES UNIVERSITARIOS,2020,1
GRADO EN ARQUITECTURA TÉCNICA,E.T.S. DE INGENIERÍA DE EDIFICACIÓN,2021,2
GRADO EN CIENCIAS AMBIENTALES,ESCUELA POLITECNICA SUPERIOR DE GANDIA,2021,2
GRADO EN COMUNICACIÓN AUDIOVISUAL,ESCUELA POLITECNICA SUPERIOR DE GANDIA,2021,2
GRADO EN TURISMO,ESCUELA POLITECNICA SUPERIOR DE GANDIA,2021,2
GRADO EN INGENIERÍA EN DISEÑO INDUSTRIAL Y DESARROLLO DE PRODUCTOS,E. POLITÉCNICA SUPERIOR DE ALCOY,2021,2
GRADO EN INGENIERÍA EN DISEÑO INDUSTRIAL Y DESARROLLO DE PRODUCTOS,E.T.S. DE INGENIERIA DEL DISEÑO,2021,2
GRADO EN BELLAS ARTES,FACULTAD DE BELLAS ARTES,2021,0
GRADO EN CONSERVACIÓN Y RESTAURACIÓN DE BIENES CULTURALES,FACULTAD DE BELLAS ARTES,2021,0
GRADO EN GESTIÓN Y ADMINISTRACIÓN PÚBLICA,FACULTAD DE ADMINISTRACIÓN Y DIRECCIÓN DE EMPRESAS,2021,2
GRADO EN BIOTECNOLOGÍA,E.T.S.I. AGRONÓMICA Y DEL MEDIO NATURAL,2021,2
GRADO EN CIENCIA Y TECNOLOGÍA DE LOS ALIMENTOS,E.T.S.I. AGRONÓMICA Y DEL MEDIO NATURAL,2021,2
GRADO EN ADMINISTRACIÓN Y DIRECCIÓN DE EMPRESAS,E. POLITÉCNICA SUPERIOR DE ALCOY,2021,1
GRADO EN ADMINISTRACIÓN Y DIRECCIÓN DE EMPRESAS,FACULTAD DE ADMINISTRACIÓN Y DIRECCIÓN DE EMPRESAS,2021,2
GRADO EN INGENIERÍA AEROESPACIAL,E.T.S. DE INGENIERIA DEL DISEÑO,2021,2
GRADO EN INGENIERÍA AGROALIMENTARIA Y DEL MEDIO RURAL,E.T.S.I. AGRONÓMICA Y DEL MEDIO NATURAL,2021,0
GRADO EN INGENIERÍA ELÉCTRICA,E. POLITÉCNICA SUPERIOR DE ALCOY,2021,2
GRADO EN INGENIERÍA ELÉCTRICA,E.T.S. DE INGENIERIA DEL DISEÑO,2021,2
GRADO EN INGENIERÍA ELECTRÓNICA INDUSTRIAL Y AUTOMÁTICA,E.T.S. DE INGENIERIA DEL DISEÑO,2021,2
GRADO EN INGENIERÍA GEOMÁTICA Y TOPOGRAFÍA,"E.T.S.I. GEODESICA, CARTOGRAFICA Y TOP.",2021,1
GRADO EN INGENIERÍA DE ORGANIZACIÓN INDUSTRIAL,E.T.S.I. INDUSTRIALES,2021,2
GRADO EN INGENIERÍA EN TECNOLOGÍAS INDUSTRIALES,E.T.S.I. INDUSTRIALES,2021,2
GRADO EN INGENIERÍA FORESTAL Y DEL MEDIO NATURAL,E.T.S.I. AGRONÓMICA Y DEL MEDIO NATURAL,2021,2
GRADO EN INGENIERÍA INFORMÁTICA,E. POLITÉCNICA SUPERIOR DE ALCOY,2021,2
GRADO EN INGENIERÍA INFORMÁTICA,E.T.S. DE INGENIERÍA INFORMÁTICA,2021,2
GRADO EN INGENIERÍA QUÍMICA,E. POLITÉCNICA SUPERIOR DE ALCOY,2021,1
GRADO EN INGENIERÍA QUÍMICA,E.T.S.I. INDUSTRIALES,2021,2
"GRADO EN INGENIERÍA DE SISTEMAS DE TELECOMUNICACIÓN, SONIDO E IMAGEN",ESCUELA POLITECNICA SUPERIOR DE GANDIA,2021,2
GRADO EN INGENIERÍA MECÁNICA,E. POLITÉCNICA SUPERIOR DE ALCOY,2021,2
GRADO EN INGENIERÍA MECÁNICA,E.T.S. DE INGENIERIA DEL DISEÑO,2021,2
GRADO EN INGENIERÍA DE OBRAS PÚBLICAS,"E.T.S.I. CAMINOS, CANALES Y PUERTOS",2021,1
GRADO EN INGENIERÍA DE TECNOLOGÍAS Y SERVICIOS DE TELECOMUNICACIÓN,E.T.S.I. DE TELECOMUNICACIÓN,2021,2
GRADO EN INGENIERÍA CIVIL,"E.T.S.I. CAMINOS, CANALES Y PUERTOS",2021,2
GRADO EN INGENIERÍA DE LA ENERGÍA,E.T.S.I. INDUSTRIALES,2021,2
GRADO EN INGENIERÍA BIOMÉDICA,E.T.S.I. INDUSTRIALES,2021,2
GRADO EN FUNDAMENTOS DE LA ARQUITECTURA,E.T.S. DE ARQUITECTURA,2021,2
GRADO EN DISEÑO Y TECNOLOGÍAS CREATIVAS,FACULTAD DE BELLAS ARTES,2021,0
GRADO EN TECNOLOGÍAS INTERACTIVAS,ESCUELA POLITECNICA SUPERIOR DE GANDIA,2021,2
GRADO EN CIENCIA DE DATOS,E.T.S. DE INGENIERÍA INFORMÁTICA,2021,2
GRADO EN TECNOLOGÍA DIGITAL Y MULTIMEDIA,E.T.S.I. DE TELECOMUNICACIÓN,2021,2
GRADO EN DISEÑO ARQUITECTÓNICO DE INTERIORES,E.T.S. DE ARQUITECTURA,2021,2
GRADO EN INGENIERÍA FÍSICA,E.T.S.I. DE TELECOMUNICACIÓN,2021,1
GRADO EN MATEMÁTICAS,E.T.S.I. DE TELECOMUNICACIÓN,2021,2
MÁSTER UNIVERSITARIO EN COMPUTACIÓN EN LA NUBE Y DE ALTAS PRESTACIONES / CLOUD AND HIGH-PERFORMANCE COMPUTING,UNIDAD DE MÁSTERES UNIVERSITARIOS,2021,1
MÁSTER UNIVERSITARIO EN EDIFICACIÓN,E.T.S. DE INGENIERÍA DE EDIFICACIÓN,2021,1
MÁSTER UNIVERSITARIO EN INGENIERÍA ACÚSTICA,ESCUELA POLITECNICA SUPERIOR DE GANDIA,2021,0
MÁSTER UNIVERSITARIO EN INGENIERÍA DE COMPUTADORES Y REDES,UNIDAD DE MÁSTERES UNIVERSITARIOS,2021,1
"MÁSTER UNIVERSITARIO EN TRANSPORTE, TERRITORIO Y URBANISMO","E.T.S.I. CAMINOS, CANALES Y PUERTOS",2021,2
MÁSTER UNIVERSITARIO EN SANIDAD Y PRODUCCIÓN VEGETAL,UNIDAD DE MÁSTERES UNIVERSITARIOS,2021,2
"MÁSTER UNIVERSITARIO EN INGENIERÍA AVANZADA DE PRODUCCIÓN, LOGÍSTICA Y CADENA DE SUMINISTRO",E.T.S.I. INDUSTRIALES,2021,1
MÁSTER UNIVERSITARIO EN ARTES VISUALES Y MULTIMEDIA,UNIDAD DE MÁSTERES UNIVERSITARIOS,2021,1
MÁSTER UNIVERSITARIO EN SEGURIDAD INDUSTRIAL Y MEDIO AMBIENTE,UNIDAD DE MÁSTERES UNIVERSITARIOS,2021,2
"MÁSTER UNIVERSITARIO EN GESTIÓN DE EMPRESAS, PRODUCTOS Y SERVICIOS",FACULTAD DE ADMINISTRACIÓN Y DIRECCIÓN DE EMPRESAS,2021,1
MÁSTER UNIVERSITARIO EN DIRECCIÓN FINANCIERA Y FISCAL,FACULTAD DE ADMINISTRACIÓN Y DIRECCIÓN DE EMPRESAS,2021,1
MÁSTER UNIVERSITARIO EN DIRECCIÓN Y GESTIÓN DE PROYECTOS,E.T.S.I. INDUSTRIALES,2021,1
MÁSTER UNIVERSITARIO EN GESTIÓN CULTURAL,UNIDAD DE MÁSTERES UNIVERSITARIOS,2021,0
"MÁSTER UNIVERSITARIO EN ARQUITECTURA AVANZADA, PAISAJE, URBANISMO Y DISEÑO",E.T.S. DE ARQUITECTURA,2021,2
MÁSTER UNIVERSITARIO EN AUTOMÁTICA E INFORMÁTICA INDUSTRIAL,UNIDAD DE MÁSTERES UNIVERSITARIOS,2021,2
MÁSTER UNIVERSITARIO EN CIENCIA E INGENIERÍA DE LOS ALIMENTOS,E.T.S.I. AGRONÓMICA Y DEL MEDIO NATURAL,2021,2
MÁSTER UNIVERSITARIO EN CONSERVACIÓN DEL PATRIMONIO ARQUITECTÓNICO,E.T.S. DE ARQUITECTURA,2021,2
MÁSTER UNIVERSITARIO EN CONSERVACIÓN Y RESTAURACIÓN DE BIENES CULTURALES,UNIDAD DE MÁSTERES UNIVERSITARIOS,2021,0
MÁSTER UNIVERSITARIO EN CONSTRUCCIONES E INSTALACIONES INDUSTRIALES,E.T.S.I. INDUSTRIALES,2021,1
MÁSTER UNIVERSITARIO EN DISEÑO Y FABRICACIÓN INTEGRADA ASISTIDOS POR COMPUTADOR,E.T.S. DE INGENIERIA DEL DISEÑO,2021,1
MÁSTER UNIVERSITARIO EN INGENIERÍA DE SISTEMAS ELECTRÓNICOS,E.T.S.I. DE TELECOMUNICACIÓN,2021,1
MÁSTER UNIVERSITARIO EN INGENIERÍA Y TECNOLOGÍA DE SISTEMAS SOFTWARE,UNIDAD DE MÁSTERES UNIVERSITARIOS,2021,1
MÁSTER UNIVERSITARIO EN INGENIERÍA DEL DISEÑO,E.T.S. DE INGENIERIA DEL DISEÑO,2021,2
MÁSTER UNIVERSITARIO EN INGENIERÍA DEL HORMIGÓN,UNIDAD DE MÁSTERES UNIVERSITARIOS,2021,1
MÁSTER UNIVERSITARIO EN INGENIERÍA DEL MANTENIMIENTO,E.T.S. DE INGENIERIA DEL DISEÑO,2021,1
MÁSTER UNIVERSITARIO EN PLANIFICACIÓN Y GESTIÓN EN INGENIERÍA CIVIL,"E.T.S.I. CAMINOS, CANALES Y PUERTOS",2021,0
MÁSTER UNIVERSITARIO EN INGENIERÍA HIDRÁULICA Y MEDIO AMBIENTE,UNIDAD DE MÁSTERES UNIVERSITARIOS,2021,1
MÁSTER UNIVERSITARIO EN INGENIERÍA MECÁNICA,UNIDAD DE MÁSTERES UNIVERSITARIOS,2021,1
"MÁSTER UNIVERSITARIO EN INTELIGENCIA ARTIFICIAL, RECONOCIMIENTO DE FORMAS E IMAGEN DIGITAL",UNIDAD DE MÁSTERES UNIVERSITARIOS,2021,1
MÁSTER UNIVERSITARIO EN SISTEMAS PROPULSIVOS PARA UNA MOVILIDAD SOSTENIBLE,UNIDAD DE MÁSTERES UNIVERSITARIOS,2021,1
MÁSTER UNIVERSITARIO EN TECNOLOGÍA ENERGÉTICA PARA DESARROLLO SOSTENIBLE,E.T.S.I. INDUSTRIALES,2021,1
"MÁSTER UNIVERSITARIO EN TECNOLOGÍAS, SISTEMAS Y REDES DE COMUNICACIONES",E.T.S.I. DE TELECOMUNICACIÓN,2021,1
MÁSTER UNIVERSITARIO EN BIOTECNOLOGÍA BIOMÉDICA,UNIDAD DE MÁSTERES UNIVERSITARIOS,2021,2
MÁSTER UNIVERSITARIO EN BIOTECNOLOGÍA MOLECULAR Y CELULAR DE PLANTAS,UNIDAD DE MÁSTERES UNIVERSITARIOS,2021,2
MÁSTER UNIVERSITARIO EN ECONOMÍA AGROALIMENTARIA Y DEL MEDIO AMBIENTE,UNIDAD DE MÁSTERES UNIVERSITARIOS,2021,1
MÁSTER UNIVERSITARIO EN GESTIÓN DE LA SEGURIDAD Y CALIDAD ALIMENTARIA,E.T.S.I. AGRONÓMICA Y DEL MEDIO NATURAL,2021,2
"MÁSTER UNIVERSITARIO EN INGENIERÍA DE ANÁLISIS DE DATOS, MEJORA DE PROCESOS Y TOMA DE DECISIONES",UNIDAD DE MÁSTERES UNIVERSITARIOS,2021,1
MÁSTER UNIVERSITARIO EN LENGUAS Y TECNOLOGÍA,UNIDAD DE MÁSTERES UNIVERSITARIOS,2021,1
MÁSTER UNIVERSITARIO EN MEJORA GENÉTICA ANIMAL Y BIOTECNOLOGÍA DE LA REPRODUCCIÓN,UNIDAD DE MÁSTERES UNIVERSITARIOS,2021,1
MÁSTER UNIVERSITARIO EN POSTPRODUCCIÓN DIGITAL,ESCUELA POLITECNICA SUPERIOR DE GANDIA,2021,0
MÁSTER UNIVERSITARIO EN PREVENCIÓN DE RIESGOS LABORALES,UNIDAD DE MÁSTERES UNIVERSITARIOS,2021,2
MÁSTER UNIVERSITARIO EN PRODUCCIÓN ARTÍSTICA,FACULTAD DE BELLAS ARTES,2021,0
MÁSTER UNIVERSITARIO EN COOPERACIÓN AL DESARROLLO,UNIDAD DE MÁSTERES UNIVERSITARIOS,2021,1
MÁSTER UNIVERSITARIO EN INGENIERÍA AMBIENTAL,"E.T.S.I. CAMINOS, CANALES Y PUERTOS",2021,2
MÁSTER UNIVERSITARIO EN ACUICULTURA,UNIDAD DE MÁSTERES UNIVERSITARIOS,2021,2
MÁSTER UNIVERSITARIO EN EVALUACIÓN Y SEGUIMIENTO AMBIENTAL DE ECOSISTEMAS MARINOS Y COSTEROS,ESCUELA POLITECNICA SUPERIOR DE GANDIA,2021,1
MÁSTER UNIVERSITARIO EN INVESTIGACIÓN MATEMÁTICA,UNIDAD DE MÁSTERES UNIVERSITARIOS,2021,1
"MÁSTER UNIVERSITARIO EN INGENIERÍA, PROCESADO Y CARACTERIZACIÓN DE MATERIALES",E. POLITÉCNICA SUPERIOR DE ALCOY,2021,1
MÁSTER UNIVERSITARIO EN INGENIERÍA MECATRÓNICA,E.T.S. DE INGENIERIA DEL DISEÑO,2021,2
MÁSTER UNIVERSITARIO EN INGENIERÍA DE ORGANIZACIÓN Y LOGÍSTICA,E. POLITÉCNICA SUPERIOR DE ALCOY,2021,1
MÁSTER UNIVERSITARIO EN INGENIERÍA DE MONTES,E.T.S.I. AGRONÓMICA Y DEL MEDIO NATURAL,2021,2
MÁSTER UNIVERSITARIO EN INGENIERÍA DE TELECOMUNICACIÓN,E.T.S.I. DE TELECOMUNICACIÓN,2021,2
MÁSTER UNIVERSITARIO EN INGENIERÍA AERONÁUTICA,E.T.S. DE INGENIERIA DEL DISEÑO,2021,2
MÁSTER UNIVERSITARIO EN INGENIERÍA QUÍMICA,E.T.S.I. INDUSTRIALES,2021,2
MÁSTER UNIVERSITARIO EN INGENIERÍA INDUSTRIAL,E.T.S.I. INDUSTRIALES,2021,2
MÁSTER UNIVERSITARIO EN INGENIERÍA INFORMÁTICA,E.T.S. DE INGENIERÍA INFORMÁTICA,2021,2
MÁSTER UNIVERSITARIO EN ENOLOGÍA,E.T.S.I. AGRONÓMICA Y DEL MEDIO NATURAL,2021,0
MÁSTER UNIVERSITARIO EN INGENIERÍA AGRONÓMICA,E.T.S.I. AGRONÓMICA Y DEL MEDIO NATURAL,2021,2
MÁSTER UNIVERSITARIO EN INGENIERÍA GEOMÁTICA Y GEOINFORMACIÓN,"E.T.S.I. GEODESICA, CARTOGRAFICA Y TOP.",2021,1
"MÁSTER UNIVERSITARIO EN INGENIERÍA DE CAMINOS, CANALES Y PUERTOS","E.T.S.I. CAMINOS, CANALES Y PUERTOS",2021,2
MÁSTER UNIVERSITARIO EN DIRECCIÓN DE EMPRESAS (MBA),E. POLITÉCNICA SUPERIOR DE ALCOY,2021,1
MÁSTER UNIVERSITARIO EN INGENIERÍA TEXTIL,E. POLITÉCNICA SUPERIOR DE ALCOY,2021,1
MÁSTER UNIVERSITARIO EN ARQUITECTURA,E.T.S. DE ARQUITECTURA,2021,2
MÁSTER UNIVERSITARIO EN ARQUITECTURA DEL PAISAJE,E.T.S. DE ARQUITECTURA,2021,1
MÁSTER UNIVERSITARIO EN INGENIERÍA BIOMÉDICA,E.T.S.I. INDUSTRIALES,2021,2
MÁSTER UNIVERSITARIO ERASMUS MUNDUS EN SANIDAD VEGETAL EN AGRICULTURA SOSTENIBLE/ EUROPEAN MASTER DEGREE IN PLANT HEALTH IN SUSTAINABLE CROPPING SYSTEMS,UNIDAD DE MÁSTERES UNIVERSITARIOS,2021,1
MÁSTER UNIVERSITARIO EN GESTIÓN ADMINISTRATIVA,FACULTAD DE ADMINISTRACIÓN Y DIRECCIÓN DE EMPRESAS,2021,2
"MÁSTER UNIVERSITARIO EN ESTUDIOS DE LA CIENCIA, LA TECNOLOGÍA Y LA INNOVACIÓN",UNIDAD DE MÁSTERES UNIVERSITARIOS,2021,1
MÁSTER UNIVERSITARIO EN MEJORA GENÉTICA VEGETAL,UNIDAD DE MÁSTERES UNIVERSITARIOS,2021,2
MÁSTER UNIVERSITARIO EN SOCIAL MEDIA Y COMUNICACIÓN CORPORATIVA,FACULTAD DE ADMINISTRACIÓN Y DIRECCIÓN DE EMPRESAS,2021,2
MÁSTER UNIVERSITARIO EN SISTEMAS INTELIGENTES DE TRANSPORTE,"E.T.S.I. CAMINOS, CANALES Y PUERTOS",2021,1
MÁSTER UNIVERSITARIO EN COMUNICACIÓN TRANSMEDIA,ESCUELA POLITECNICA SUPERIOR DE GANDIA,2021,2
MÁSTER UNIVERSITARIO EN CIBERSEGURIDAD Y CIBERINTELIGENCIA,E.T.S. DE INGENIERÍA INFORMÁTICA,2021,1
"MÁSTER UNIVERSITARIO ERASMUS MUNDUS EN ONDAS, ACÚSTICA, VIBRACIONES, INGENIERÍA Y SONIDO / ERASMUS MUNDUS MASTER IN WAVES, ACOUSTICS, VIBRATIONS, ENGINEERING AND SOUND (WAVES)",ESCUELA POLITECNICA SUPERIOR DE GANDIA,2021,2
MÁSTER UNIVERSITARIO EN QUÍMICA SOSTENIBLE,UNIDAD DE MÁSTERES UNIVERSITARIOS,2021,2
GRADO EN ARQUITECTURA TÉCNICA,E.T.S. DE INGENIERÍA DE EDIFICACIÓN,2022,2
GRADO EN CIENCIAS AMBIENTALES,ESCUELA POLITECNICA SUPERIOR DE GANDIA,2022,2
GRADO EN COMUNICACIÓN AUDIOVISUAL,ESCUELA POLITECNICA SUPERIOR DE GANDIA,2022,0
GRADO EN TURISMO,ESCUELA POLITECNICA SUPERIOR DE GANDIA,2022,0
GRADO EN INGENIERÍA EN DISEÑO INDUSTRIAL Y DESARROLLO DE PRODUCTOS,E. POLITÉCNICA SUPERIOR DE ALCOY,2022,2
GRADO EN INGENIERÍA EN DISEÑO INDUSTRIAL Y DESARROLLO DE PRODUCTOS,E.T.S. DE INGENIERIA DEL DISEÑO,2022,2
GRADO EN BELLAS ARTES,FACULTAD DE BELLAS ARTES,2022,0
GRADO EN CONSERVACIÓN Y RESTAURACIÓN DE BIENES CULTURALES,FACULTAD DE BELLAS ARTES,2022,0
GRADO EN GESTIÓN Y ADMINISTRACIÓN PÚBLICA,FACULTAD DE ADMINISTRACIÓN Y DIRECCIÓN DE EMPRESAS,2022,2
GRADO EN BIOTECNOLOGÍA,E.T.S.I. AGRONÓMICA Y DEL MEDIO NATURAL,2022,2
GRADO EN CIENCIA Y TECNOLOGÍA DE LOS ALIMENTOS,E.T.S.I. AGRONÓMICA Y DEL MEDIO NATURAL,2022,2
GRADO EN ADMINISTRACIÓN Y DIRECCIÓN DE EMPRESAS,E. POLITÉCNICA SUPERIOR DE ALCOY,2022,0
GRADO EN ADMINISTRACIÓN Y DIRECCIÓN DE EMPRESAS,FACULTAD DE ADMINISTRACIÓN Y DIRECCIÓN DE EMPRESAS,2022,2
GRADO EN INGENIERÍA AEROESPACIAL,E.T.S. DE INGENIERIA DEL DISEÑO,2022,2
GRADO EN INGENIERÍA AGROALIMENTARIA Y DEL MEDIO RURAL,E.T.S.I. AGRONÓMICA Y DEL MEDIO NATURAL,2022,2
GRADO EN INGENIERÍA ELÉCTRICA,E. POLITÉCNICA SUPERIOR DE ALCOY,2022,2
GRADO EN INGENIERÍA ELÉCTRICA,E.T.S. DE INGENIERIA DEL DISEÑO,2022,2
GRADO EN INGENIERÍA ELECTRÓNICA INDUSTRIAL Y AUTOMÁTICA,E.T.S. DE INGENIERIA DEL DISEÑO,2022,2
GRADO EN INGENIERÍA GEOMÁTICA Y TOPOGRAFÍA,"E.T.S.I. GEODESICA, CARTOGRAFICA Y TOP.",2022,1
GRADO EN INGENIERÍA DE ORGANIZACIÓN INDUSTRIAL,E.T.S.I. INDUSTRIALES,2022,2
GRADO EN INGENIERÍA EN TECNOLOGÍAS INDUSTRIALES,E.T.S.I. INDUSTRIALES,2022,2
GRADO EN INGENIERÍA FORESTAL Y DEL MEDIO NATURAL,E.T.S.I. AGRONÓMICA Y DEL MEDIO NATURAL,2022,2
GRADO EN INGENIERÍA INFORMÁTICA,E. POLITÉCNICA SUPERIOR DE ALCOY,2022,2
GRADO EN INGENIERÍA INFORMÁTICA,E.T.S. DE INGENIERÍA INFORMÁTICA,2022,2
GRADO EN INGENIERÍA QUÍMICA,E. POLITÉCNICA SUPERIOR DE ALCOY,2022,2
GRADO EN INGENIERÍA QUÍMICA,E.T.S.I. INDUSTRIALES,2022,2
"GRADO EN INGENIERÍA DE SISTEMAS DE TELECOMUNICACIÓN, SONIDO E IMAGEN",ESCUELA POLITECNICA SUPERIOR DE GANDIA,2022,1
GRADO EN INGENIERÍA MECÁNICA,E. POLITÉCNICA SUPERIOR DE ALCOY,2022,2
GRADO EN INGENIERÍA MECÁNICA,E.T.S. DE INGENIERIA DEL DISEÑO,2022,2
GRADO EN INGENIERÍA DE OBRAS PÚBLICAS,"E.T.S.I. CAMINOS, CANALES Y PUERTOS",2022,1
GRADO EN INGENIERÍA DE TECNOLOGÍAS Y SERVICIOS DE TELECOMUNICACIÓN,E.T.S.I. DE TELECOMUNICACIÓN,2022,2
GRADO EN INGENIERÍA CIVIL,"E.T.S.I. CAMINOS, CANALES Y PUERTOS",2022,2
GRADO EN INGENIERÍA DE LA ENERGÍA,E.T.S.I. INDUSTRIALES,2022,2
GRADO EN INGENIERÍA BIOMÉDICA,E.T.S.I. INDUSTRIALES,2022,2
GRADO EN FUNDAMENTOS DE LA ARQUITECTURA,E.T.S. DE ARQUITECTURA,2022,1
GRADO EN DISEÑO Y TECNOLOGÍAS CREATIVAS,FACULTAD DE BELLAS ARTES,2022,0
GRADO EN TECNOLOGÍAS INTERACTIVAS,ESCUELA POLITECNICA SUPERIOR DE GANDIA,2022,0
GRADO EN CIENCIA DE DATOS,E.T.S. DE INGENIERÍA INFORMÁTICA,2022,2
GRADO EN TECNOLOGÍA DIGITAL Y MULTIMEDIA,E.T.S.I. DE TELECOMUNICACIÓN,2022,2
GRADO EN DISEÑO ARQUITECTÓNICO DE INTERIORES,E.T.S. DE ARQUITECTURA,2022,2
GRADO EN INGENIERÍA FÍSICA,E.T.S.I. DE TELECOMUNICACIÓN,2022,2
GRADO EN MATEMÁTICAS,E.T.S.I. DE TELECOMUNICACIÓN,2022,2
GRADO EN INFORMÁTICA INDUSTRIAL Y ROBÓTICA,E. POLITÉCNICA SUPERIOR DE ALCOY,2022,2
GRADO EN INFORMÁTICA INDUSTRIAL Y ROBÓTICA,E.T.S. DE INGENIERÍA INFORMÁTICA,2022,2
GRADO EN GESTIÓN DEL TRANSPORTE Y LA LOGÍSTICA,"E.T.S.I. CAMINOS, CANALES Y PUERTOS",2022,1
MÁSTER UNIVERSITARIO EN COMPUTACIÓN EN LA NUBE Y DE ALTAS PRESTACIONES / CLOUD AND HIGH-PERFORMANCE COMPUTING,UNIDAD DE MÁSTERES UNIVERSITARIOS,2022,1
MÁSTER UNIVERSITARIO EN EDIFICACIÓN,E.T.S. DE INGENIERÍA DE EDIFICACIÓN,2022,1
MÁSTER UNIVERSITARIO EN INGENIERÍA ACÚSTICA,ESCUELA POLITECNICA SUPERIOR DE GANDIA,2022,2
MÁSTER UNIVERSITARIO EN INGENIERÍA DE COMPUTADORES Y REDES,UNIDAD DE MÁSTERES UNIVERSITARIOS,2022,1
"MÁSTER UNIVERSITARIO EN TRANSPORTE, TERRITORIO Y URBANISMO","E.T.S.I. CAMINOS, CANALES Y PUERTOS",2022,1
MÁSTER UNIVERSITARIO EN SANIDAD Y PRODUCCIÓN VEGETAL,UNIDAD DE MÁSTERES UNIVERSITARIOS,2022,1
"MÁSTER UNIVERSITARIO EN INGENIERÍA AVANZADA DE PRODUCCIÓN, LOGÍSTICA Y CADENA DE SUMINISTRO",E.T.S.I. INDUSTRIALES,2022,1
MÁSTER UNIVERSITARIO EN ARTES VISUALES Y MULTIMEDIA,UNIDAD DE MÁSTERES UNIVERSITARIOS,2022,2
"MÁSTER UNIVERSITARIO EN GESTIÓN DE EMPRESAS, PRODUCTOS Y SERVICIOS",FACULTAD DE ADMINISTRACIÓN Y DIRECCIÓN DE EMPRESAS,2022,1
MÁSTER UNIVERSITARIO EN DIRECCIÓN FINANCIERA Y FISCAL,FACULTAD DE ADMINISTRACIÓN Y DIRECCIÓN DE EMPRESAS,2022,2
MÁSTER UNIVERSITARIO EN DIRECCIÓN Y GESTIÓN DE PROYECTOS,E.T.S.I. INDUSTRIALES,2022,1
MÁSTER UNIVERSITARIO EN GESTIÓN CULTURAL,UNIDAD DE MÁSTERES UNIVERSITARIOS,2022,2
"MÁSTER UNIVERSITARIO EN ARQUITECTURA AVANZADA, PAISAJE, URBANISMO Y DISEÑO",E.T.S. DE ARQUITECTURA,2022,2
MÁSTER UNIVERSITARIO EN AUTOMÁTICA E INFORMÁTICA INDUSTRIAL,UNIDAD DE MÁSTERES UNIVERSITARIOS,2022,2
MÁSTER UNIVERSITARIO EN CIENCIA E INGENIERÍA DE LOS ALIMENTOS,E.T.S.I. AGRONÓMICA Y DEL MEDIO NATURAL,2022,2
MÁSTER UNIVERSITARIO EN CONSERVACIÓN DEL PATRIMONIO ARQUITECTÓNICO,E.T.S. DE ARQUITECTURA,2022,0
MÁSTER UNIVERSITARIO EN CONSERVACIÓN Y RESTAURACIÓN DE BIENES CULTURALES,UNIDAD DE MÁSTERES UNIVERSITARIOS,2022,2
MÁSTER UNIVERSITARIO EN CONSTRUCCIONES E INSTALACIONES INDUSTRIALES,E.T.S.I. INDUSTRIALES,2022,1
MÁSTER UNIVERSITARIO EN DISEÑO Y FABRICACIÓN INTEGRADA ASISTIDOS POR COMPUTADOR,E.T.S. DE INGENIERIA DEL DISEÑO,2022,2
MÁSTER UNIVERSITARIO EN INGENIERÍA DE SISTEMAS ELECTRÓNICOS,E.T.S.I. DE TELECOMUNICACIÓN,2022,1
MÁSTER UNIVERSITARIO EN INGENIERÍA Y TECNOLOGÍA DE SISTEMAS SOFTWARE,UNIDAD DE MÁSTERES UNIVERSITARIOS,2022,2
MÁSTER UNIVERSITARIO EN INGENIERÍA DEL DISEÑO,E.T.S. DE INGENIERIA DEL DISEÑO,2022,0
MÁSTER UNIVERSITARIO EN INGENIERÍA DEL HORMIGÓN,UNIDAD DE MÁSTERES UNIVERSITARIOS,2022,1
MÁSTER UNIVERSITARIO EN INGENIERÍA DEL MANTENIMIENTO,E.T.S. DE INGENIERIA DEL DISEÑO,2022,1
MÁSTER UNIVERSITARIO EN PLANIFICACIÓN Y GESTIÓN EN INGENIERÍA CIVIL,"E.T.S.I. CAMINOS, CANALES Y PUERTOS",2022,1
MÁSTER UNIVERSITARIO EN INGENIERÍA HIDRÁULICA Y MEDIO AMBIENTE,UNIDAD DE MÁSTERES UNIVERSITARIOS,2022,2
MÁSTER UNIVERSITARIO EN INGENIERÍA MECÁNICA,UNIDAD DE MÁSTERES UNIVERSITARIOS,2022,1
"MÁSTER UNIVERSITARIO EN INTELIGENCIA ARTIFICIAL, RECONOCIMIENTO DE FORMAS E IMAGEN DIGITAL",UNIDAD DE MÁSTERES UNIVERSITARIOS,2022,1
MÁSTER UNIVERSITARIO EN SISTEMAS PROPULSIVOS PARA UNA MOVILIDAD SOSTENIBLE,UNIDAD DE MÁSTERES UNIVERSITARIOS,2022,1
MÁSTER UNIVERSITARIO EN TECNOLOGÍA ENERGÉTICA PARA DESARROLLO SOSTENIBLE,E.T.S.I. INDUSTRIALES,2022,2
"MÁSTER UNIVERSITARIO EN TECNOLOGÍAS, SISTEMAS Y REDES DE COMUNICACIONES",E.T.S.I. DE TELECOMUNICACIÓN,2022,1
MÁSTER UNIVERSITARIO EN BIOTECNOLOGÍA BIOMÉDICA,UNIDAD DE MÁSTERES UNIVERSITARIOS,2022,2
MÁSTER UNIVERSITARIO EN BIOTECNOLOGÍA MOLECULAR Y CELULAR DE PLANTAS,UNIDAD DE MÁSTERES UNIVERSITARIOS,2022,0
MÁSTER UNIVERSITARIO EN ECONOMÍA AGROALIMENTARIA Y DEL MEDIO AMBIENTE,UNIDAD DE MÁSTERES UNIVERSITARIOS,2022,0
MÁSTER UNIVERSITARIO EN GESTIÓN DE LA SEGURIDAD Y CALIDAD ALIMENTARIA,E.T.S.I. AGRONÓMICA Y DEL MEDIO NATURAL,2022,2
"MÁSTER UNIVERSITARIO EN INGENIERÍA DE ANÁLISIS DE DATOS, MEJORA DE PROCESOS Y TOMA DE DECISIONES",UNIDAD DE MÁSTERES UNIVERSITARIOS,2022,2
MÁSTER UNIVERSITARIO EN LENGUAS Y TECNOLOGÍA,UNIDAD DE MÁSTERES UNIVERSITARIOS,2022,2
MÁSTER UNIVERSITARIO EN MEJORA GENÉTICA ANIMAL Y BIOTECNOLOGÍA DE LA REPRODUCCIÓN,UNIDAD DE MÁSTERES UNIVERSITARIOS,2022,1
MÁSTER UNIVERSITARIO EN POSTPRODUCCIÓN DIGITAL,ESCUELA POLITECNICA SUPERIOR DE GANDIA,2022,0
MÁSTER UNIVERSITARIO EN PREVENCIÓN DE RIESGOS LABORALES,UNIDAD DE MÁSTERES UNIVERSITARIOS,2022,2
MÁSTER UNIVERSITARIO EN PRODUCCIÓN ARTÍSTICA,FACULTAD DE BELLAS ARTES,2022,2
MÁSTER UNIVERSITARIO EN COOPERACIÓN AL DESARROLLO,UNIDAD DE MÁSTERES UNIVERSITARIOS,2022,1
MÁSTER UNIVERSITARIO EN INGENIERÍA AMBIENTAL,"E.T.S.I. CAMINOS, CANALES Y PUERTOS",2022,2
MÁSTER UNIVERSITARIO EN ACUICULTURA,UNIDAD DE MÁSTERES UNIVERSITARIOS,2022,1
MÁSTER UNIVERSITARIO EN EVALUACIÓN Y SEGUIMIENTO AMBIENTAL DE ECOSISTEMAS MARINOS Y COSTEROS,ESCUELA POLITECNICA SUPERIOR DE GANDIA,2022,2
MÁSTER UNIVERSITARIO EN INVESTIGACIÓN MATEMÁTICA,UNIDAD DE MÁSTERES UNIVERSITARIOS,2022,0
"MÁSTER UNIVERSITARIO EN INGENIERÍA, PROCESADO Y CARACTERIZACIÓN DE MATERIALES",E. POLITÉCNICA SUPERIOR DE ALCOY,2022,1
MÁSTER UNIVERSITARIO EN INGENIERÍA MECATRÓNICA,E.T.S. DE INGENIERIA DEL DISEÑO,2022,2
MÁSTER UNIVERSITARIO EN INGENIERÍA DE ORGANIZACIÓN Y LOGÍSTICA,E. POLITÉCNICA SUPERIOR DE ALCOY,2022,1
MÁSTER UNIVERSITARIO EN INGENIERÍA DE MONTES,E.T.S.I. AGRONÓMICA Y DEL MEDIO NATURAL,2022,2
MÁSTER UNIVERSITARIO EN INGENIERÍA DE TELECOMUNICACIÓN,E.T.S.I. DE TELECOMUNICACIÓN,2022,2
MÁSTER UNIVERSITARIO EN INGENIERÍA AERONÁUTICA,E.T.S. DE INGENIERIA DEL DISEÑO,2022,2
MÁSTER UNIVERSITARIO EN INGENIERÍA QUÍMICA,E.T.S.I. INDUSTRIALES,2022,2
MÁSTER UNIVERSITARIO EN INGENIERÍA INDUSTRIAL,E.T.S.I. INDUSTRIALES,2022,2
MÁSTER UNIVERSITARIO EN INGENIERÍA INFORMÁTICA,E.T.S. DE INGENIERÍA INFORMÁTICA,2022,2
MÁSTER UNIVERSITARIO EN ENOLOGÍA,E.T.S.I. AGRONÓMICA Y DEL MEDIO NATURAL,2022,2
MÁSTER UNIVERSITARIO EN INGENIERÍA AGRONÓMICA,E.T.S.I. AGRONÓMICA Y DEL MEDIO NATURAL,2022,2
MÁSTER UNIVERSITARIO EN INGENIERÍA GEOMÁTICA Y GEOINFORMACIÓN,"E.T.S.I. GEODESICA, CARTOGRAFICA Y TOP.",2022,1
"MÁSTER UNIVERSITARIO EN INGENIERÍA DE CAMINOS, CANALES Y PUERTOS","E.T.S.I. CAMINOS, CANALES Y PUERTOS",2022,2
MÁSTER UNIVERSITARIO EN DIRECCIÓN DE EMPRESAS (MBA),E. POLITÉCNICA SUPERIOR DE ALCOY,2022,1
MÁSTER UNIVERSITARIO EN INGENIERÍA TEXTIL,E. POLITÉCNICA SUPERIOR DE ALCOY,2022,1
MÁSTER UNIVERSITARIO EN ARQUITECTURA,E.T.S. DE ARQUITECTURA,2022,2
MÁSTER UNIVERSITARIO EN ARQUITECTURA DEL PAISAJE,E.T.S. DE ARQUITECTURA,2022,1
MÁSTER UNIVERSITARIO EN INGENIERÍA BIOMÉDICA,E.T.S.I. INDUSTRIALES,2022,2
MÁSTER UNIVERSITARIO ERASMUS MUNDUS EN SANIDAD VEGETAL EN AGRICULTURA SOSTENIBLE/ EUROPEAN MASTER DEGREE IN PLANT HEALTH IN SUSTAINABLE CROPPING SYSTEMS,UNIDAD DE MÁSTERES UNIVERSITARIOS,2022,1
MÁSTER UNIVERSITARIO EN GESTIÓN ADMINISTRATIVA,FACULTAD DE ADMINISTRACIÓN Y DIRECCIÓN DE EMPRESAS,2022,0
"MÁSTER UNIVERSITARIO EN ESTUDIOS DE LA CIENCIA, LA TECNOLOGÍA Y LA INNOVACIÓN",UNIDAD DE MÁSTERES UNIVERSITARIOS,2022,1
MÁSTER UNIVERSITARIO EN MEJORA GENÉTICA VEGETAL,UNIDAD DE MÁSTERES UNIVERSITARIOS,2022,2
MÁSTER UNIVERSITARIO EN SOCIAL MEDIA Y COMUNICACIÓN CORPORATIVA,FACULTAD DE ADMINISTRACIÓN Y DIRECCIÓN DE EMPRESAS,2022,2
MÁSTER UNIVERSITARIO EN SISTEMAS INTELIGENTES DE TRANSPORTE,"E.T.S.I. CAMINOS, CANALES Y PUERTOS",2022,2
MÁSTER UNIVERSITARIO EN COMUNICACIÓN TRANSMEDIA,ESCUELA POLITECNICA SUPERIOR DE GANDIA,2022,1
MÁSTER UNIVERSITARIO EN CIBERSEGURIDAD Y CIBERINTELIGENCIA,E.T.S. DE INGENIERÍA INFORMÁTICA,2022,1
"MÁSTER UNIVERSITARIO ERASMUS MUNDUS EN ONDAS, ACÚSTICA, VIBRACIONES, INGENIERÍA Y SONIDO / ERASMUS MUNDUS MASTER IN WAVES, ACOUSTICS, VIBRATIONS, ENGINEERING AND SOUND (WAVES)",ESCUELA POLITECNICA SUPERIOR DE GANDIA,2022,2
MÁSTER UNIVERSITARIO EN QUÍMICA SOSTENIBLE,UNIDAD DE MÁSTERES UNIVERSITARIOS,2022,1
MÁSTER UNIVERSITARIO EN INGENIERÍA BIOAMBIENTAL Y DEL PAISAJE,E.T.S.I. AGRONÓMICA Y DEL MEDIO NATURAL,2022,1
MÁSTER UNIVERSITARIO ERASMUS MUNDUS EN MEJORA GENÉTICA VEGETAL / ERASMUS MUNDUS MASTER IN PLANT BREEDING - EMPLANT +,UNIDAD DE MÁSTERES UNIVERSITARIOS,2022,1
MÁSTER UNIVERSITARIO EN GANADERÍA DE PRECISIÓN,E.T.S.I. AGRONÓMICA Y DEL MEDIO NATURAL,2022,1
MÁSTER UNIVERSITARIO EN MECÁNICA DE FLUIDOS COMPUTACIONAL,E.T.S. DE INGENIERIA DEL DISEÑO,2022,2
MÁSTER UNIVERSITARIO ERASMUS MUNDUS EN CIENCIA EN INGENIERÍA TEXTIL / ERASMUS MUNDUS MASTER OF SCIENCE IN TEXTILE ENGINEERING,E. POLITÉCNICA SUPERIOR DE ALCOY,2022,2
MÁSTER UNIVERSITARIO EN SEGURIDAD NUCLEAR Y PROTECCIÓN RADIOLÓGICA,E.T.S.I. INDUSTRIALES,2022,1
GRADO EN ARQUITECTURA TÉCNICA,E.T.S. DE INGENIERÍA DE EDIFICACIÓN,2023,2
GRADO EN CIENCIAS AMBIENTALES,ESCUELA POLITECNICA SUPERIOR DE GANDIA,2023,2
GRADO EN COMUNICACIÓN AUDIOVISUAL,ESCUELA POLITECNICA SUPERIOR DE GANDIA,2023,0
GRADO EN TURISMO,ESCUELA POLITECNICA SUPERIOR DE GANDIA,2023,0
GRADO EN INGENIERÍA EN DISEÑO INDUSTRIAL Y DESARROLLO DE PRODUCTOS,E. POLITÉCNICA SUPERIOR DE ALCOY,2023,2
GRADO EN INGENIERÍA EN DISEÑO INDUSTRIAL Y DESARROLLO DE PRODUCTOS,E.T.S. DE INGENIERIA AEROESPACIAL Y DISEÑO INDUSTRIAL,2023,2
GRADO EN BELLAS ARTES,FACULTAD DE BELLAS ARTES,2023,0
GRADO EN CONSERVACIÓN Y RESTAURACIÓN DE BIENES CULTURALES,FACULTAD DE BELLAS ARTES,2023,0
GRADO EN GESTIÓN Y ADMINISTRACIÓN PÚBLICA,FACULTAD DE ADMINISTRACIÓN Y DIRECCIÓN DE EMPRESAS,2023,1
GRADO EN BIOTECNOLOGÍA,E.T.S.I. AGRONÓMICA Y DEL MEDIO NATURAL,2023,2
GRADO EN CIENCIA Y TECNOLOGÍA DE LOS ALIMENTOS,E.T.S.I. AGRONÓMICA Y DEL MEDIO NATURAL,2023,2
GRADO EN ADMINISTRACIÓN Y DIRECCIÓN DE EMPRESAS,E. POLITÉCNICA SUPERIOR DE ALCOY,2023,0
GRADO EN ADMINISTRACIÓN Y DIRECCIÓN DE EMPRESAS,FACULTAD DE ADMINISTRACIÓN Y DIRECCIÓN DE EMPRESAS,2023,2
GRADO EN INGENIERÍA AEROESPACIAL,E.T.S. DE INGENIERIA AEROESPACIAL Y DISEÑO INDUSTRIAL,2023,2
GRADO EN INGENIERÍA AGROALIMENTARIA Y DEL MEDIO RURAL,E.T.S.I. AGRONÓMICA Y DEL MEDIO NATURAL,2023,2
GRADO EN INGENIERÍA ELÉCTRICA,E. POLITÉCNICA SUPERIOR DE ALCOY,2023,1
GRADO EN INGENIERÍA ELÉCTRICA,E.T.S. DE INGENIERIA AEROESPACIAL Y DISEÑO INDUSTRIAL,2023,2
GRADO EN INGENIERÍA ELECTRÓNICA INDUSTRIAL Y AUTOMÁTICA,E.T.S. DE INGENIERIA AEROESPACIAL Y DISEÑO INDUSTRIAL,2023,2
GRADO EN INGENIERÍA GEOMÁTICA Y TOPOGRAFÍA,"E.T.S.I. GEODESICA, CARTOGRAFICA Y TOP.",2023,2
GRADO EN INGENIERÍA DE ORGANIZACIÓN INDUSTRIAL,E.T.S.I. INDUSTRIALES,2023,2
GRADO EN INGENIERÍA EN TECNOLOGÍAS INDUSTRIALES,E.T.S.I. INDUSTRIALES,2023,2
GRADO EN INGENIERÍA FORESTAL Y DEL MEDIO NATURAL,E.T.S.I. AGRONÓMICA Y DEL MEDIO NATURAL,2023,0
GRADO EN INGENIERÍA INFORMÁTICA,E. POLITÉCNICA SUPERIOR DE ALCOY,2023,2
GRADO EN INGENIERÍA INFORMÁTICA,E.T.S. DE INGENIERÍA INFORMÁTICA,2023,2
GRADO EN INGENIERÍA QUÍMICA,E. POLITÉCNICA SUPERIOR DE ALCOY,2023,2
GRADO EN INGENIERÍA QUÍMICA,E.T.S.I. INDUSTRIALES,2023,2
"GRADO EN INGENIERÍA DE SISTEMAS DE TELECOMUNICACIÓN, SONIDO E IMAGEN",ESCUELA POLITECNICA SUPERIOR DE GANDIA,2023,1
GRADO EN INGENIERÍA MECÁNICA,E. POLITÉCNICA SUPERIOR DE ALCOY,2023,2
GRADO EN INGENIERÍA MECÁNICA,E.T.S. DE INGENIERIA AEROESPACIAL Y DISEÑO INDUSTRIAL,2023,2
GRADO EN INGENIERÍA DE TECNOLOGÍAS Y SERVICIOS DE TELECOMUNICACIÓN,E.T.S.I. DE TELECOMUNICACIÓN,2023,2
GRADO EN INGENIERÍA DE LA ENERGÍA,E.T.S.I. INDUSTRIALES,2023,2
GRADO EN INGENIERÍA BIOMÉDICA,E.T.S.I. INDUSTRIALES,2023,2
GRADO EN FUNDAMENTOS DE LA ARQUITECTURA,E.T.S. DE ARQUITECTURA,2023,2
GRADO EN DISEÑO Y TECNOLOGÍAS CREATIVAS,FACULTAD DE BELLAS ARTES,2023,2
GRADO EN TECNOLOGÍAS INTERACTIVAS,ESCUELA POLITECNICA SUPERIOR DE GANDIA,2023,0
GRADO EN CIENCIA DE DATOS,E.T.S. DE INGENIERÍA INFORMÁTICA,2023,2
GRADO EN TECNOLOGÍA DIGITAL Y MULTIMEDIA,E.T.S.I. DE TELECOMUNICACIÓN,2023,2
GRADO EN DISEÑO ARQUITECTÓNICO DE INTERIORES,E.T.S. DE ARQUITECTURA,2023,2
GRADO EN INGENIERÍA FÍSICA,E.T.S.I. DE TELECOMUNICACIÓN,2023,2
GRADO EN MATEMÁTICAS,E.T.S.I. DE TELECOMUNICACIÓN,2023,2
GRADO EN INFORMÁTICA INDUSTRIAL Y ROBÓTICA,E. POLITÉCNICA SUPERIOR DE ALCOY,2023,2
GRADO EN INFORMÁTICA INDUSTRIAL Y ROBÓTICA,E.T.S. DE INGENIERÍA INFORMÁTICA,2023,2
GRADO EN GESTIÓN DEL TRANSPORTE Y LA LOGÍSTICA,"E.T.S.I. CAMINOS, CANALES Y PUERTOS",2023,2
GRADO EN INGENIERÍA CIVIL,"E.T.S.I. CAMINOS, CANALES Y PUERTOS",2023,2
MÁSTER UNIVERSITARIO EN COMPUTACIÓN EN LA NUBE Y DE ALTAS PRESTACIONES / CLOUD AND HIGH-PERFORMANCE COMPUTING,UNIDAD DE MÁSTERES UNIVERSITARIOS,2023,2
MÁSTER UNIVERSITARIO EN EDIFICACIÓN,E.T.S. DE INGENIERÍA DE EDIFICACIÓN,2023,1
MÁSTER UNIVERSITARIO EN INGENIERÍA ACÚSTICA,ESCUELA POLITECNICA SUPERIOR DE GANDIA,2023,0
MÁSTER UNIVERSITARIO EN INGENIERÍA DE COMPUTADORES Y REDES,UNIDAD DE MÁSTERES UNIVERSITARIOS,2023,1
"MÁSTER UNIVERSITARIO EN TRANSPORTE, TERRITORIO Y URBANISMO","E.T.S.I. CAMINOS, CANALES Y PUERTOS",2023,1
MÁSTER UNIVERSITARIO EN SANIDAD Y PRODUCCIÓN VEGETAL,UNIDAD DE MÁSTERES UNIVERSITARIOS,2023,2
"MÁSTER UNIVERSITARIO EN INGENIERÍA AVANZADA DE PRODUCCIÓN, LOGÍSTICA Y CADENA DE SUMINISTRO",E.T.S.I. INDUSTRIALES,2023,1
MÁSTER UNIVERSITARIO EN ARTES VISUALES Y MULTIMEDIA,UNIDAD DE MÁSTERES UNIVERSITARIOS,2023,1
"MÁSTER UNIVERSITARIO EN GESTIÓN DE EMPRESAS, PRODUCTOS Y SERVICIOS",FACULTAD DE ADMINISTRACIÓN Y DIRECCIÓN DE EMPRESAS,2023,1
MÁSTER UNIVERSITARIO EN DIRECCIÓN FINANCIERA Y FISCAL,FACULTAD DE ADMINISTRACIÓN Y DIRECCIÓN DE EMPRESAS,2023,1
MÁSTER UNIVERSITARIO EN DIRECCIÓN Y GESTIÓN DE PROYECTOS,E.T.S.I. INDUSTRIALES,2023,0
MÁSTER UNIVERSITARIO EN GESTIÓN CULTURAL,UNIDAD DE MÁSTERES UNIVERSITARIOS,2023,2
"MÁSTER UNIVERSITARIO EN ARQUITECTURA AVANZADA, PAISAJE, URBANISMO Y DISEÑO",E.T.S. DE ARQUITECTURA,2023,0
MÁSTER UNIVERSITARIO EN AUTOMÁTICA E INFORMÁTICA INDUSTRIAL,UNIDAD DE MÁSTERES UNIVERSITARIOS,2023,2
MÁSTER UNIVERSITARIO EN CIENCIA E INGENIERÍA DE LOS ALIMENTOS,E.T.S.I. AGRONÓMICA Y DEL MEDIO NATURAL,2023,2
MÁSTER UNIVERSITARIO EN CONSERVACIÓN DEL PATRIMONIO ARQUITECTÓNICO,E.T.S. DE ARQUITECTURA,2023,1
MÁSTER UNIVERSITARIO EN CONSERVACIÓN Y RESTAURACIÓN DE BIENES CULTURALES,UNIDAD DE MÁSTERES UNIVERSITARIOS,2023,0
MÁSTER UNIVERSITARIO EN CONSTRUCCIONES E INSTALACIONES INDUSTRIALES,E.T.S.I. INDUSTRIALES,2023,1
MÁSTER UNIVERSITARIO EN DISEÑO Y FABRICACIÓN INTEGRADA ASISTIDOS POR COMPUTADOR,E.T.S. DE INGENIERIA AEROESPACIAL Y DISEÑO INDUSTRIAL,2023,1
MÁSTER UNIVERSITARIO EN INGENIERÍA DE SISTEMAS ELECTRÓNICOS,E.T.S.I. DE TELECOMUNICACIÓN,2023,2
MÁSTER UNIVERSITARIO EN INGENIERÍA Y TECNOLOGÍA DE SISTEMAS SOFTWARE,UNIDAD DE MÁSTERES UNIVERSITARIOS,2023,1
MÁSTER UNIVERSITARIO EN INGENIERÍA DEL DISEÑO,E.T.S. DE INGENIERIA AEROESPACIAL Y DISEÑO INDUSTRIAL,2023,2
MÁSTER UNIVERSITARIO EN INGENIERÍA DEL HORMIGÓN,UNIDAD DE MÁSTERES UNIVERSITARIOS,2023,1
MÁSTER UNIVERSITARIO EN INGENIERÍA DEL MANTENIMIENTO,E.T.S. DE INGENIERIA AEROESPACIAL Y DISEÑO INDUSTRIAL,2023,1
MÁSTER UNIVERSITARIO EN PLANIFICACIÓN Y GESTIÓN EN INGENIERÍA CIVIL,"E.T.S.I. CAMINOS, CANALES Y PUERTOS",2023,1
MÁSTER UNIVERSITARIO EN INGENIERÍA HIDRÁULICA Y MEDIO AMBIENTE,UNIDAD DE MÁSTERES UNIVERSITARIOS,2023,1
MÁSTER UNIVERSITARIO EN INGENIERÍA MECÁNICA,UNIDAD DE MÁSTERES UNIVERSITARIOS,2023,1
"MÁSTER UNIVERSITARIO EN INTELIGENCIA ARTIFICIAL, RECONOCIMIENTO DE FORMAS E IMAGEN DIGITAL",UNIDAD DE MÁSTERES UNIVERSITARIOS,2023,1
MÁSTER UNIVERSITARIO EN SISTEMAS PROPULSIVOS PARA UNA MOVILIDAD SOSTENIBLE,UNIDAD DE MÁSTERES UNIVERSITARIOS,2023,1
MÁSTER UNIVERSITARIO EN TECNOLOGÍA ENERGÉTICA PARA DESARROLLO SOSTENIBLE,E.T.S.I. INDUSTRIALES,2023,2
"MÁSTER UNIVERSITARIO EN TECNOLOGÍAS, SISTEMAS Y REDES DE COMUNICACIONES",E.T.S.I. DE TELECOMUNICACIÓN,2023,1
MÁSTER UNIVERSITARIO EN BIOTECNOLOGÍA BIOMÉDICA,UNIDAD DE MÁSTERES UNIVERSITARIOS,2023,2
MÁSTER UNIVERSITARIO EN BIOTECNOLOGÍA MOLECULAR Y CELULAR DE PLANTAS,UNIDAD DE MÁSTERES UNIVERSITARIOS,2023,2
MÁSTER UNIVERSITARIO EN ECONOMÍA AGROALIMENTARIA Y DEL MEDIO AMBIENTE,UNIDAD DE MÁSTERES UNIVERSITARIOS,2023,1
MÁSTER UNIVERSITARIO EN GESTIÓN DE LA SEGURIDAD Y CALIDAD ALIMENTARIA,E.T.S.I. AGRONÓMICA Y DEL MEDIO NATURAL,2023,2
"MÁSTER UNIVERSITARIO EN INGENIERÍA DE ANÁLISIS DE DATOS, MEJORA DE PROCESOS Y TOMA DE DECISIONES",UNIDAD DE MÁSTERES UNIVERSITARIOS,2023,2
MÁSTER UNIVERSITARIO EN LENGUAS Y TECNOLOGÍA,UNIDAD DE MÁSTERES UNIVERSITARIOS,2023,1
MÁSTER UNIVERSITARIO EN MEJORA GENÉTICA ANIMAL Y BIOTECNOLOGÍA DE LA REPRODUCCIÓN,UNIDAD DE MÁSTERES UNIVERSITARIOS,2023,1
MÁSTER UNIVERSITARIO EN POSTPRODUCCIÓN DIGITAL,ESCUELA POLITECNICA SUPERIOR DE GANDIA,2023,0
MÁSTER UNIVERSITARIO EN PREVENCIÓN DE RIESGOS LABORALES,UNIDAD DE MÁSTERES UNIVERSITARIOS,2023,2
MÁSTER UNIVERSITARIO EN PRODUCCIÓN ARTÍSTICA,FACULTAD DE BELLAS ARTES,2023,0
MÁSTER UNIVERSITARIO EN COOPERACIÓN AL DESARROLLO,UNIDAD DE MÁSTERES UNIVERSITARIOS,2023,1
MÁSTER UNIVERSITARIO EN INGENIERÍA AMBIENTAL,"E.T.S.I. CAMINOS, CANALES Y PUERTOS",2023,2
MÁSTER UNIVERSITARIO EN ACUICULTURA,UNIDAD DE MÁSTERES UNIVERSITARIOS,2023,0
MÁSTER UNIVERSITARIO EN EVALUACIÓN Y SEGUIMIENTO AMBIENTAL DE ECOSISTEMAS MARINOS Y COSTEROS,ESCUELA POLITECNICA SUPERIOR DE GANDIA,2023,1
MÁSTER UNIVERSITARIO EN INVESTIGACIÓN MATEMÁTICA,UNIDAD DE MÁSTERES UNIVERSITARIOS,2023,2
"MÁSTER UNIVERSITARIO EN INGENIERÍA, PROCESADO Y CARACTERIZACIÓN DE MATERIALES",E. POLITÉCNICA SUPERIOR DE ALCOY,2023,1
MÁSTER UNIVERSITARIO EN INGENIERÍA MECATRÓNICA,E.T.S. DE INGENIERIA AEROESPACIAL Y DISEÑO INDUSTRIAL,2023,2
MÁSTER UNIVERSITARIO EN INGENIERÍA DE ORGANIZACIÓN Y LOGÍSTICA,E. POLITÉCNICA SUPERIOR DE ALCOY,2023,1
MÁSTER UNIVERSITARIO EN INGENIERÍA DE MONTES,E.T.S.I. AGRONÓMICA Y DEL MEDIO NATURAL,2023,2
MÁSTER UNIVERSITARIO EN INGENIERÍA DE TELECOMUNICACIÓN,E.T.S.I. DE TELECOMUNICACIÓN,2023,2
MÁSTER UNIVERSITARIO EN INGENIERÍA AERONÁUTICA,E.T.S. DE INGENIERIA AEROESPACIAL Y DISEÑO INDUSTRIAL,2023,2
MÁSTER UNIVERSITARIO EN INGENIERÍA QUÍMICA,E.T.S.I. INDUSTRIALES,2023,2
MÁSTER UNIVERSITARIO EN INGENIERÍA INDUSTRIAL,E.T.S.I. INDUSTRIALES,2023,2
MÁSTER UNIVERSITARIO EN INGENIERÍA INFORMÁTICA,E.T.S. DE INGENIERÍA INFORMÁTICA,2023,0
MÁSTER UNIVERSITARIO EN ENOLOGÍA,E.T.S.I. AGRONÓMICA Y DEL MEDIO NATURAL,2023,1
MÁSTER UNIVERSITARIO EN INGENIERÍA AGRONÓMICA,E.T.S.I. AGRONÓMICA Y DEL MEDIO NATURAL,2023,2
MÁSTER UNIVERSITARIO EN INGENIERÍA GEOMÁTICA Y GEOINFORMACIÓN,"E.T.S.I. GEODESICA, CARTOGRAFICA Y TOP.",2023,1
"MÁSTER UNIVERSITARIO EN INGENIERÍA DE CAMINOS, CANALES Y PUERTOS","E.T.S.I. CAMINOS, CANALES Y PUERTOS",2023,2
MÁSTER UNIVERSITARIO EN DIRECCIÓN DE EMPRESAS (MBA),E. POLITÉCNICA SUPERIOR DE ALCOY,2023,1
MÁSTER UNIVERSITARIO EN INGENIERÍA TEXTIL,E. POLITÉCNICA SUPERIOR DE ALCOY,2023,0
MÁSTER UNIVERSITARIO EN ARQUITECTURA,E.T.S. DE ARQUITECTURA,2023,2
MÁSTER UNIVERSITARIO EN INGENIERÍA BIOMÉDICA,E.T.S.I. INDUSTRIALES,2023,2
MÁSTER UNIVERSITARIO ERASMUS MUNDUS EN SANIDAD VEGETAL EN AGRICULTURA SOSTENIBLE/ EUROPEAN MASTER DEGREE IN PLANT HEALTH IN SUSTAINABLE CROPPING SYSTEMS,UNIDAD DE MÁSTERES UNIVERSITARIOS,2023,1
MÁSTER UNIVERSITARIO EN GESTIÓN ADMINISTRATIVA,FACULTAD DE ADMINISTRACIÓN Y DIRECCIÓN DE EMPRESAS,2023,2
"MÁSTER UNIVERSITARIO EN ESTUDIOS DE LA CIENCIA, LA TECNOLOGÍA Y LA INNOVACIÓN",UNIDAD DE MÁSTERES UNIVERSITARIOS,2023,1
MÁSTER UNIVERSITARIO EN MEJORA GENÉTICA VEGETAL,UNIDAD DE MÁSTERES UNIVERSITARIOS,2023,2
MÁSTER UNIVERSITARIO EN SOCIAL MEDIA Y COMUNICACIÓN CORPORATIVA,FACULTAD DE ADMINISTRACIÓN Y DIRECCIÓN DE EMPRESAS,2023,2
MÁSTER UNIVERSITARIO EN SISTEMAS INTELIGENTES DE TRANSPORTE,"E.T.S.I. CAMINOS, CANALES Y PUERTOS",2023,1
MÁSTER UNIVERSITARIO EN COMUNICACIÓN TRANSMEDIA,ESCUELA POLITECNICA SUPERIOR DE GANDIA,2023,2
MÁSTER UNIVERSITARIO EN CIBERSEGURIDAD Y CIBERINTELIGENCIA,E.T.S. DE INGENIERÍA INFORMÁTICA,2023,1
"MÁSTER UNIVERSITARIO ERASMUS MUNDUS EN ONDAS, ACÚSTICA, VIBRACIONES, INGENIERÍA Y SONIDO / ERASMUS MUNDUS MASTER IN WAVES, ACOUSTICS, VIBRATIONS, ENGINEERING AND SOUND (WAVES)",ESCUELA POLITECNICA SUPERIOR DE GANDIA,2023,2
MÁSTER UNIVERSITARIO EN QUÍMICA SOSTENIBLE,UNIDAD DE MÁSTERES UNIVERSITARIOS,2023,2
MÁSTER UNIVERSITARIO EN INGENIERÍA BIOAMBIENTAL Y DEL PAISAJE,E.T.S.I. AGRONÓMICA Y DEL MEDIO NATURAL,2023,2
MÁSTER UNIVERSITARIO ERASMUS MUNDUS EN MEJORA GENÉTICA VEGETAL / ERASMUS MUNDUS MASTER IN PLANT BREEDING - EMPLANT +,UNIDAD DE MÁSTERES UNIVERSITARIOS,2023,2
MÁSTER UNIVERSITARIO EN GANADERÍA DE PRECISIÓN,E.T.S.I. AGRONÓMICA Y DEL MEDIO NATURAL,2023,1
MÁSTER UNIVERSITARIO EN MECÁNICA DE FLUIDOS COMPUTACIONAL,E.T.S. DE INGENIERIA AEROESPACIAL Y DISEÑO INDUSTRIAL,2023,2
MÁSTER UNIVERSITARIO ERASMUS MUNDUS EN CIENCIA EN INGENIERÍA TEXTIL / ERASMUS MUNDUS MASTER OF SCIENCE IN TEXTILE ENGINEERING,E. POLITÉCNICA SUPERIOR DE ALCOY,2023,1
MÁSTER UNIVERSITARIO EN SEGURIDAD NUCLEAR Y PROTECCIÓN RADIOLÓGICA,E.T.S.I. INDUSTRIALES,2023,1
MÁSTER UNIVERSITARIO EN SEGURIDAD INDUSTRIAL,E.T.S.I. INDUSTRIALES,2023,1
MÁSTER UNIVERSITARIO EN INGENIERÍA EN MOVILIDAD ELÉCTRICA,E.T.S. DE INGENIERIA AEROESPACIAL Y DISEÑO INDUSTRIAL,2023,2
MÁSTER UNIVERSITARIO EN HUMANIDADES DIGITALES,E.T.S. DE INGENIERÍA INFORMÁTICA,2023,1
MÁSTER UNIVERSITARIO EN INGENIERÍA ESTRUCTURAL Y GEOTÉCNICA,"E.T.S.I. CAMINOS, CANALES Y PUERTOS",2023,2
MÁSTER UNIVERSITARIO EN INTELIGENCIA TURÍSTICA,ESCUELA POLITECNICA SUPERIOR DE GANDIA,2023,1
