CURSO,COD_RUCT,TITULACION,CENTRO,año,satisfaccion_alumnos,satisfaccion_profesores,diferencia_satis,satisfaccion_promedio,tasa_abandono,tasa_permanencia,autoeficacia_3_anos,nivel_autoeficacia,porcentaje_no_desempleados,porcentaje_desempleados,nivel_empleabilidad
2020-21,2500739,GRADO EN ARQUITECTURA TÉCNICA,E.T.S. DE INGENIERÍA DE EDIFICACIÓN,2020,6.59,7.84,1.25,7.215,36.36,63.64,5.8,Muy alta,83.64,16.36,Muy buena
2020-21,2500801,GRADO EN CIENCIAS AMBIENTALES,ESCUELA POLITECNICA SUPERIOR DE GANDIA,2020,7.13,7.9,0.7700000000000005,7.515000000000001,12.5,87.5,4.5,Media,75.0,25.0,Buena
2020-21,2501354,GRADO EN COMUNICACIÓN AUDIOVISUAL,ESCUELA POLITECNICA SUPERIOR DE GANDIA,2020,6.25,8.52,2.27,7.385,4.12,95.88,4.0,Media,70.0,30.0,Buena
2020-21,2501355,GRADO EN TURISMO,ESCUELA POLITECNICA SUPERIOR DE GANDIA,2020,6.43,7.81,1.38,7.119999999999999,12.94,87.06,3.8,Media,72.73,27.27,Buena
2020-21,2501356,GRADO EN INGENIERÍA EN DISEÑO INDUSTRIAL Y DESARROLLO DE PRODUCTOS,E. POLITÉCNICA SUPERIOR DE ALCOY,2020,6.8,8.14,1.3400000000000007,7.470000000000001,10.71,89.28999999999999,5.8,Muy alta,90.48,9.519999999999996,Excelente
2020-21,2501356,GRADO EN INGENIERÍA EN DISEÑO INDUSTRIAL Y DESARROLLO DE PRODUCTOS,E.T.S. DE INGENIERIA DEL DISEÑO,2020,6.03,7.33,1.2999999999999998,6.68,1.42,98.58,4.9,Alta,87.3,12.700000000000005,Muy buena
2020-21,2501484,GRADO EN BELLAS ARTES,FACULTAD DE BELLAS ARTES,2020,6.74,8.28,1.5399999999999991,7.51,7.55,92.45,3.9,Media,73.12,26.879999999999995,Buena
2020-21,2501485,GRADO EN CONSERVACIÓN Y RESTAURACIÓN DE BIENES CULTURALES,FACULTAD DE BELLAS ARTES,2020,6.58,8.11,1.5299999999999994,7.345,8.33,91.67,2.8,Baja,67.86,32.14,Media
2020-21,2501486,GRADO EN GESTIÓN Y ADMINISTRACIÓN PÚBLICA,FACULTAD DE ADMINISTRACIÓN Y DIRECCIÓN DE EMPRESAS,2020,7.56,8.43,0.8700000000000001,7.994999999999999,23.68,76.32,4.1,Media,81.82,18.180000000000007,Muy buena
2020-21,2501649,GRADO EN BIOTECNOLOGÍA,E.T.S.I. AGRONÓMICA Y DEL MEDIO NATURAL,2020,5.61,7.65,2.04,6.630000000000001,8.7,91.3,5.5,Alta,100.0,0.0,Excelente
2020-21,2501650,GRADO EN CIENCIA Y TECNOLOGÍA DE LOS ALIMENTOS,E.T.S.I. AGRONÓMICA Y DEL MEDIO NATURAL,2020,6.11,7.89,1.7799999999999994,7.0,6.94,93.06,5.4,Alta,95.45,4.549999999999997,Excelente
2020-21,2501651,GRADO EN ADMINISTRACIÓN Y DIRECCIÓN DE EMPRESAS,E. POLITÉCNICA SUPERIOR DE ALCOY,2020,6.85,8.51,1.66,7.68,23.08,76.92,6.7,Muy alta,92.0,8.0,Excelente
2020-21,2501651,GRADO EN ADMINISTRACIÓN Y DIRECCIÓN DE EMPRESAS,FACULTAD DE ADMINISTRACIÓN Y DIRECCIÓN DE EMPRESAS,2020,6.2,8.45,2.249999999999999,7.324999999999999,10.5,89.5,6.4,Muy alta,100.0,0.0,Excelente
2020-21,2501653,GRADO EN INGENIERÍA AEROESPACIAL,E.T.S. DE INGENIERIA DEL DISEÑO,2020,5.95,8.24,2.29,7.095000000000001,10.66,89.34,5.7,Muy alta,100.0,0.0,Excelente
2020-21,2501654,GRADO EN INGENIERÍA AGROALIMENTARIA Y DEL MEDIO RURAL,E.T.S.I. AGRONÓMICA Y DEL MEDIO NATURAL,2020,5.81,8.17,2.3600000000000003,6.99,26.72,73.28,5.8,Muy alta,85.37,14.629999999999995,Muy buena
2020-21,2501655,GRADO EN INGENIERÍA ELÉCTRICA,E. POLITÉCNICA SUPERIOR DE ALCOY,2020,6.54,8.44,1.8999999999999997,7.49,11.54,88.46000000000001,7.0,Muy alta,100.0,0.0,Excelente
2020-21,2501655,GRADO EN INGENIERÍA ELÉCTRICA,E.T.S. DE INGENIERIA DEL DISEÑO,2020,6.67,8.61,1.9399999999999995,7.64,15.28,84.72,7.4,Muy alta,90.91,9.090000000000003,Excelente
2020-21,2501656,GRADO EN INGENIERÍA ELECTRÓNICA INDUSTRIAL Y AUTOMÁTICA,E.T.S. DE INGENIERIA DEL DISEÑO,2020,6.56,7.91,1.3500000000000003,7.234999999999999,4.67,95.33,7.2,Muy alta,100.0,0.0,Excelente
2020-21,2501657,GRADO EN INGENIERÍA GEOMÁTICA Y TOPOGRAFÍA,"E.T.S.I. GEODESICA, CARTOGRAFICA Y TOP.",2020,7.71,8.48,0.7700000000000005,8.095,20.24,79.76,4.7,Alta,94.44,5.560000000000002,Excelente
2020-21,2501658,GRADO EN INGENIERÍA DE ORGANIZACIÓN INDUSTRIAL,E.T.S.I. INDUSTRIALES,2020,7.33,8.14,0.8100000000000005,7.735,1.45,98.55,7.0,Muy alta,100.0,0.0,Excelente
2020-21,2501659,GRADO EN INGENIERÍA EN TECNOLOGÍAS INDUSTRIALES,E.T.S.I. INDUSTRIALES,2020,5.78,8.46,2.6800000000000006,7.120000000000001,5.34,94.66,6.7,Muy alta,92.78,7.219999999999999,Excelente
2020-21,2501660,GRADO EN INGENIERÍA FORESTAL Y DEL MEDIO NATURAL,E.T.S.I. AGRONÓMICA Y DEL MEDIO NATURAL,2020,5.1,8.24,3.140000000000001,6.67,33.72,66.28,4.2,Media,93.33,6.670000000000002,Excelente
2020-21,2501661,GRADO EN INGENIERÍA INFORMÁTICA,E. POLITÉCNICA SUPERIOR DE ALCOY,2020,5.56,8.19,2.63,6.875,27.38,72.62,8.0,Muy alta,66.67,33.33,Media
2020-21,2501661,GRADO EN INGENIERÍA INFORMÁTICA,E.T.S. DE INGENIERÍA INFORMÁTICA,2020,5.93,8.22,2.290000000000001,7.075,7.38,92.62,8.2,Muy alta,94.51,5.489999999999995,Excelente
2020-21,2501662,GRADO EN INGENIERÍA QUÍMICA,E. POLITÉCNICA SUPERIOR DE ALCOY,2020,7.08,7.83,0.75,7.455,22.92,77.08,5.4,Alta,80.0,20.0,Muy buena
2020-21,2501662,GRADO EN INGENIERÍA QUÍMICA,E.T.S.I. INDUSTRIALES,2020,6.11,8.28,2.169999999999999,7.195,10.26,89.74,5.3,Alta,91.67,8.329999999999998,Excelente
2020-21,2501663,"GRADO EN INGENIERÍA DE SISTEMAS DE TELECOMUNICACIÓN, SONIDO E IMAGEN",ESCUELA POLITECNICA SUPERIOR DE GANDIA,2020,6.07,8.5,2.43,7.285,13.56,86.44,7.0,Muy alta,100.0,0.0,Excelente
2020-21,2502182,GRADO EN INGENIERÍA MECÁNICA,E. POLITÉCNICA SUPERIOR DE ALCOY,2020,6.38,7.19,0.8100000000000005,6.785,9.8,90.2,5.9,Muy alta,88.0,12.0,Muy buena
2020-21,2502182,GRADO EN INGENIERÍA MECÁNICA,E.T.S. DE INGENIERIA DEL DISEÑO,2020,7.09,8.31,1.2200000000000006,7.7,5.56,94.44,6.2,Muy alta,97.1,2.9000000000000057,Excelente
2020-21,2502405,GRADO EN INGENIERÍA DE OBRAS PÚBLICAS,"E.T.S.I. CAMINOS, CANALES Y PUERTOS",2020,5.96,8.05,2.0900000000000007,7.005000000000001,42.11,57.89,4.3,Media,81.58,18.42,Muy buena
2020-21,2502407,GRADO EN INGENIERÍA DE TECNOLOGÍAS Y SERVICIOS DE TELECOMUNICACIÓN,E.T.S.I. DE TELECOMUNICACIÓN,2020,6.35,7.5,1.1500000000000004,6.925,9.81,90.19,7.0,Muy alta,95.74,4.260000000000005,Excelente
2020-21,2502507,GRADO EN INGENIERÍA CIVIL,"E.T.S.I. CAMINOS, CANALES Y PUERTOS",2020,7.03,8.6,1.5699999999999994,7.814999999999999,17.95,82.05,6.3,Muy alta,96.97,3.030000000000001,Excelente
2020-21,2502660,GRADO EN INGENIERÍA DE LA ENERGÍA,E.T.S.I. INDUSTRIALES,2020,6.73,8.1,1.3699999999999992,7.415,18.92,81.08,6.3,Muy alta,91.67,8.329999999999998,Excelente
2020-21,2502731,GRADO EN INGENIERÍA BIOMÉDICA,E.T.S.I. INDUSTRIALES,2020,5.9,8.08,2.18,6.99,5.63,94.37,5.2,Alta,100.0,0.0,Excelente
2020-21,2503025,GRADO EN FUNDAMENTOS DE LA ARQUITECTURA,E.T.S. DE ARQUITECTURA,2020,6.02,7.24,1.2200000000000006,6.63,8.85,91.15,5.4,Alta,98.72,1.2800000000000011,Excelente
2020-21,2503349,GRADO EN DISEÑO Y TECNOLOGÍAS CREATIVAS,FACULTAD DE BELLAS ARTES,2020,6.1,8.07,1.9700000000000009,7.085,4.67,95.33,,,,,
2020-21,2503504,GRADO EN TECNOLOGÍAS INTERACTIVAS,ESCUELA POLITECNICA SUPERIOR DE GANDIA,2020,6.18,8.95,2.77,7.564999999999999,31.48,68.52,,,,,
2020-21,2503653,GRADO EN CIENCIA DE DATOS,E.T.S. DE INGENIERÍA INFORMÁTICA,2020,7.25,8.13,0.8800000000000008,7.69,2.74,97.26,,,,,
2020-21,2503930,GRADO EN TECNOLOGÍA DIGITAL Y MULTIMEDIA,E.T.S.I. DE TELECOMUNICACIÓN,2020,5.75,7.94,2.1900000000000004,6.845000000000001,6.41,93.59,,,,,
2020-21,4310279,MÁSTER UNIVERSITARIO EN COMPUTACIÓN EN LA NUBE Y DE ALTAS PRESTACIONES / CLOUD AND HIGH-PERFORMANCE COMPUTING,UNIDAD DE MÁSTERES UNIVERSITARIOS,2020,7.22,8.75,1.5300000000000002,7.984999999999999,,,,,,,
2020-21,4310280,MÁSTER UNIVERSITARIO EN EDIFICACIÓN,E.T.S. DE INGENIERÍA DE EDIFICACIÓN,2020,9.38,9.03,-0.3500000000000014,9.205,16.67,83.33,5.7,Muy alta,75.0,25.0,Buena
2020-21,4310282,MÁSTER UNIVERSITARIO EN INGENIERÍA ACÚSTICA,ESCUELA POLITECNICA SUPERIOR DE GANDIA,2020,6.25,6.88,0.6299999999999999,6.565,0.0,100.0,7.0,Muy alta,100.0,0.0,Excelente
2020-21,4310284,MÁSTER UNIVERSITARIO EN INGENIERÍA DE COMPUTADORES Y REDES,UNIDAD DE MÁSTERES UNIVERSITARIOS,2020,9.38,8.0,-1.3800000000000008,8.690000000000001,15.0,85.0,8.3,Muy alta,100.0,0.0,Excelente
2020-21,4310288,"MÁSTER UNIVERSITARIO EN TRANSPORTE, TERRITORIO Y URBANISMO","E.T.S.I. CAMINOS, CANALES Y PUERTOS",2020,7.81,8.89,1.080000000000001,8.35,11.43,88.57,5.3,Alta,100.0,0.0,Excelente
2020-21,4310468,MÁSTER UNIVERSITARIO EN SANIDAD Y PRODUCCIÓN VEGETAL,UNIDAD DE MÁSTERES UNIVERSITARIOS,2020,9.17,8.46,-0.7099999999999991,8.815000000000001,31.25,68.75,4.1,Media,100.0,0.0,Excelente
2020-21,4310569,"MÁSTER UNIVERSITARIO EN INGENIERÍA AVANZADA DE PRODUCCIÓN, LOGÍSTICA Y CADENA DE SUMINISTRO",E.T.S.I. INDUSTRIALES,2020,6.25,9.42,3.17,7.835,13.79,86.21000000000001,2.9,Baja,100.0,0.0,Excelente
2020-21,4310809,MÁSTER UNIVERSITARIO EN ARTES VISUALES Y MULTIMEDIA,UNIDAD DE MÁSTERES UNIVERSITARIOS,2020,5.42,9.42,4.0,7.42,19.05,80.95,1.8,Muy baja,60.0,40.0,Media
2020-21,4310811,MÁSTER UNIVERSITARIO EN SEGURIDAD INDUSTRIAL Y MEDIO AMBIENTE,UNIDAD DE MÁSTERES UNIVERSITARIOS,2020,7.5,9.09,1.59,8.295,,,4.0,Media,50.0,50.0,Baja
2020-21,4310813,"MÁSTER UNIVERSITARIO EN GESTIÓN DE EMPRESAS, PRODUCTOS Y SERVICIOS",FACULTAD DE ADMINISTRACIÓN Y DIRECCIÓN DE EMPRESAS,2020,9.44,10.0,0.5600000000000005,9.72,27.27,72.73,6.5,Muy alta,100.0,0.0,Excelente
2020-21,4310814,MÁSTER UNIVERSITARIO EN DIRECCIÓN FINANCIERA Y FISCAL,FACULTAD DE ADMINISTRACIÓN Y DIRECCIÓN DE EMPRESAS,2020,8.0,7.5,-0.5,7.75,14.81,85.19,7.6,Muy alta,87.5,12.5,Muy buena
2020-21,4310898,MÁSTER UNIVERSITARIO EN DIRECCIÓN Y GESTIÓN DE PROYECTOS,E.T.S.I. INDUSTRIALES,2020,4.17,9.69,5.52,6.93,20.69,79.31,7.5,Muy alta,100.0,0.0,Excelente
2020-21,4310960,MÁSTER UNIVERSITARIO EN GESTIÓN CULTURAL,UNIDAD DE MÁSTERES UNIVERSITARIOS,2020,5.36,7.5,2.14,6.43,15.0,85.0,2.3,Baja,75.0,25.0,Buena
2020-21,4310963,"MÁSTER UNIVERSITARIO EN ARQUITECTURA AVANZADA, PAISAJE, URBANISMO Y DISEÑO",E.T.S. DE ARQUITECTURA,2020,8.09,7.86,-0.2299999999999995,7.975,5.41,94.59,2.1,Baja,100.0,0.0,Excelente
2020-21,4310964,MÁSTER UNIVERSITARIO EN AUTOMÁTICA E INFORMÁTICA INDUSTRIAL,UNIDAD DE MÁSTERES UNIVERSITARIOS,2020,2.5,7.22,4.72,4.859999999999999,19.23,80.77,7.7,Muy alta,100.0,0.0,Excelente
2020-21,4310965,MÁSTER UNIVERSITARIO EN CIENCIA E INGENIERÍA DE LOS ALIMENTOS,E.T.S.I. AGRONÓMICA Y DEL MEDIO NATURAL,2020,8.33,8.55,0.2200000000000006,8.440000000000001,6.45,93.55,8.1,Muy alta,87.5,12.5,Muy buena
2020-21,4310966,MÁSTER UNIVERSITARIO EN CONSERVACIÓN DEL PATRIMONIO ARQUITECTÓNICO,E.T.S. DE ARQUITECTURA,2020,6.79,7.58,0.79,7.1850000000000005,0.0,100.0,5.7,Muy alta,90.0,10.0,Excelente
2020-21,4310967,MÁSTER UNIVERSITARIO EN CONSERVACIÓN Y RESTAURACIÓN DE BIENES CULTURALES,UNIDAD DE MÁSTERES UNIVERSITARIOS,2020,3.33,8.13,4.800000000000001,5.73,9.52,90.48,2.8,Baja,77.78,22.22,Buena
2020-21,4310968,MÁSTER UNIVERSITARIO EN CONSTRUCCIONES E INSTALACIONES INDUSTRIALES,E.T.S.I. INDUSTRIALES,2020,7.19,9.22,2.03,8.205,25.0,75.0,5.0,Alta,100.0,0.0,Excelente
2020-21,4310969,MÁSTER UNIVERSITARIO EN DISEÑO Y FABRICACIÓN INTEGRADA ASISTIDOS POR COMPUTADOR,E.T.S. DE INGENIERIA DEL DISEÑO,2020,6.88,9.06,2.1800000000000006,7.970000000000001,12.0,88.0,6.8,Muy alta,83.33,16.67,Muy buena
2020-21,4310971,MÁSTER UNIVERSITARIO EN INGENIERÍA DE SISTEMAS ELECTRÓNICOS,E.T.S.I. DE TELECOMUNICACIÓN,2020,7.92,8.5,0.5800000000000001,8.21,16.13,83.87,8.0,Muy alta,100.0,0.0,Excelente
2020-21,4310972,MÁSTER UNIVERSITARIO EN INGENIERÍA Y TECNOLOGÍA DE SISTEMAS SOFTWARE,UNIDAD DE MÁSTERES UNIVERSITARIOS,2020,8.57,9.23,0.6600000000000001,8.9,28.0,72.0,8.9,Muy alta,100.0,0.0,Excelente
2020-21,4310973,MÁSTER UNIVERSITARIO EN INGENIERÍA DEL DISEÑO,E.T.S. DE INGENIERIA DEL DISEÑO,2020,7.24,8.08,0.8399999999999999,7.66,12.5,87.5,4.8,Alta,100.0,0.0,Excelente
2020-21,4310974,MÁSTER UNIVERSITARIO EN INGENIERÍA DEL HORMIGÓN,UNIDAD DE MÁSTERES UNIVERSITARIOS,2020,9.52,9.0,-0.5199999999999996,9.26,17.39,82.61,4.5,Media,50.0,50.0,Baja
2020-21,4310975,MÁSTER UNIVERSITARIO EN INGENIERÍA DEL MANTENIMIENTO,E.T.S. DE INGENIERIA DEL DISEÑO,2020,8.96,10.0,1.0399999999999991,9.48,10.0,90.0,7.1,Muy alta,100.0,0.0,Excelente
2020-21,4310976,MÁSTER UNIVERSITARIO EN PLANIFICACIÓN Y GESTIÓN EN INGENIERÍA CIVIL,"E.T.S.I. CAMINOS, CANALES Y PUERTOS",2020,5.56,9.25,3.69,7.404999999999999,12.5,87.5,2.3,Baja,100.0,0.0,Excelente
2020-21,4310977,MÁSTER UNIVERSITARIO EN INGENIERÍA HIDRÁULICA Y MEDIO AMBIENTE,UNIDAD DE MÁSTERES UNIVERSITARIOS,2020,9.05,9.42,0.3699999999999992,9.235,4.55,95.45,4.0,Media,94.12,5.879999999999996,Excelente
2020-21,4310978,MÁSTER UNIVERSITARIO EN INGENIERÍA MECÁNICA,UNIDAD DE MÁSTERES UNIVERSITARIOS,2020,6.25,9.75,3.5,8.0,12.5,87.5,7.3,Muy alta,33.33,66.67,Baja
2020-21,4310979,"MÁSTER UNIVERSITARIO EN INTELIGENCIA ARTIFICIAL, RECONOCIMIENTO DE FORMAS E IMAGEN DIGITAL",UNIDAD DE MÁSTERES UNIVERSITARIOS,2020,8.57,9.11,0.5399999999999991,8.84,9.38,90.62,7.0,Muy alta,90.0,10.0,Excelente
2020-21,4310980,MÁSTER UNIVERSITARIO EN SISTEMAS PROPULSIVOS PARA UNA MOVILIDAD SOSTENIBLE,UNIDAD DE MÁSTERES UNIVERSITARIOS,2020,8.21,10.0,1.7899999999999991,9.105,0.0,100.0,4.4,Media,100.0,0.0,Excelente
2020-21,4310981,MÁSTER UNIVERSITARIO EN TECNOLOGÍA ENERGÉTICA PARA DESARROLLO SOSTENIBLE,E.T.S.I. INDUSTRIALES,2020,7.0,9.23,2.2300000000000004,8.115,3.7,96.3,5.4,Alta,100.0,0.0,Excelente
2020-21,4310982,"MÁSTER UNIVERSITARIO EN TECNOLOGÍAS, SISTEMAS Y REDES DE COMUNICACIONES",E.T.S.I. DE TELECOMUNICACIÓN,2020,9.17,8.19,-0.9800000000000004,8.68,20.83,79.17,3.2,Baja,100.0,0.0,Excelente
2020-21,4311602,MÁSTER UNIVERSITARIO EN BIOTECNOLOGÍA BIOMÉDICA,UNIDAD DE MÁSTERES UNIVERSITARIOS,2020,7.86,9.0,1.1399999999999997,8.43,0.0,100.0,4.3,Media,88.89,11.11,Muy buena
2020-21,4311603,MÁSTER UNIVERSITARIO EN BIOTECNOLOGÍA MOLECULAR Y CELULAR DE PLANTAS,UNIDAD DE MÁSTERES UNIVERSITARIOS,2020,4.0,9.06,5.0600000000000005,6.53,10.53,89.47,4.0,Media,83.33,16.67,Muy buena
2020-21,4311604,MÁSTER UNIVERSITARIO EN ECONOMÍA AGROALIMENTARIA Y DEL MEDIO AMBIENTE,UNIDAD DE MÁSTERES UNIVERSITARIOS,2020,7.5,9.72,2.2200000000000006,8.61,25.0,75.0,6.3,Muy alta,60.0,40.0,Media
2020-21,4311605,MÁSTER UNIVERSITARIO EN GESTIÓN DE LA SEGURIDAD Y CALIDAD ALIMENTARIA,E.T.S.I. AGRONÓMICA Y DEL MEDIO NATURAL,2020,5.96,8.75,2.79,7.355,4.55,95.45,7.1,Muy alta,100.0,0.0,Excelente
2020-21,4311606,"MÁSTER UNIVERSITARIO EN INGENIERÍA DE ANÁLISIS DE DATOS, MEJORA DE PROCESOS Y TOMA DE DECISIONES",UNIDAD DE MÁSTERES UNIVERSITARIOS,2020,7.63,9.81,2.1800000000000006,8.72,25.0,75.0,10.0,Muy alta,100.0,0.0,Excelente
2020-21,4311609,MÁSTER UNIVERSITARIO EN LENGUAS Y TECNOLOGÍA,UNIDAD DE MÁSTERES UNIVERSITARIOS,2020,8.57,9.44,0.8699999999999992,9.004999999999999,25.0,75.0,6.4,Muy alta,100.0,0.0,Excelente
2020-21,4311610,MÁSTER UNIVERSITARIO EN MEJORA GENÉTICA ANIMAL Y BIOTECNOLOGÍA DE LA REPRODUCCIÓN,UNIDAD DE MÁSTERES UNIVERSITARIOS,2020,10.0,9.5,-0.5,9.75,,,,,,,
2020-21,4311612,MÁSTER UNIVERSITARIO EN POSTPRODUCCIÓN DIGITAL,ESCUELA POLITECNICA SUPERIOR DE GANDIA,2020,6.25,8.93,2.68,7.59,18.18,81.82,2.5,Baja,80.0,20.0,Muy buena
2020-21,4311613,MÁSTER UNIVERSITARIO EN PREVENCIÓN DE RIESGOS LABORALES,UNIDAD DE MÁSTERES UNIVERSITARIOS,2020,6.22,8.59,2.37,7.404999999999999,2.56,97.44,6.8,Muy alta,100.0,0.0,Excelente
2020-21,4311614,MÁSTER UNIVERSITARIO EN PRODUCCIÓN ARTÍSTICA,FACULTAD DE BELLAS ARTES,2020,6.96,8.5,1.54,7.73,11.36,88.64,3.0,Baja,87.5,12.5,Muy buena
2020-21,4311725,MÁSTER UNIVERSITARIO EN COOPERACIÓN AL DESARROLLO,UNIDAD DE MÁSTERES UNIVERSITARIOS,2020,7.5,9.72,2.2200000000000006,8.61,12.0,88.0,4.2,Media,100.0,0.0,Excelente
2020-21,4311726,MÁSTER UNIVERSITARIO EN INGENIERÍA AMBIENTAL,"E.T.S.I. CAMINOS, CANALES Y PUERTOS",2020,6.46,8.75,2.29,7.605,18.75,81.25,3.0,Baja,71.43,28.569999999999997,Buena
2020-21,4312033,MÁSTER UNIVERSITARIO EN ACUICULTURA,UNIDAD DE MÁSTERES UNIVERSITARIOS,2020,5.83,8.44,2.6099999999999994,7.135,7.14,92.86,0.0,Muy baja,100.0,0.0,Excelente
2020-21,4312991,MÁSTER UNIVERSITARIO EN EVALUACIÓN Y SEGUIMIENTO AMBIENTAL DE ECOSISTEMAS MARINOS Y COSTEROS,ESCUELA POLITECNICA SUPERIOR DE GANDIA,2020,9.38,7.75,-1.6300000000000008,8.565000000000001,20.0,80.0,5.5,Alta,100.0,0.0,Excelente
2020-21,4313930,MÁSTER UNIVERSITARIO EN INVESTIGACIÓN MATEMÁTICA,UNIDAD DE MÁSTERES UNIVERSITARIOS,2020,6.07,7.97,1.8999999999999997,7.02,15.79,84.21000000000001,5.0,Alta,100.0,0.0,Excelente
2020-21,4314065,"MÁSTER UNIVERSITARIO EN INGENIERÍA, PROCESADO Y CARACTERIZACIÓN DE MATERIALES",E. POLITÉCNICA SUPERIOR DE ALCOY,2020,8.33,9.05,0.7200000000000006,8.690000000000001,0.0,100.0,5.0,Alta,100.0,0.0,Excelente
2020-21,4314067,MÁSTER UNIVERSITARIO EN INGENIERÍA MECATRÓNICA,E.T.S. DE INGENIERIA DEL DISEÑO,2020,7.08,8.93,1.85,8.004999999999999,7.89,92.11,7.7,Muy alta,100.0,0.0,Excelente
2020-21,4314071,MÁSTER UNIVERSITARIO EN INGENIERÍA DE ORGANIZACIÓN Y LOGÍSTICA,E. POLITÉCNICA SUPERIOR DE ALCOY,2020,9.29,9.53,0.2400000000000002,9.41,15.38,84.62,4.7,Alta,100.0,0.0,Excelente
2020-21,4314473,MÁSTER UNIVERSITARIO EN INGENIERÍA DE MONTES,E.T.S.I. AGRONÓMICA Y DEL MEDIO NATURAL,2020,4.58,8.39,3.810000000000001,6.485,0.0,100.0,3.7,Media,80.0,20.0,Muy buena
2020-21,4314518,MÁSTER UNIVERSITARIO EN INGENIERÍA DE TELECOMUNICACIÓN,E.T.S.I. DE TELECOMUNICACIÓN,2020,3.82,8.1,4.279999999999999,5.96,7.14,92.86,6.8,Muy alta,100.0,0.0,Excelente
2020-21,4314521,MÁSTER UNIVERSITARIO EN INGENIERÍA AERONÁUTICA,E.T.S. DE INGENIERIA DEL DISEÑO,2020,5.0,8.75,3.75,6.875,2.97,97.03,6.5,Muy alta,95.0,5.0,Excelente
2020-21,4314523,MÁSTER UNIVERSITARIO EN INGENIERÍA QUÍMICA,E.T.S.I. INDUSTRIALES,2020,6.4,8.88,2.4800000000000004,7.640000000000001,5.0,95.0,6.1,Muy alta,100.0,0.0,Excelente
2020-21,4314524,MÁSTER UNIVERSITARIO EN INGENIERÍA INDUSTRIAL,E.T.S.I. INDUSTRIALES,2020,5.04,8.65,3.61,6.845000000000001,4.28,95.72,6.8,Muy alta,98.36,1.6400000000000006,Excelente
2020-21,4314526,MÁSTER UNIVERSITARIO EN INGENIERÍA INFORMÁTICA,E.T.S. DE INGENIERÍA INFORMÁTICA,2020,8.13,8.46,0.33,8.295000000000002,10.34,89.66,5.5,Alta,83.33,16.67,Muy buena
2020-21,4314528,MÁSTER UNIVERSITARIO EN ENOLOGÍA,E.T.S.I. AGRONÓMICA Y DEL MEDIO NATURAL,2020,2.5,8.39,5.890000000000001,5.445,19.23,80.77,2.5,Baja,0.0,100.0,Baja
2020-21,4314529,MÁSTER UNIVERSITARIO EN INGENIERÍA AGRONÓMICA,E.T.S.I. AGRONÓMICA Y DEL MEDIO NATURAL,2020,6.97,8.54,1.5699999999999994,7.754999999999999,1.33,98.67,6.1,Muy alta,100.0,0.0,Excelente
2020-21,4314646,MÁSTER UNIVERSITARIO EN INGENIERÍA GEOMÁTICA Y GEOINFORMACIÓN,"E.T.S.I. GEODESICA, CARTOGRAFICA Y TOP.",2020,7.5,9.38,1.8800000000000008,8.440000000000001,22.22,77.78,2.8,Baja,85.71,14.290000000000006,Muy buena
2020-21,4314647,"MÁSTER UNIVERSITARIO EN INGENIERÍA DE CAMINOS, CANALES Y PUERTOS","E.T.S.I. CAMINOS, CANALES Y PUERTOS",2020,3.75,8.7,4.949999999999999,6.225,4.35,95.65,4.9,Alta,92.86,7.140000000000001,Excelente
2020-21,4314825,MÁSTER UNIVERSITARIO EN DIRECCIÓN DE EMPRESAS (MBA),E. POLITÉCNICA SUPERIOR DE ALCOY,2020,7.5,9.17,1.67,8.335,11.54,88.46000000000001,7.0,Muy alta,100.0,0.0,Excelente
2020-21,4315002,MÁSTER UNIVERSITARIO EN INGENIERÍA TEXTIL,E. POLITÉCNICA SUPERIOR DE ALCOY,2020,9.04,9.53,0.4900000000000002,9.285,4.76,95.24,2.5,Baja,100.0,0.0,Excelente
2020-21,4315070,MÁSTER UNIVERSITARIO EN ARQUITECTURA,E.T.S. DE ARQUITECTURA,2020,5.51,6.52,1.0099999999999998,6.015,3.75,96.25,5.2,Alta,100.0,0.0,Excelente
2020-21,4315739,MÁSTER UNIVERSITARIO EN ARQUITECTURA DEL PAISAJE,E.T.S. DE ARQUITECTURA,2020,6.67,9.22,2.5500000000000007,7.945,6.25,93.75,,,,,
2020-21,4315921,MÁSTER UNIVERSITARIO EN INGENIERÍA BIOMÉDICA,E.T.S.I. INDUSTRIALES,2020,5.83,7.86,2.03,6.845000000000001,6.12,93.88,5.2,Alta,100.0,0.0,Excelente
2020-21,4315941,MÁSTER UNIVERSITARIO ERASMUS MUNDUS EN SANIDAD VEGETAL EN AGRICULTURA SOSTENIBLE/ EUROPEAN MASTER DEGREE IN PLANT HEALTH IN SUSTAINABLE CROPPING SYSTEMS,UNIDAD DE MÁSTERES UNIVERSITARIOS,2020,9.38,9.0,-0.3800000000000008,9.19,0.0,100.0,,,,,
2020-21,4316135,MÁSTER UNIVERSITARIO EN GESTIÓN ADMINISTRATIVA,FACULTAD DE ADMINISTRACIÓN Y DIRECCIÓN DE EMPRESAS,2020,10.0,8.21,-1.7899999999999991,9.105,18.75,81.25,,,,,
2020-21,4316557,"MÁSTER UNIVERSITARIO EN ESTUDIOS DE LA CIENCIA, LA TECNOLOGÍA Y LA INNOVACIÓN",UNIDAD DE MÁSTERES UNIVERSITARIOS,2020,8.0,9.17,1.17,8.585,38.1,61.9,,,,,
2020-21,4316840,MÁSTER UNIVERSITARIO EN MEJORA GENÉTICA VEGETAL,UNIDAD DE MÁSTERES UNIVERSITARIOS,2020,5.42,8.83,3.41,7.125,5.56,94.44,,,,,
2020-21,4317401,MÁSTER UNIVERSITARIO EN SOCIAL MEDIA Y COMUNICACIÓN CORPORATIVA,FACULTAD DE ADMINISTRACIÓN Y DIRECCIÓN DE EMPRESAS,2020,5.36,8.89,3.53,7.125,,,,,,,
2020-21,4317434,MÁSTER UNIVERSITARIO EN SISTEMAS INTELIGENTES DE TRANSPORTE,"E.T.S.I. CAMINOS, CANALES Y PUERTOS",2020,6.25,8.27,2.02,7.26,,,,,,,
2020-21,4317446,MÁSTER UNIVERSITARIO EN COMUNICACIÓN TRANSMEDIA,ESCUELA POLITECNICA SUPERIOR DE GANDIA,2020,9.06,8.61,-0.450000000000001,8.835,,,,,,,
2020-21,4317448,MÁSTER UNIVERSITARIO EN CIBERSEGURIDAD Y CIBERINTELIGENCIA,E.T.S. DE INGENIERÍA INFORMÁTICA,2020,6.88,9.06,2.1800000000000006,7.970000000000001,,,,,,,
2020-21,4317480,MÁSTER UNIVERSITARIO EN QUÍMICA SOSTENIBLE,UNIDAD DE MÁSTERES UNIVERSITARIOS,2020,7.19,9.5,2.31,8.345,,,,,,,
2021-22,2500739,GRADO EN ARQUITECTURA TÉCNICA,E.T.S. DE INGENIERÍA DE EDIFICACIÓN,2021,6.75,8.37,1.6199999999999992,7.56,30.08,69.92,6.43,Muy alta,90.32,9.680000000000009,Excelente
2021-22,2500801,GRADO EN CIENCIAS AMBIENTALES,ESCUELA POLITECNICA SUPERIOR DE GANDIA,2021,6.82,7.76,0.9399999999999996,7.29,15.38,84.62,5.68,Muy alta,100.0,0.0,Excelente
2021-22,2501354,GRADO EN COMUNICACIÓN AUDIOVISUAL,ESCUELA POLITECNICA SUPERIOR DE GANDIA,2021,5.9,9.24,3.34,7.57,6.67,93.33,4.14,Media,84.21,15.790000000000006,Muy buena
2021-22,2501355,GRADO EN TURISMO,ESCUELA POLITECNICA SUPERIOR DE GANDIA,2021,4.53,7.98,3.45,6.255000000000001,29.27,70.73,6.05,Muy alta,100.0,0.0,Excelente
2021-22,2501356,GRADO EN INGENIERÍA EN DISEÑO INDUSTRIAL Y DESARROLLO DE PRODUCTOS,E. POLITÉCNICA SUPERIOR DE ALCOY,2021,6.53,7.63,1.0999999999999996,7.08,11.46,88.53999999999999,6.3,Muy alta,100.0,0.0,Excelente
2021-22,2501356,GRADO EN INGENIERÍA EN DISEÑO INDUSTRIAL Y DESARROLLO DE PRODUCTOS,E.T.S. DE INGENIERIA DEL DISEÑO,2021,7.43,7.6,0.1699999999999999,7.515,8.45,91.55,5.64,Muy alta,92.73,7.269999999999996,Excelente
2021-22,2501484,GRADO EN BELLAS ARTES,FACULTAD DE BELLAS ARTES,2021,6.72,8.61,1.89,7.664999999999999,13.28,86.72,3.84,Media,82.52,17.480000000000004,Muy buena
2021-22,2501485,GRADO EN CONSERVACIÓN Y RESTAURACIÓN DE BIENES CULTURALES,FACULTAD DE BELLAS ARTES,2021,6.79,8.87,2.079999999999999,7.83,15.18,84.82,2.57,Baja,75.0,25.0,Buena
2021-22,2501486,GRADO EN GESTIÓN Y ADMINISTRACIÓN PÚBLICA,FACULTAD DE ADMINISTRACIÓN Y DIRECCIÓN DE EMPRESAS,2021,6.16,8.86,2.6999999999999997,7.51,22.22,77.78,5.28,Alta,100.0,0.0,Excelente
2021-22,2501649,GRADO EN BIOTECNOLOGÍA,E.T.S.I. AGRONÓMICA Y DEL MEDIO NATURAL,2021,6.78,8.52,1.739999999999999,7.65,15.89,84.11,5.06,Alta,96.67,3.3299999999999983,Excelente
2021-22,2501650,GRADO EN CIENCIA Y TECNOLOGÍA DE LOS ALIMENTOS,E.T.S.I. AGRONÓMICA Y DEL MEDIO NATURAL,2021,7.31,8.27,0.96,7.789999999999999,14.15,85.85,5.37,Alta,100.0,0.0,Excelente
2021-22,2501651,GRADO EN ADMINISTRACIÓN Y DIRECCIÓN DE EMPRESAS,E. POLITÉCNICA SUPERIOR DE ALCOY,2021,7.86,8.98,1.12,8.42,26.53,73.47,6.22,Muy alta,95.45,4.549999999999997,Excelente
2021-22,2501651,GRADO EN ADMINISTRACIÓN Y DIRECCIÓN DE EMPRESAS,FACULTAD DE ADMINISTRACIÓN Y DIRECCIÓN DE EMPRESAS,2021,6.25,8.73,2.4800000000000004,7.49,15.27,84.73,7.17,Muy alta,100.0,0.0,Excelente
2021-22,2501653,GRADO EN INGENIERÍA AEROESPACIAL,E.T.S. DE INGENIERIA DEL DISEÑO,2021,7.01,8.69,1.6799999999999995,7.85,5.74,94.26,6.44,Muy alta,100.0,0.0,Excelente
2021-22,2501654,GRADO EN INGENIERÍA AGROALIMENTARIA Y DEL MEDIO RURAL,E.T.S.I. AGRONÓMICA Y DEL MEDIO NATURAL,2021,7.54,8.07,0.5300000000000002,7.805,26.61,73.39,5.23,Alta,80.95,19.05,Muy buena
2021-22,2501655,GRADO EN INGENIERÍA ELÉCTRICA,E. POLITÉCNICA SUPERIOR DE ALCOY,2021,5.63,8.16,2.53,6.895,40.82,59.18,7.85,Muy alta,90.48,9.519999999999996,Excelente
2021-22,2501655,GRADO EN INGENIERÍA ELÉCTRICA,E.T.S. DE INGENIERIA DEL DISEÑO,2021,6.64,8.16,1.5200000000000005,7.4,14.29,85.71000000000001,6.77,Muy alta,100.0,0.0,Excelente
2021-22,2501656,GRADO EN INGENIERÍA ELECTRÓNICA INDUSTRIAL Y AUTOMÁTICA,E.T.S. DE INGENIERIA DEL DISEÑO,2021,7.7,7.67,-0.0300000000000002,7.685,9.8,90.2,6.94,Muy alta,96.08,3.9200000000000017,Excelente
2021-22,2501657,GRADO EN INGENIERÍA GEOMÁTICA Y TOPOGRAFÍA,"E.T.S.I. GEODESICA, CARTOGRAFICA Y TOP.",2021,7.02,9.11,2.09,8.065,42.35,57.65,6.82,Muy alta,100.0,0.0,Excelente
2021-22,2501658,GRADO EN INGENIERÍA DE ORGANIZACIÓN INDUSTRIAL,E.T.S.I. INDUSTRIALES,2021,7.18,8.72,1.540000000000001,7.95,5.06,94.94,7.76,Muy alta,100.0,0.0,Excelente
2021-22,2501659,GRADO EN INGENIERÍA EN TECNOLOGÍAS INDUSTRIALES,E.T.S.I. INDUSTRIALES,2021,6.64,8.78,2.14,7.709999999999999,8.54,91.46,6.61,Muy alta,97.85,2.1500000000000057,Excelente
2021-22,2501660,GRADO EN INGENIERÍA FORESTAL Y DEL MEDIO NATURAL,E.T.S.I. AGRONÓMICA Y DEL MEDIO NATURAL,2021,6.12,8.51,2.39,7.314999999999999,32.67,67.33,5.35,Alta,92.31,7.689999999999998,Excelente
2021-22,2501661,GRADO EN INGENIERÍA INFORMÁTICA,E. POLITÉCNICA SUPERIOR DE ALCOY,2021,6.85,8.89,2.040000000000001,7.87,25.3,74.7,9.34,Muy alta,100.0,0.0,Excelente
2021-22,2501661,GRADO EN INGENIERÍA INFORMÁTICA,E.T.S. DE INGENIERÍA INFORMÁTICA,2021,6.56,8.03,1.4699999999999998,7.295,9.98,90.02,8.2,Muy alta,98.88,1.1200000000000043,Excelente
2021-22,2501662,GRADO EN INGENIERÍA QUÍMICA,E. POLITÉCNICA SUPERIOR DE ALCOY,2021,8.0,8.49,0.4900000000000002,8.245000000000001,28.85,71.15,4.83,Alta,88.89,11.11,Muy buena
2021-22,2501662,GRADO EN INGENIERÍA QUÍMICA,E.T.S.I. INDUSTRIALES,2021,6.85,8.4,1.5500000000000007,7.625,17.33,82.67,5.49,Alta,96.77,3.230000000000004,Excelente
2021-22,2501663,"GRADO EN INGENIERÍA DE SISTEMAS DE TELECOMUNICACIÓN, SONIDO E IMAGEN",ESCUELA POLITECNICA SUPERIOR DE GANDIA,2021,6.46,8.8,2.3400000000000007,7.630000000000001,38.81,61.19,6.58,Muy alta,92.31,7.689999999999998,Excelente
2021-22,2502182,GRADO EN INGENIERÍA MECÁNICA,E. POLITÉCNICA SUPERIOR DE ALCOY,2021,6.3,8.59,2.29,7.445,14.95,85.05,6.27,Muy alta,100.0,0.0,Excelente
2021-22,2502182,GRADO EN INGENIERÍA MECÁNICA,E.T.S. DE INGENIERIA DEL DISEÑO,2021,7.26,8.23,0.9700000000000006,7.745,6.43,93.57,6.23,Muy alta,97.44,2.5600000000000023,Excelente
2021-22,2502405,GRADO EN INGENIERÍA DE OBRAS PÚBLICAS,"E.T.S.I. CAMINOS, CANALES Y PUERTOS",2021,6.96,8.36,1.3999999999999997,7.66,47.5,52.5,8.19,Muy alta,92.31,7.689999999999998,Excelente
2021-22,2502407,GRADO EN INGENIERÍA DE TECNOLOGÍAS Y SERVICIOS DE TELECOMUNICACIÓN,E.T.S.I. DE TELECOMUNICACIÓN,2021,6.77,8.46,1.6900000000000013,7.615,10.28,89.72,7.03,Muy alta,97.3,2.700000000000003,Excelente
2021-22,2502507,GRADO EN INGENIERÍA CIVIL,"E.T.S.I. CAMINOS, CANALES Y PUERTOS",2021,6.75,8.75,2.0,7.75,20.99,79.01,6.62,Muy alta,100.0,0.0,Excelente
2021-22,2502660,GRADO EN INGENIERÍA DE LA ENERGÍA,E.T.S.I. INDUSTRIALES,2021,6.84,7.88,1.04,7.359999999999999,10.0,90.0,7.49,Muy alta,100.0,0.0,Excelente
2021-22,2502731,GRADO EN INGENIERÍA BIOMÉDICA,E.T.S.I. INDUSTRIALES,2021,6.37,7.72,1.3499999999999996,7.045,12.33,87.67,7.18,Muy alta,100.0,0.0,Excelente
2021-22,2503025,GRADO EN FUNDAMENTOS DE LA ARQUITECTURA,E.T.S. DE ARQUITECTURA,2021,7.97,7.85,-0.1200000000000001,7.91,12.96,87.03999999999999,5.47,Alta,96.34,3.6599999999999966,Excelente
2021-22,2503349,GRADO EN DISEÑO Y TECNOLOGÍAS CREATIVAS,FACULTAD DE BELLAS ARTES,2021,5.06,7.74,2.6800000000000006,6.4,3.6,96.4,,,,,
2021-22,2503504,GRADO EN TECNOLOGÍAS INTERACTIVAS,ESCUELA POLITECNICA SUPERIOR DE GANDIA,2021,5.71,7.71,2.0,6.71,27.08,72.92,,,,,
2021-22,2503653,GRADO EN CIENCIA DE DATOS,E.T.S. DE INGENIERÍA INFORMÁTICA,2021,7.3,8.29,0.9899999999999992,7.795,6.58,93.42,,,,,
2021-22,2503930,GRADO EN TECNOLOGÍA DIGITAL Y MULTIMEDIA,E.T.S.I. DE TELECOMUNICACIÓN,2021,6.72,9.02,2.3,7.869999999999999,10.26,89.74,,,,,
2021-22,2504265,GRADO EN DISEÑO ARQUITECTÓNICO DE INTERIORES,E.T.S. DE ARQUITECTURA,2021,8.93,6.94,-1.9899999999999995,7.935,,,,,,,
2021-22,2504322,GRADO EN INGENIERÍA FÍSICA,E.T.S.I. DE TELECOMUNICACIÓN,2021,7.78,9.38,1.6000000000000003,8.58,,,,,,,
2021-22,2504353,GRADO EN MATEMÁTICAS,E.T.S.I. DE TELECOMUNICACIÓN,2021,6.39,7.08,0.6900000000000004,6.734999999999999,,,,,,,
2021-22,4310279,MÁSTER UNIVERSITARIO EN COMPUTACIÓN EN LA NUBE Y DE ALTAS PRESTACIONES / CLOUD AND HIGH-PERFORMANCE COMPUTING,UNIDAD DE MÁSTERES UNIVERSITARIOS,2021,10.0,9.17,-0.8300000000000001,9.585,11.76,88.24,7.5,Muy alta,100.0,0.0,Excelente
2021-22,4310280,MÁSTER UNIVERSITARIO EN EDIFICACIÓN,E.T.S. DE INGENIERÍA DE EDIFICACIÓN,2021,9.22,9.67,0.4499999999999993,9.445,27.78,72.22,5.21,Alta,80.0,20.0,Muy buena
2021-22,4310282,MÁSTER UNIVERSITARIO EN INGENIERÍA ACÚSTICA,ESCUELA POLITECNICA SUPERIOR DE GANDIA,2021,7.5,7.14,-0.3600000000000003,7.32,30.0,70.0,6.75,Muy alta,50.0,50.0,Baja
2021-22,4310284,MÁSTER UNIVERSITARIO EN INGENIERÍA DE COMPUTADORES Y REDES,UNIDAD DE MÁSTERES UNIVERSITARIOS,2021,8.13,9.56,1.4299999999999995,8.845,31.25,68.75,3.33,Baja,100.0,0.0,Excelente
2021-22,4310288,"MÁSTER UNIVERSITARIO EN TRANSPORTE, TERRITORIO Y URBANISMO","E.T.S.I. CAMINOS, CANALES Y PUERTOS",2021,7.0,8.44,1.4399999999999995,7.72,18.18,81.82,2.08,Baja,100.0,0.0,Excelente
2021-22,4310468,MÁSTER UNIVERSITARIO EN SANIDAD Y PRODUCCIÓN VEGETAL,UNIDAD DE MÁSTERES UNIVERSITARIOS,2021,6.5,8.53,2.03,7.515,6.25,93.75,6.47,Muy alta,100.0,0.0,Excelente
2021-22,4310569,"MÁSTER UNIVERSITARIO EN INGENIERÍA AVANZADA DE PRODUCCIÓN, LOGÍSTICA Y CADENA DE SUMINISTRO",E.T.S.I. INDUSTRIALES,2021,8.29,9.42,1.1300000000000008,8.855,30.0,70.0,6.5,Muy alta,100.0,0.0,Excelente
2021-22,4310809,MÁSTER UNIVERSITARIO EN ARTES VISUALES Y MULTIMEDIA,UNIDAD DE MÁSTERES UNIVERSITARIOS,2021,7.0,9.5,2.5,8.25,9.09,90.91,6.02,Muy alta,100.0,0.0,Excelente
2021-22,4310811,MÁSTER UNIVERSITARIO EN SEGURIDAD INDUSTRIAL Y MEDIO AMBIENTE,UNIDAD DE MÁSTERES UNIVERSITARIOS,2021,,6.25,,,8.33,91.67,2.5,Baja,100.0,0.0,Excelente
2021-22,4310813,"MÁSTER UNIVERSITARIO EN GESTIÓN DE EMPRESAS, PRODUCTOS Y SERVICIOS",FACULTAD DE ADMINISTRACIÓN Y DIRECCIÓN DE EMPRESAS,2021,8.96,10.0,1.0399999999999991,9.48,21.74,78.26,5.75,Muy alta,100.0,0.0,Excelente
2021-22,4310814,MÁSTER UNIVERSITARIO EN DIRECCIÓN FINANCIERA Y FISCAL,FACULTAD DE ADMINISTRACIÓN Y DIRECCIÓN DE EMPRESAS,2021,7.92,8.75,0.8300000000000001,8.335,15.79,84.21000000000001,6.25,Muy alta,100.0,0.0,Excelente
2021-22,4310898,MÁSTER UNIVERSITARIO EN DIRECCIÓN Y GESTIÓN DE PROYECTOS,E.T.S.I. INDUSTRIALES,2021,8.33,8.13,-0.1999999999999993,8.23,25.93,74.07,6.46,Muy alta,75.0,25.0,Buena
2021-22,4310960,MÁSTER UNIVERSITARIO EN GESTIÓN CULTURAL,UNIDAD DE MÁSTERES UNIVERSITARIOS,2021,4.26,8.93,4.67,6.595,5.0,95.0,1.62,Muy baja,50.0,50.0,Baja
2021-22,4310963,"MÁSTER UNIVERSITARIO EN ARQUITECTURA AVANZADA, PAISAJE, URBANISMO Y DISEÑO",E.T.S. DE ARQUITECTURA,2021,5.96,8.68,2.72,7.32,17.07,82.93,1.56,Muy baja,100.0,0.0,Excelente
2021-22,4310964,MÁSTER UNIVERSITARIO EN AUTOMÁTICA E INFORMÁTICA INDUSTRIAL,UNIDAD DE MÁSTERES UNIVERSITARIOS,2021,5.97,8.86,2.89,7.414999999999999,10.71,89.28999999999999,,,,,
2021-22,4310965,MÁSTER UNIVERSITARIO EN CIENCIA E INGENIERÍA DE LOS ALIMENTOS,E.T.S.I. AGRONÓMICA Y DEL MEDIO NATURAL,2021,5.94,9.38,3.4400000000000004,7.66,15.63,84.37,5.69,Muy alta,88.89,11.11,Muy buena
2021-22,4310966,MÁSTER UNIVERSITARIO EN CONSERVACIÓN DEL PATRIMONIO ARQUITECTÓNICO,E.T.S. DE ARQUITECTURA,2021,6.5,7.86,1.3600000000000003,7.18,23.08,76.92,6.57,Muy alta,87.5,12.5,Muy buena
2021-22,4310967,MÁSTER UNIVERSITARIO EN CONSERVACIÓN Y RESTAURACIÓN DE BIENES CULTURALES,UNIDAD DE MÁSTERES UNIVERSITARIOS,2021,5.69,9.07,3.38,7.380000000000001,7.89,92.11,2.81,Baja,75.0,25.0,Buena
2021-22,4310968,MÁSTER UNIVERSITARIO EN CONSTRUCCIONES E INSTALACIONES INDUSTRIALES,E.T.S.I. INDUSTRIALES,2021,8.0,9.71,1.7100000000000009,8.855,0.0,100.0,6.67,Muy alta,100.0,0.0,Excelente
2021-22,4310969,MÁSTER UNIVERSITARIO EN DISEÑO Y FABRICACIÓN INTEGRADA ASISTIDOS POR COMPUTADOR,E.T.S. DE INGENIERIA DEL DISEÑO,2021,7.5,9.17,1.67,8.335,11.54,88.46000000000001,6.3,Muy alta,100.0,0.0,Excelente
2021-22,4310971,MÁSTER UNIVERSITARIO EN INGENIERÍA DE SISTEMAS ELECTRÓNICOS,E.T.S.I. DE TELECOMUNICACIÓN,2021,8.06,8.86,0.7999999999999989,8.46,10.34,89.66,7.5,Muy alta,100.0,0.0,Excelente
2021-22,4310972,MÁSTER UNIVERSITARIO EN INGENIERÍA Y TECNOLOGÍA DE SISTEMAS SOFTWARE,UNIDAD DE MÁSTERES UNIVERSITARIOS,2021,8.0,8.75,0.75,8.375,16.67,83.33,5.0,Alta,100.0,0.0,Excelente
2021-22,4310973,MÁSTER UNIVERSITARIO EN INGENIERÍA DEL DISEÑO,E.T.S. DE INGENIERIA DEL DISEÑO,2021,7.17,8.46,1.290000000000001,7.815,7.27,92.73,6.27,Muy alta,100.0,0.0,Excelente
2021-22,4310974,MÁSTER UNIVERSITARIO EN INGENIERÍA DEL HORMIGÓN,UNIDAD DE MÁSTERES UNIVERSITARIOS,2021,8.91,8.91,0.0,8.91,25.81,74.19,5.89,Muy alta,100.0,0.0,Excelente
2021-22,4310975,MÁSTER UNIVERSITARIO EN INGENIERÍA DEL MANTENIMIENTO,E.T.S. DE INGENIERIA DEL DISEÑO,2021,8.13,10.0,1.8699999999999992,9.065,16.67,83.33,5.63,Muy alta,100.0,0.0,Excelente
2021-22,4310976,MÁSTER UNIVERSITARIO EN PLANIFICACIÓN Y GESTIÓN EN INGENIERÍA CIVIL,"E.T.S.I. CAMINOS, CANALES Y PUERTOS",2021,9.17,8.96,-0.209999999999999,9.065,25.93,74.07,4.26,Media,50.0,50.0,Baja
2021-22,4310977,MÁSTER UNIVERSITARIO EN INGENIERÍA HIDRÁULICA Y MEDIO AMBIENTE,UNIDAD DE MÁSTERES UNIVERSITARIOS,2021,8.98,9.3,0.3200000000000003,9.14,11.11,88.89,3.06,Baja,100.0,0.0,Excelente
2021-22,4310978,MÁSTER UNIVERSITARIO EN INGENIERÍA MECÁNICA,UNIDAD DE MÁSTERES UNIVERSITARIOS,2021,7.22,10.0,2.78,8.61,13.64,86.36,6.03,Muy alta,100.0,0.0,Excelente
2021-22,4310979,"MÁSTER UNIVERSITARIO EN INTELIGENCIA ARTIFICIAL, RECONOCIMIENTO DE FORMAS E IMAGEN DIGITAL",UNIDAD DE MÁSTERES UNIVERSITARIOS,2021,8.65,9.55,0.9000000000000004,9.1,8.82,91.18,7.08,Muy alta,100.0,0.0,Excelente
2021-22,4310980,MÁSTER UNIVERSITARIO EN SISTEMAS PROPULSIVOS PARA UNA MOVILIDAD SOSTENIBLE,UNIDAD DE MÁSTERES UNIVERSITARIOS,2021,7.11,10.0,2.89,8.555,0.0,100.0,4.67,Alta,100.0,0.0,Excelente
2021-22,4310981,MÁSTER UNIVERSITARIO EN TECNOLOGÍA ENERGÉTICA PARA DESARROLLO SOSTENIBLE,E.T.S.I. INDUSTRIALES,2021,7.19,9.17,1.9799999999999995,8.18,8.33,91.67,7.07,Muy alta,100.0,0.0,Excelente
2021-22,4310982,"MÁSTER UNIVERSITARIO EN TECNOLOGÍAS, SISTEMAS Y REDES DE COMUNICACIONES",E.T.S.I. DE TELECOMUNICACIÓN,2021,8.98,8.85,-0.1300000000000007,8.915,10.81,89.19,6.29,Muy alta,100.0,0.0,Excelente
2021-22,4311602,MÁSTER UNIVERSITARIO EN BIOTECNOLOGÍA BIOMÉDICA,UNIDAD DE MÁSTERES UNIVERSITARIOS,2021,5.0,8.21,3.210000000000001,6.605,0.0,100.0,3.87,Media,85.71,14.290000000000006,Muy buena
2021-22,4311603,MÁSTER UNIVERSITARIO EN BIOTECNOLOGÍA MOLECULAR Y CELULAR DE PLANTAS,UNIDAD DE MÁSTERES UNIVERSITARIOS,2021,5.2,9.13,3.9300000000000006,7.165000000000001,0.0,100.0,3.06,Baja,100.0,0.0,Excelente
2021-22,4311604,MÁSTER UNIVERSITARIO EN ECONOMÍA AGROALIMENTARIA Y DEL MEDIO AMBIENTE,UNIDAD DE MÁSTERES UNIVERSITARIOS,2021,10.0,9.53,-0.4700000000000006,9.765,31.82,68.18,6.67,Muy alta,100.0,0.0,Excelente
2021-22,4311605,MÁSTER UNIVERSITARIO EN GESTIÓN DE LA SEGURIDAD Y CALIDAD ALIMENTARIA,E.T.S.I. AGRONÓMICA Y DEL MEDIO NATURAL,2021,5.68,9.5,3.82,7.59,6.98,93.02,5.21,Alta,92.31,7.689999999999998,Excelente
2021-22,4311606,"MÁSTER UNIVERSITARIO EN INGENIERÍA DE ANÁLISIS DE DATOS, MEJORA DE PROCESOS Y TOMA DE DECISIONES",UNIDAD DE MÁSTERES UNIVERSITARIOS,2021,9.5,10.0,0.5,9.75,14.29,85.71000000000001,9.41,Muy alta,100.0,0.0,Excelente
2021-22,4311609,MÁSTER UNIVERSITARIO EN LENGUAS Y TECNOLOGÍA,UNIDAD DE MÁSTERES UNIVERSITARIOS,2021,10.0,9.5,-0.5,9.75,14.29,85.71000000000001,7.5,Muy alta,100.0,0.0,Excelente
2021-22,4311610,MÁSTER UNIVERSITARIO EN MEJORA GENÉTICA ANIMAL Y BIOTECNOLOGÍA DE LA REPRODUCCIÓN,UNIDAD DE MÁSTERES UNIVERSITARIOS,2021,8.86,,,,17.65,82.35,4.24,Media,100.0,0.0,Excelente
2021-22,4311612,MÁSTER UNIVERSITARIO EN POSTPRODUCCIÓN DIGITAL,ESCUELA POLITECNICA SUPERIOR DE GANDIA,2021,7.0,7.81,0.8099999999999996,7.404999999999999,4.35,95.65,2.88,Baja,80.0,20.0,Muy buena
2021-22,4311613,MÁSTER UNIVERSITARIO EN PREVENCIÓN DE RIESGOS LABORALES,UNIDAD DE MÁSTERES UNIVERSITARIOS,2021,4.31,7.76,3.45,6.035,22.5,77.5,6.47,Muy alta,100.0,0.0,Excelente
2021-22,4311614,MÁSTER UNIVERSITARIO EN PRODUCCIÓN ARTÍSTICA,FACULTAD DE BELLAS ARTES,2021,5.0,8.53,3.53,6.765,10.75,89.25,4.0,Media,80.0,20.0,Muy buena
2021-22,4311725,MÁSTER UNIVERSITARIO EN COOPERACIÓN AL DESARROLLO,UNIDAD DE MÁSTERES UNIVERSITARIOS,2021,10.0,7.86,-2.14,8.93,12.5,87.5,2.46,Baja,85.71,14.290000000000006,Muy buena
2021-22,4311726,MÁSTER UNIVERSITARIO EN INGENIERÍA AMBIENTAL,"E.T.S.I. CAMINOS, CANALES Y PUERTOS",2021,6.09,8.41,2.3200000000000003,7.25,16.67,83.33,5.14,Alta,100.0,0.0,Excelente
2021-22,4312033,MÁSTER UNIVERSITARIO EN ACUICULTURA,UNIDAD DE MÁSTERES UNIVERSITARIOS,2021,5.63,7.5,1.87,6.565,21.43,78.57,5.63,Muy alta,100.0,0.0,Excelente
2021-22,4312991,MÁSTER UNIVERSITARIO EN EVALUACIÓN Y SEGUIMIENTO AMBIENTAL DE ECOSISTEMAS MARINOS Y COSTEROS,ESCUELA POLITECNICA SUPERIOR DE GANDIA,2021,7.5,8.75,1.25,8.125,16.67,83.33,4.69,Alta,100.0,0.0,Excelente
2021-22,4313930,MÁSTER UNIVERSITARIO EN INVESTIGACIÓN MATEMÁTICA,UNIDAD DE MÁSTERES UNIVERSITARIOS,2021,7.22,8.69,1.4699999999999998,7.955,29.41,70.59,6.25,Muy alta,100.0,0.0,Excelente
2021-22,4314065,"MÁSTER UNIVERSITARIO EN INGENIERÍA, PROCESADO Y CARACTERIZACIÓN DE MATERIALES",E. POLITÉCNICA SUPERIOR DE ALCOY,2021,7.5,8.16,0.6600000000000001,7.83,22.22,77.78,4.52,Alta,100.0,0.0,Excelente
2021-22,4314067,MÁSTER UNIVERSITARIO EN INGENIERÍA MECATRÓNICA,E.T.S. DE INGENIERIA DEL DISEÑO,2021,5.65,8.33,2.68,6.99,11.43,88.57,8.14,Muy alta,100.0,0.0,Excelente
2021-22,4314071,MÁSTER UNIVERSITARIO EN INGENIERÍA DE ORGANIZACIÓN Y LOGÍSTICA,E. POLITÉCNICA SUPERIOR DE ALCOY,2021,9.17,8.63,-0.5399999999999991,8.9,10.71,89.28999999999999,6.45,Muy alta,87.5,12.5,Muy buena
2021-22,4314473,MÁSTER UNIVERSITARIO EN INGENIERÍA DE MONTES,E.T.S.I. AGRONÓMICA Y DEL MEDIO NATURAL,2021,5.5,7.97,2.47,6.734999999999999,7.69,92.31,6.25,Muy alta,100.0,0.0,Excelente
2021-22,4314518,MÁSTER UNIVERSITARIO EN INGENIERÍA DE TELECOMUNICACIÓN,E.T.S.I. DE TELECOMUNICACIÓN,2021,4.38,8.82,4.44,6.6,0.0,100.0,7.14,Muy alta,100.0,0.0,Excelente
2021-22,4314521,MÁSTER UNIVERSITARIO EN INGENIERÍA AERONÁUTICA,E.T.S. DE INGENIERIA DEL DISEÑO,2021,4.46,9.03,4.569999999999999,6.744999999999999,6.19,93.81,5.58,Muy alta,92.31,7.689999999999998,Excelente
2021-22,4314523,MÁSTER UNIVERSITARIO EN INGENIERÍA QUÍMICA,E.T.S.I. INDUSTRIALES,2021,5.63,8.36,2.7299999999999995,6.994999999999999,5.77,94.23,5.51,Muy alta,100.0,0.0,Excelente
2021-22,4314524,MÁSTER UNIVERSITARIO EN INGENIERÍA INDUSTRIAL,E.T.S.I. INDUSTRIALES,2021,5.39,8.69,3.3,7.039999999999999,6.33,93.67,7.19,Muy alta,100.0,0.0,Excelente
2021-22,4314526,MÁSTER UNIVERSITARIO EN INGENIERÍA INFORMÁTICA,E.T.S. DE INGENIERÍA INFORMÁTICA,2021,6.11,7.6,1.489999999999999,6.855,21.43,78.57,9.58,Muy alta,100.0,0.0,Excelente
2021-22,4314528,MÁSTER UNIVERSITARIO EN ENOLOGÍA,E.T.S.I. AGRONÓMICA Y DEL MEDIO NATURAL,2021,7.5,9.44,1.9399999999999995,8.469999999999999,15.0,85.0,3.47,Baja,75.0,25.0,Buena
2021-22,4314529,MÁSTER UNIVERSITARIO EN INGENIERÍA AGRONÓMICA,E.T.S.I. AGRONÓMICA Y DEL MEDIO NATURAL,2021,6.21,8.35,2.14,7.279999999999999,3.7,96.3,6.87,Muy alta,100.0,0.0,Excelente
2021-22,4314646,MÁSTER UNIVERSITARIO EN INGENIERÍA GEOMÁTICA Y GEOINFORMACIÓN,"E.T.S.I. GEODESICA, CARTOGRAFICA Y TOP.",2021,8.0,9.38,1.3800000000000008,8.690000000000001,31.82,68.18,5.0,Alta,100.0,0.0,Excelente
2021-22,4314647,"MÁSTER UNIVERSITARIO EN INGENIERÍA DE CAMINOS, CANALES Y PUERTOS","E.T.S.I. CAMINOS, CANALES Y PUERTOS",2021,5.78,8.59,2.81,7.1850000000000005,12.2,87.8,6.74,Muy alta,88.89,11.11,Muy buena
2021-22,4314825,MÁSTER UNIVERSITARIO EN DIRECCIÓN DE EMPRESAS (MBA),E. POLITÉCNICA SUPERIOR DE ALCOY,2021,8.17,9.38,1.2100000000000009,8.775,25.0,75.0,3.46,Baja,100.0,0.0,Excelente
2021-22,4315002,MÁSTER UNIVERSITARIO EN INGENIERÍA TEXTIL,E. POLITÉCNICA SUPERIOR DE ALCOY,2021,9.69,8.5,-1.1899999999999995,9.095,0.0,100.0,,,,,
2021-22,4315070,MÁSTER UNIVERSITARIO EN ARQUITECTURA,E.T.S. DE ARQUITECTURA,2021,7.69,7.94,0.25,7.815,3.18,96.82,5.68,Muy alta,97.01,2.989999999999995,Excelente
2021-22,4315739,MÁSTER UNIVERSITARIO EN ARQUITECTURA DEL PAISAJE,E.T.S. DE ARQUITECTURA,2021,8.75,10.0,1.25,9.375,10.0,90.0,,,,,
2021-22,4315921,MÁSTER UNIVERSITARIO EN INGENIERÍA BIOMÉDICA,E.T.S.I. INDUSTRIALES,2021,5.0,7.88,2.88,6.44,0.0,100.0,6.75,Muy alta,100.0,0.0,Excelente
2021-22,4315941,MÁSTER UNIVERSITARIO ERASMUS MUNDUS EN SANIDAD VEGETAL EN AGRICULTURA SOSTENIBLE/ EUROPEAN MASTER DEGREE IN PLANT HEALTH IN SUSTAINABLE CROPPING SYSTEMS,UNIDAD DE MÁSTERES UNIVERSITARIOS,2021,9.04,9.84,0.8000000000000007,9.44,4.17,95.83,,,,,
2021-22,4316135,MÁSTER UNIVERSITARIO EN GESTIÓN ADMINISTRATIVA,FACULTAD DE ADMINISTRACIÓN Y DIRECCIÓN DE EMPRESAS,2021,5.0,7.5,2.5,6.25,18.18,81.82,,,,,
2021-22,4316557,"MÁSTER UNIVERSITARIO EN ESTUDIOS DE LA CIENCIA, LA TECNOLOGÍA Y LA INNOVACIÓN",UNIDAD DE MÁSTERES UNIVERSITARIOS,2021,7.5,8.75,1.25,8.125,36.36,63.64,,,,,
2021-22,4316840,MÁSTER UNIVERSITARIO EN MEJORA GENÉTICA VEGETAL,UNIDAD DE MÁSTERES UNIVERSITARIOS,2021,4.44,8.59,4.15,6.515000000000001,9.52,90.48,4.89,Alta,100.0,0.0,Excelente
2021-22,4317401,MÁSTER UNIVERSITARIO EN SOCIAL MEDIA Y COMUNICACIÓN CORPORATIVA,FACULTAD DE ADMINISTRACIÓN Y DIRECCIÓN DE EMPRESAS,2021,5.83,9.75,3.92,7.79,12.0,88.0,,,,,
2021-22,4317434,MÁSTER UNIVERSITARIO EN SISTEMAS INTELIGENTES DE TRANSPORTE,"E.T.S.I. CAMINOS, CANALES Y PUERTOS",2021,7.5,8.25,0.75,7.875,46.15,53.85,,,,,
2021-22,4317446,MÁSTER UNIVERSITARIO EN COMUNICACIÓN TRANSMEDIA,ESCUELA POLITECNICA SUPERIOR DE GANDIA,2021,5.5,10.0,4.5,7.75,14.29,85.71000000000001,,,,,
2021-22,4317448,MÁSTER UNIVERSITARIO EN CIBERSEGURIDAD Y CIBERINTELIGENCIA,E.T.S. DE INGENIERÍA INFORMÁTICA,2021,8.75,8.93,0.1799999999999997,8.84,9.68,90.32,,,,,
2021-22,4317455,"MÁSTER UNIVERSITARIO ERASMUS MUNDUS EN ONDAS, ACÚSTICA, VIBRACIONES, INGENIERÍA Y SONIDO / ERASMUS MUNDUS MASTER IN WAVES, ACOUSTICS, VIBRATIONS, ENGINEERING AND SOUND (WAVES)",ESCUELA POLITECNICA SUPERIOR DE GANDIA,2021,5.0,9.0,4.0,7.0,,,,,,,
2021-22,4317480,MÁSTER UNIVERSITARIO EN QUÍMICA SOSTENIBLE,UNIDAD DE MÁSTERES UNIVERSITARIOS,2021,6.25,9.38,3.130000000000001,7.815,15.0,85.0,,,,,
2022-23,2500739,GRADO EN ARQUITECTURA TÉCNICA,E.T.S. DE INGENIERÍA DE EDIFICACIÓN,2022,7.45,7.2,-0.25,7.325,26.53,73.47,6.83,Muy alta,93.33,6.670000000000002,Excelente
2022-23,2500801,GRADO EN CIENCIAS AMBIENTALES,ESCUELA POLITECNICA SUPERIOR DE GANDIA,2022,4.56,6.72,2.16,5.64,18.87,81.13,5.48,Alta,94.12,5.879999999999996,Excelente
2022-23,2501354,GRADO EN COMUNICACIÓN AUDIOVISUAL,ESCUELA POLITECNICA SUPERIOR DE GANDIA,2022,6.4,8.33,1.93,7.365,10.99,89.01,3.97,Media,68.97,31.03,Media
2022-23,2501355,GRADO EN TURISMO,ESCUELA POLITECNICA SUPERIOR DE GANDIA,2022,6.85,8.29,1.4399999999999995,7.569999999999999,32.08,67.92,3.95,Media,66.67,33.33,Media
2022-23,2501356,GRADO EN INGENIERÍA EN DISEÑO INDUSTRIAL Y DESARROLLO DE PRODUCTOS,E. POLITÉCNICA SUPERIOR DE ALCOY,2022,6.38,8.13,1.7500000000000009,7.255000000000001,14.02,85.98,5.33,Alta,95.45,4.549999999999997,Excelente
2022-23,2501356,GRADO EN INGENIERÍA EN DISEÑO INDUSTRIAL Y DESARROLLO DE PRODUCTOS,E.T.S. DE INGENIERIA DEL DISEÑO,2022,7.44,7.77,0.3299999999999992,7.605,3.55,96.45,5.84,Muy alta,96.72,3.280000000000001,Excelente
2022-23,2501484,GRADO EN BELLAS ARTES,FACULTAD DE BELLAS ARTES,2022,6.9,8.59,1.6899999999999995,7.745,9.37,90.63,3.75,Media,75.41,24.590000000000003,Buena
2022-23,2501485,GRADO EN CONSERVACIÓN Y RESTAURACIÓN DE BIENES CULTURALES,FACULTAD DE BELLAS ARTES,2022,6.56,8.83,2.2700000000000005,7.695,15.09,84.91,2.66,Baja,70.0,30.0,Buena
2022-23,2501486,GRADO EN GESTIÓN Y ADMINISTRACIÓN PÚBLICA,FACULTAD DE ADMINISTRACIÓN Y DIRECCIÓN DE EMPRESAS,2022,7.25,8.97,1.7200000000000006,8.11,14.67,85.33,4.82,Alta,85.71,14.290000000000006,Muy buena
2022-23,2501649,GRADO EN BIOTECNOLOGÍA,E.T.S.I. AGRONÓMICA Y DEL MEDIO NATURAL,2022,6.72,8.06,1.3400000000000007,7.390000000000001,6.61,93.39,5.6,Muy alta,93.48,6.519999999999996,Excelente
2022-23,2501650,GRADO EN CIENCIA Y TECNOLOGÍA DE LOS ALIMENTOS,E.T.S.I. AGRONÓMICA Y DEL MEDIO NATURAL,2022,6.85,7.92,1.0700000000000005,7.385,8.77,91.23,5.98,Muy alta,96.97,3.030000000000001,Excelente
2022-23,2501651,GRADO EN ADMINISTRACIÓN Y DIRECCIÓN DE EMPRESAS,E. POLITÉCNICA SUPERIOR DE ALCOY,2022,7.19,7.67,0.4799999999999995,7.43,34.71,65.28999999999999,6.09,Muy alta,75.0,25.0,Buena
2022-23,2501651,GRADO EN ADMINISTRACIÓN Y DIRECCIÓN DE EMPRESAS,FACULTAD DE ADMINISTRACIÓN Y DIRECCIÓN DE EMPRESAS,2022,6.68,9.09,2.41,7.885,11.51,88.49,6.92,Muy alta,96.67,3.3299999999999983,Excelente
2022-23,2501653,GRADO EN INGENIERÍA AEROESPACIAL,E.T.S. DE INGENIERIA DEL DISEÑO,2022,7.3,8.33,1.0300000000000002,7.814999999999999,4.1,95.9,6.46,Muy alta,98.0,2.0,Excelente
2022-23,2501654,GRADO EN INGENIERÍA AGROALIMENTARIA Y DEL MEDIO RURAL,E.T.S.I. AGRONÓMICA Y DEL MEDIO NATURAL,2022,7.5,8.25,0.75,7.875,22.07,77.93,6.17,Muy alta,87.18,12.819999999999991,Muy buena
2022-23,2501655,GRADO EN INGENIERÍA ELÉCTRICA,E. POLITÉCNICA SUPERIOR DE ALCOY,2022,6.79,8.94,2.1499999999999995,7.865,28.13,71.87,6.89,Muy alta,100.0,0.0,Excelente
2022-23,2501655,GRADO EN INGENIERÍA ELÉCTRICA,E.T.S. DE INGENIERIA DEL DISEÑO,2022,7.03,8.33,1.2999999999999998,7.68,6.33,93.67,7.27,Muy alta,96.87,3.1299999999999955,Excelente
2022-23,2501656,GRADO EN INGENIERÍA ELECTRÓNICA INDUSTRIAL Y AUTOMÁTICA,E.T.S. DE INGENIERIA DEL DISEÑO,2022,6.8,7.86,1.0600000000000005,7.33,3.4,96.6,7.65,Muy alta,95.92,4.079999999999998,Excelente
2022-23,2501657,GRADO EN INGENIERÍA GEOMÁTICA Y TOPOGRAFÍA,"E.T.S.I. GEODESICA, CARTOGRAFICA Y TOP.",2022,7.16,8.82,1.66,7.99,36.94,63.06,5.49,Alta,92.86,7.140000000000001,Excelente
2022-23,2501658,GRADO EN INGENIERÍA DE ORGANIZACIÓN INDUSTRIAL,E.T.S.I. INDUSTRIALES,2022,7.13,8.37,1.239999999999999,7.75,8.75,91.25,7.7,Muy alta,100.0,0.0,Excelente
2022-23,2501659,GRADO EN INGENIERÍA EN TECNOLOGÍAS INDUSTRIALES,E.T.S.I. INDUSTRIALES,2022,6.12,8.5,2.38,7.31,5.93,94.07,6.63,Muy alta,97.94,2.0600000000000023,Excelente
2022-23,2501660,GRADO EN INGENIERÍA FORESTAL Y DEL MEDIO NATURAL,E.T.S.I. AGRONÓMICA Y DEL MEDIO NATURAL,2022,4.69,7.84,3.1499999999999995,6.265000000000001,51.72,48.28,5.33,Alta,94.44,5.560000000000002,Excelente
2022-23,2501661,GRADO EN INGENIERÍA INFORMÁTICA,E. POLITÉCNICA SUPERIOR DE ALCOY,2022,6.88,8.75,1.87,7.814999999999999,12.64,87.36,6.36,Muy alta,100.0,0.0,Excelente
2022-23,2501661,GRADO EN INGENIERÍA INFORMÁTICA,E.T.S. DE INGENIERÍA INFORMÁTICA,2022,7.14,8.43,1.29,7.785,7.3,92.7,8.3,Muy alta,97.06,2.9399999999999977,Excelente
2022-23,2501662,GRADO EN INGENIERÍA QUÍMICA,E. POLITÉCNICA SUPERIOR DE ALCOY,2022,7.3,8.58,1.2800000000000002,7.939999999999999,26.03,73.97,6.28,Muy alta,87.5,12.5,Muy buena
2022-23,2501662,GRADO EN INGENIERÍA QUÍMICA,E.T.S.I. INDUSTRIALES,2022,7.61,8.66,1.0499999999999998,8.135,16.92,83.08,5.76,Muy alta,96.87,3.1299999999999955,Excelente
2022-23,2501663,"GRADO EN INGENIERÍA DE SISTEMAS DE TELECOMUNICACIÓN, SONIDO E IMAGEN",ESCUELA POLITECNICA SUPERIOR DE GANDIA,2022,8.09,8.95,0.8599999999999994,8.52,21.67,78.33,6.96,Muy alta,100.0,0.0,Excelente
2022-23,2502182,GRADO EN INGENIERÍA MECÁNICA,E. POLITÉCNICA SUPERIOR DE ALCOY,2022,6.86,8.18,1.3199999999999994,7.52,16.81,83.19,6.7,Muy alta,96.43,3.569999999999993,Excelente
2022-23,2502182,GRADO EN INGENIERÍA MECÁNICA,E.T.S. DE INGENIERIA DEL DISEÑO,2022,7.46,8.2,0.7399999999999993,7.83,4.83,95.17,6.06,Muy alta,93.1,6.900000000000006,Excelente
2022-23,2502405,GRADO EN INGENIERÍA DE OBRAS PÚBLICAS,"E.T.S.I. CAMINOS, CANALES Y PUERTOS",2022,7.14,8.39,1.2500000000000009,7.765000000000001,40.0,60.0,6.93,Muy alta,100.0,0.0,Excelente
2022-23,2502407,GRADO EN INGENIERÍA DE TECNOLOGÍAS Y SERVICIOS DE TELECOMUNICACIÓN,E.T.S.I. DE TELECOMUNICACIÓN,2022,6.58,7.9,1.3200000000000005,7.24,8.47,91.53,6.92,Muy alta,98.25,1.75,Excelente
2022-23,2502507,GRADO EN INGENIERÍA CIVIL,"E.T.S.I. CAMINOS, CANALES Y PUERTOS",2022,7.15,8.71,1.5600000000000005,7.930000000000001,16.28,83.72,7.53,Muy alta,92.59,7.409999999999997,Excelente
2022-23,2502660,GRADO EN INGENIERÍA DE LA ENERGÍA,E.T.S.I. INDUSTRIALES,2022,6.33,8.03,1.6999999999999993,7.18,11.27,88.73,7.16,Muy alta,100.0,0.0,Excelente
2022-23,2502731,GRADO EN INGENIERÍA BIOMÉDICA,E.T.S.I. INDUSTRIALES,2022,6.71,8.48,1.7700000000000005,7.595000000000001,10.14,89.86,6.22,Muy alta,96.55,3.450000000000003,Excelente
2022-23,2503025,GRADO EN FUNDAMENTOS DE LA ARQUITECTURA,E.T.S. DE ARQUITECTURA,2022,9.09,7.85,-1.2400000000000002,8.469999999999999,9.61,90.39,5.88,Muy alta,90.72,9.28,Excelente
2022-23,2503349,GRADO EN DISEÑO Y TECNOLOGÍAS CREATIVAS,FACULTAD DE BELLAS ARTES,2022,6.12,8.02,1.8999999999999997,7.07,3.92,96.08,,,,,
2022-23,2503504,GRADO EN TECNOLOGÍAS INTERACTIVAS,ESCUELA POLITECNICA SUPERIOR DE GANDIA,2022,6.59,8.0,1.41,7.295,26.92,73.08,,,,,
2022-23,2503653,GRADO EN CIENCIA DE DATOS,E.T.S. DE INGENIERÍA INFORMÁTICA,2022,7.42,8.06,0.6400000000000006,7.74,4.11,95.89,,,,,
2022-23,2503930,GRADO EN TECNOLOGÍA DIGITAL Y MULTIMEDIA,E.T.S.I. DE TELECOMUNICACIÓN,2022,5.55,8.28,2.7299999999999995,6.914999999999999,7.23,92.77,,,,,
2022-23,2504265,GRADO EN DISEÑO ARQUITECTÓNICO DE INTERIORES,E.T.S. DE ARQUITECTURA,2022,6.67,7.63,0.96,7.15,16.78,83.22,,,,,
2022-23,2504322,GRADO EN INGENIERÍA FÍSICA,E.T.S.I. DE TELECOMUNICACIÓN,2022,6.72,8.82,2.1000000000000005,7.77,7.69,92.31,,,,,
2022-23,2504353,GRADO EN MATEMÁTICAS,E.T.S.I. DE TELECOMUNICACIÓN,2022,5.57,6.61,1.04,6.09,8.33,91.67,,,,,
2022-23,2504381,GRADO EN INFORMÁTICA INDUSTRIAL Y ROBÓTICA,E. POLITÉCNICA SUPERIOR DE ALCOY,2022,6.56,8.75,2.1900000000000004,7.654999999999999,,,,,,,
2022-23,2504381,GRADO EN INFORMÁTICA INDUSTRIAL Y ROBÓTICA,E.T.S. DE INGENIERÍA INFORMÁTICA,2022,6.43,7.73,1.3000000000000007,7.08,,,,,,,
2022-23,2504505,GRADO EN GESTIÓN DEL TRANSPORTE Y LA LOGÍSTICA,"E.T.S.I. CAMINOS, CANALES Y PUERTOS",2022,8.13,8.33,0.1999999999999993,8.23,,,,,,,
2022-23,4310279,MÁSTER UNIVERSITARIO EN COMPUTACIÓN EN LA NUBE Y DE ALTAS PRESTACIONES / CLOUD AND HIGH-PERFORMANCE COMPUTING,UNIDAD DE MÁSTERES UNIVERSITARIOS,2022,6.25,9.25,3.0,7.75,39.13,60.87,8.75,Muy alta,100.0,0.0,Excelente
2022-23,4310280,MÁSTER UNIVERSITARIO EN EDIFICACIÓN,E.T.S. DE INGENIERÍA DE EDIFICACIÓN,2022,7.31,8.27,0.96,7.789999999999999,33.33,66.67,5.24,Alta,92.31,7.689999999999998,Excelente
2022-23,4310282,MÁSTER UNIVERSITARIO EN INGENIERÍA ACÚSTICA,ESCUELA POLITECNICA SUPERIOR DE GANDIA,2022,7.5,7.78,0.2800000000000002,7.640000000000001,15.38,84.62,3.79,Media,100.0,0.0,Excelente
2022-23,4310284,MÁSTER UNIVERSITARIO EN INGENIERÍA DE COMPUTADORES Y REDES,UNIDAD DE MÁSTERES UNIVERSITARIOS,2022,9.38,9.25,-0.1300000000000007,9.315,0.0,100.0,7.5,Muy alta,66.67,33.33,Media
2022-23,4310288,"MÁSTER UNIVERSITARIO EN TRANSPORTE, TERRITORIO Y URBANISMO","E.T.S.I. CAMINOS, CANALES Y PUERTOS",2022,7.35,8.57,1.2200000000000006,7.96,19.23,80.77,7.09,Muy alta,100.0,0.0,Excelente
2022-23,4310468,MÁSTER UNIVERSITARIO EN SANIDAD Y PRODUCCIÓN VEGETAL,UNIDAD DE MÁSTERES UNIVERSITARIOS,2022,9.29,8.68,-0.6099999999999994,8.985,14.29,85.71000000000001,5.22,Alta,100.0,0.0,Excelente
2022-23,4310569,"MÁSTER UNIVERSITARIO EN INGENIERÍA AVANZADA DE PRODUCCIÓN, LOGÍSTICA Y CADENA DE SUMINISTRO",E.T.S.I. INDUSTRIALES,2022,7.88,9.29,1.4099999999999993,8.584999999999999,37.14,62.86,6.8,Muy alta,88.89,11.11,Muy buena
2022-23,4310809,MÁSTER UNIVERSITARIO EN ARTES VISUALES Y MULTIMEDIA,UNIDAD DE MÁSTERES UNIVERSITARIOS,2022,5.66,9.42,3.76,7.54,10.0,90.0,4.42,Media,87.5,12.5,Muy buena
2022-23,4310813,"MÁSTER UNIVERSITARIO EN GESTIÓN DE EMPRESAS, PRODUCTOS Y SERVICIOS",FACULTAD DE ADMINISTRACIÓN Y DIRECCIÓN DE EMPRESAS,2022,8.33,10.0,1.67,9.165,18.18,81.82,6.3,Muy alta,85.71,14.290000000000006,Muy buena
2022-23,4310814,MÁSTER UNIVERSITARIO EN DIRECCIÓN FINANCIERA Y FISCAL,FACULTAD DE ADMINISTRACIÓN Y DIRECCIÓN DE EMPRESAS,2022,6.25,8.21,1.9600000000000009,7.23,23.81,76.19,6.63,Muy alta,100.0,0.0,Excelente
2022-23,4310898,MÁSTER UNIVERSITARIO EN DIRECCIÓN Y GESTIÓN DE PROYECTOS,E.T.S.I. INDUSTRIALES,2022,7.5,9.69,2.1899999999999995,8.594999999999999,17.39,82.61,5.36,Alta,100.0,0.0,Excelente
2022-23,4310960,MÁSTER UNIVERSITARIO EN GESTIÓN CULTURAL,UNIDAD DE MÁSTERES UNIVERSITARIOS,2022,6.5,10.0,3.5,8.25,0.0,100.0,5.83,Muy alta,100.0,0.0,Excelente
2022-23,4310963,"MÁSTER UNIVERSITARIO EN ARQUITECTURA AVANZADA, PAISAJE, URBANISMO Y DISEÑO",E.T.S. DE ARQUITECTURA,2022,5.5,8.15,2.6500000000000004,6.825,21.54,78.46000000000001,5.88,Muy alta,100.0,0.0,Excelente
2022-23,4310964,MÁSTER UNIVERSITARIO EN AUTOMÁTICA E INFORMÁTICA INDUSTRIAL,UNIDAD DE MÁSTERES UNIVERSITARIOS,2022,5.0,8.96,3.960000000000001,6.98,14.81,85.19,5.88,Muy alta,100.0,0.0,Excelente
2022-23,4310965,MÁSTER UNIVERSITARIO EN CIENCIA E INGENIERÍA DE LOS ALIMENTOS,E.T.S.I. AGRONÓMICA Y DEL MEDIO NATURAL,2022,6.11,8.16,2.05,7.135,0.0,100.0,5.67,Muy alta,92.31,7.689999999999998,Excelente
2022-23,4310966,MÁSTER UNIVERSITARIO EN CONSERVACIÓN DEL PATRIMONIO ARQUITECTÓNICO,E.T.S. DE ARQUITECTURA,2022,6.79,8.29,1.4999999999999991,7.539999999999999,9.68,90.32,4.52,Alta,75.0,25.0,Buena
2022-23,4310967,MÁSTER UNIVERSITARIO EN CONSERVACIÓN Y RESTAURACIÓN DE BIENES CULTURALES,UNIDAD DE MÁSTERES UNIVERSITARIOS,2022,5.83,9.14,3.3100000000000005,7.485,0.0,100.0,2.48,Baja,92.31,7.689999999999998,Excelente
2022-23,4310968,MÁSTER UNIVERSITARIO EN CONSTRUCCIONES E INSTALACIONES INDUSTRIALES,E.T.S.I. INDUSTRIALES,2022,7.92,9.41,1.4900000000000002,8.665,50.0,50.0,9.38,Muy alta,100.0,0.0,Excelente
2022-23,4310969,MÁSTER UNIVERSITARIO EN DISEÑO Y FABRICACIÓN INTEGRADA ASISTIDOS POR COMPUTADOR,E.T.S. DE INGENIERIA DEL DISEÑO,2022,,8.44,,,11.11,88.89,6.59,Muy alta,100.0,0.0,Excelente
2022-23,4310971,MÁSTER UNIVERSITARIO EN INGENIERÍA DE SISTEMAS ELECTRÓNICOS,E.T.S.I. DE TELECOMUNICACIÓN,2022,8.15,9.09,0.9399999999999996,8.620000000000001,15.38,84.62,6.25,Muy alta,83.33,16.67,Muy buena
2022-23,4310972,MÁSTER UNIVERSITARIO EN INGENIERÍA Y TECNOLOGÍA DE SISTEMAS SOFTWARE,UNIDAD DE MÁSTERES UNIVERSITARIOS,2022,6.43,9.44,3.01,7.935,15.38,84.62,8.11,Muy alta,100.0,0.0,Excelente
2022-23,4310973,MÁSTER UNIVERSITARIO EN INGENIERÍA DEL DISEÑO,E.T.S. DE INGENIERIA DEL DISEÑO,2022,9.0,7.88,-1.12,8.44,1.69,98.31,4.33,Media,71.43,28.569999999999997,Buena
2022-23,4310974,MÁSTER UNIVERSITARIO EN INGENIERÍA DEL HORMIGÓN,UNIDAD DE MÁSTERES UNIVERSITARIOS,2022,9.42,9.79,0.3699999999999992,9.605,19.35,80.65,3.33,Baja,100.0,0.0,Excelente
2022-23,4310975,MÁSTER UNIVERSITARIO EN INGENIERÍA DEL MANTENIMIENTO,E.T.S. DE INGENIERIA DEL DISEÑO,2022,9.1,10.0,0.9000000000000004,9.55,16.13,83.87,5.56,Muy alta,100.0,0.0,Excelente
2022-23,4310976,MÁSTER UNIVERSITARIO EN PLANIFICACIÓN Y GESTIÓN EN INGENIERÍA CIVIL,"E.T.S.I. CAMINOS, CANALES Y PUERTOS",2022,7.19,9.38,2.1900000000000004,8.285,39.39,60.61,7.03,Muy alta,100.0,0.0,Excelente
2022-23,4310977,MÁSTER UNIVERSITARIO EN INGENIERÍA HIDRÁULICA Y MEDIO AMBIENTE,UNIDAD DE MÁSTERES UNIVERSITARIOS,2022,7.5,7.96,0.4599999999999999,7.73,11.36,88.64,6.52,Muy alta,90.91,9.090000000000003,Excelente
2022-23,4310978,MÁSTER UNIVERSITARIO EN INGENIERÍA MECÁNICA,UNIDAD DE MÁSTERES UNIVERSITARIOS,2022,6.88,9.82,2.9400000000000004,8.35,13.64,86.36,6.79,Muy alta,100.0,0.0,Excelente
2022-23,4310979,"MÁSTER UNIVERSITARIO EN INTELIGENCIA ARTIFICIAL, RECONOCIMIENTO DE FORMAS E IMAGEN DIGITAL",UNIDAD DE MÁSTERES UNIVERSITARIOS,2022,7.97,9.46,1.490000000000001,8.715,6.45,93.55,7.76,Muy alta,100.0,0.0,Excelente
2022-23,4310980,MÁSTER UNIVERSITARIO EN SISTEMAS PROPULSIVOS PARA UNA MOVILIDAD SOSTENIBLE,UNIDAD DE MÁSTERES UNIVERSITARIOS,2022,8.89,10.0,1.1099999999999994,9.445,8.33,91.67,7.27,Muy alta,88.89,11.11,Muy buena
2022-23,4310981,MÁSTER UNIVERSITARIO EN TECNOLOGÍA ENERGÉTICA PARA DESARROLLO SOSTENIBLE,E.T.S.I. INDUSTRIALES,2022,6.07,8.97,2.9000000000000004,7.52,5.26,94.74,7.45,Muy alta,100.0,0.0,Excelente
2022-23,4310982,"MÁSTER UNIVERSITARIO EN TECNOLOGÍAS, SISTEMAS Y REDES DE COMUNICACIONES",E.T.S.I. DE TELECOMUNICACIÓN,2022,9.0,8.91,-0.0899999999999998,8.955,22.22,77.78,5.19,Alta,100.0,0.0,Excelente
2022-23,4311602,MÁSTER UNIVERSITARIO EN BIOTECNOLOGÍA BIOMÉDICA,UNIDAD DE MÁSTERES UNIVERSITARIOS,2022,6.88,8.5,1.62,7.689999999999999,8.33,91.67,5.35,Alta,100.0,0.0,Excelente
2022-23,4311603,MÁSTER UNIVERSITARIO EN BIOTECNOLOGÍA MOLECULAR Y CELULAR DE PLANTAS,UNIDAD DE MÁSTERES UNIVERSITARIOS,2022,6.25,8.93,2.68,7.59,0.0,100.0,3.52,Media,77.78,22.22,Buena
2022-23,4311604,MÁSTER UNIVERSITARIO EN ECONOMÍA AGROALIMENTARIA Y DEL MEDIO AMBIENTE,UNIDAD DE MÁSTERES UNIVERSITARIOS,2022,5.0,8.75,3.75,6.875,35.0,65.0,6.02,Muy alta,60.0,40.0,Media
2022-23,4311605,MÁSTER UNIVERSITARIO EN GESTIÓN DE LA SEGURIDAD Y CALIDAD ALIMENTARIA,E.T.S.I. AGRONÓMICA Y DEL MEDIO NATURAL,2022,6.25,8.5,2.25,7.375,5.0,95.0,6.08,Muy alta,86.67,13.329999999999998,Muy buena
2022-23,4311606,"MÁSTER UNIVERSITARIO EN INGENIERÍA DE ANÁLISIS DE DATOS, MEJORA DE PROCESOS Y TOMA DE DECISIONES",UNIDAD DE MÁSTERES UNIVERSITARIOS,2022,6.43,10.0,3.5700000000000003,8.215,4.55,95.45,6.25,Muy alta,83.33,16.67,Muy buena
2022-23,4311609,MÁSTER UNIVERSITARIO EN LENGUAS Y TECNOLOGÍA,UNIDAD DE MÁSTERES UNIVERSITARIOS,2022,5.0,9.55,4.550000000000001,7.275,20.83,79.17,8.89,Muy alta,100.0,0.0,Excelente
2022-23,4311610,MÁSTER UNIVERSITARIO EN MEJORA GENÉTICA ANIMAL Y BIOTECNOLOGÍA DE LA REPRODUCCIÓN,UNIDAD DE MÁSTERES UNIVERSITARIOS,2022,7.5,9.38,1.8800000000000008,8.440000000000001,,,,,,,
2022-23,4311612,MÁSTER UNIVERSITARIO EN POSTPRODUCCIÓN DIGITAL,ESCUELA POLITECNICA SUPERIOR DE GANDIA,2022,3.13,8.5,5.37,5.815,19.23,80.77,4.62,Alta,66.67,33.33,Media
2022-23,4311613,MÁSTER UNIVERSITARIO EN PREVENCIÓN DE RIESGOS LABORALES,UNIDAD DE MÁSTERES UNIVERSITARIOS,2022,3.09,7.4,4.3100000000000005,5.245,28.89,71.11,6.76,Muy alta,100.0,0.0,Excelente
2022-23,4311614,MÁSTER UNIVERSITARIO EN PRODUCCIÓN ARTÍSTICA,FACULTAD DE BELLAS ARTES,2022,6.0,8.44,2.4399999999999995,7.22,9.35,90.65,4.67,Alta,86.67,13.329999999999998,Muy buena
2022-23,4311725,MÁSTER UNIVERSITARIO EN COOPERACIÓN AL DESARROLLO,UNIDAD DE MÁSTERES UNIVERSITARIOS,2022,7.5,9.69,2.1899999999999995,8.594999999999999,4.0,96.0,4.32,Media,87.5,12.5,Muy buena
2022-23,4311726,MÁSTER UNIVERSITARIO EN INGENIERÍA AMBIENTAL,"E.T.S.I. CAMINOS, CANALES Y PUERTOS",2022,5.63,8.57,2.9400000000000004,7.1,11.11,88.89,7.08,Muy alta,100.0,0.0,Excelente
2022-23,4312033,MÁSTER UNIVERSITARIO EN ACUICULTURA,UNIDAD DE MÁSTERES UNIVERSITARIOS,2022,7.5,10.0,2.5,8.75,20.0,80.0,6.67,Muy alta,75.0,25.0,Buena
2022-23,4312991,MÁSTER UNIVERSITARIO EN EVALUACIÓN Y SEGUIMIENTO AMBIENTAL DE ECOSISTEMAS MARINOS Y COSTEROS,ESCUELA POLITECNICA SUPERIOR DE GANDIA,2022,6.25,9.5,3.25,7.875,17.65,82.35,1.46,Muy baja,100.0,0.0,Excelente
2022-23,4313930,MÁSTER UNIVERSITARIO EN INVESTIGACIÓN MATEMÁTICA,UNIDAD DE MÁSTERES UNIVERSITARIOS,2022,8.75,8.89,0.1400000000000005,8.82,15.0,85.0,8.33,Muy alta,50.0,50.0,Baja
2022-23,4314065,"MÁSTER UNIVERSITARIO EN INGENIERÍA, PROCESADO Y CARACTERIZACIÓN DE MATERIALES",E. POLITÉCNICA SUPERIOR DE ALCOY,2022,8.13,8.59,0.4599999999999991,8.36,7.69,92.31,5.79,Muy alta,100.0,0.0,Excelente
2022-23,4314067,MÁSTER UNIVERSITARIO EN INGENIERÍA MECATRÓNICA,E.T.S. DE INGENIERIA DEL DISEÑO,2022,7.31,7.34,0.0300000000000002,7.324999999999999,9.76,90.24,6.85,Muy alta,100.0,0.0,Excelente
2022-23,4314071,MÁSTER UNIVERSITARIO EN INGENIERÍA DE ORGANIZACIÓN Y LOGÍSTICA,E. POLITÉCNICA SUPERIOR DE ALCOY,2022,7.79,9.38,1.5900000000000007,8.585,12.0,88.0,7.5,Muy alta,100.0,0.0,Excelente
2022-23,4314473,MÁSTER UNIVERSITARIO EN INGENIERÍA DE MONTES,E.T.S.I. AGRONÓMICA Y DEL MEDIO NATURAL,2022,6.25,7.95,1.7000000000000002,7.1,0.0,100.0,4.23,Media,100.0,0.0,Excelente
2022-23,4314518,MÁSTER UNIVERSITARIO EN INGENIERÍA DE TELECOMUNICACIÓN,E.T.S.I. DE TELECOMUNICACIÓN,2022,5.79,7.74,1.95,6.765000000000001,7.14,92.86,6.86,Muy alta,100.0,0.0,Excelente
2022-23,4314521,MÁSTER UNIVERSITARIO EN INGENIERÍA AERONÁUTICA,E.T.S. DE INGENIERIA DEL DISEÑO,2022,4.44,8.91,4.47,6.675000000000001,7.41,92.59,6.56,Muy alta,94.12,5.879999999999996,Excelente
2022-23,4314523,MÁSTER UNIVERSITARIO EN INGENIERÍA QUÍMICA,E.T.S.I. INDUSTRIALES,2022,7.5,8.55,1.0500000000000007,8.025,3.64,96.36,3.92,Media,88.89,11.11,Muy buena
2022-23,4314524,MÁSTER UNIVERSITARIO EN INGENIERÍA INDUSTRIAL,E.T.S.I. INDUSTRIALES,2022,5.24,8.67,3.43,6.955,7.12,92.88,7.03,Muy alta,98.25,1.75,Excelente
2022-23,4314526,MÁSTER UNIVERSITARIO EN INGENIERÍA INFORMÁTICA,E.T.S. DE INGENIERÍA INFORMÁTICA,2022,6.25,8.39,2.140000000000001,7.32,3.7,96.3,7.91,Muy alta,100.0,0.0,Excelente
2022-23,4314528,MÁSTER UNIVERSITARIO EN ENOLOGÍA,E.T.S.I. AGRONÓMICA Y DEL MEDIO NATURAL,2022,4.38,8.75,4.37,6.565,28.57,71.43,3.75,Media,100.0,0.0,Excelente
2022-23,4314529,MÁSTER UNIVERSITARIO EN INGENIERÍA AGRONÓMICA,E.T.S.I. AGRONÓMICA Y DEL MEDIO NATURAL,2022,7.75,8.27,0.5199999999999996,8.01,2.7,97.3,6.51,Muy alta,100.0,0.0,Excelente
2022-23,4314646,MÁSTER UNIVERSITARIO EN INGENIERÍA GEOMÁTICA Y GEOINFORMACIÓN,"E.T.S.I. GEODESICA, CARTOGRAFICA Y TOP.",2022,8.7,9.12,0.4199999999999999,8.91,15.0,85.0,5.68,Muy alta,100.0,0.0,Excelente
2022-23,4314647,"MÁSTER UNIVERSITARIO EN INGENIERÍA DE CAMINOS, CANALES Y PUERTOS","E.T.S.I. CAMINOS, CANALES Y PUERTOS",2022,4.85,8.75,3.9,6.8,5.63,94.37,5.97,Muy alta,96.97,3.030000000000001,Excelente
2022-23,4314825,MÁSTER UNIVERSITARIO EN DIRECCIÓN DE EMPRESAS (MBA),E. POLITÉCNICA SUPERIOR DE ALCOY,2022,8.64,8.93,0.2899999999999991,8.785,33.33,66.67,5.48,Alta,100.0,0.0,Excelente
2022-23,4315002,MÁSTER UNIVERSITARIO EN INGENIERÍA TEXTIL,E. POLITÉCNICA SUPERIOR DE ALCOY,2022,7.65,9.41,1.7599999999999998,8.530000000000001,9.52,90.48,8.13,Muy alta,100.0,0.0,Excelente
2022-23,4315070,MÁSTER UNIVERSITARIO EN ARQUITECTURA,E.T.S. DE ARQUITECTURA,2022,6.85,7.97,1.12,7.41,4.15,95.85,5.21,Alta,97.01,2.989999999999995,Excelente
2022-23,4315739,MÁSTER UNIVERSITARIO EN ARQUITECTURA DEL PAISAJE,E.T.S. DE ARQUITECTURA,2022,,10.0,,,,,2.5,Baja,100.0,0.0,Excelente
2022-23,4315921,MÁSTER UNIVERSITARIO EN INGENIERÍA BIOMÉDICA,E.T.S.I. INDUSTRIALES,2022,1.25,8.33,7.08,4.79,10.87,89.13,6.94,Muy alta,100.0,0.0,Excelente
2022-23,4315941,MÁSTER UNIVERSITARIO ERASMUS MUNDUS EN SANIDAD VEGETAL EN AGRICULTURA SOSTENIBLE/ EUROPEAN MASTER DEGREE IN PLANT HEALTH IN SUSTAINABLE CROPPING SYSTEMS,UNIDAD DE MÁSTERES UNIVERSITARIOS,2022,9.79,9.84,0.0500000000000007,9.815,8.7,91.3,6.25,Muy alta,100.0,0.0,Excelente
2022-23,4316135,MÁSTER UNIVERSITARIO EN GESTIÓN ADMINISTRATIVA,FACULTAD DE ADMINISTRACIÓN Y DIRECCIÓN DE EMPRESAS,2022,,4.17,,,19.23,80.77,3.21,Baja,75.0,25.0,Buena
2022-23,4316557,"MÁSTER UNIVERSITARIO EN ESTUDIOS DE LA CIENCIA, LA TECNOLOGÍA Y LA INNOVACIÓN",UNIDAD DE MÁSTERES UNIVERSITARIOS,2022,10.0,10.0,0.0,10.0,58.82,41.18,,,,,
2022-23,4316840,MÁSTER UNIVERSITARIO EN MEJORA GENÉTICA VEGETAL,UNIDAD DE MÁSTERES UNIVERSITARIOS,2022,6.25,9.23,2.9800000000000004,7.74,8.0,92.0,,,,,
2022-23,4317401,MÁSTER UNIVERSITARIO EN SOCIAL MEDIA Y COMUNICACIÓN CORPORATIVA,FACULTAD DE ADMINISTRACIÓN Y DIRECCIÓN DE EMPRESAS,2022,6.5,9.32,2.8200000000000003,7.91,0.0,100.0,,,,,
2022-23,4317434,MÁSTER UNIVERSITARIO EN SISTEMAS INTELIGENTES DE TRANSPORTE,"E.T.S.I. CAMINOS, CANALES Y PUERTOS",2022,6.25,8.41,2.16,7.33,18.75,81.25,,,,,
2022-23,4317446,MÁSTER UNIVERSITARIO EN COMUNICACIÓN TRANSMEDIA,ESCUELA POLITECNICA SUPERIOR DE GANDIA,2022,10.0,9.06,-0.9399999999999996,9.53,9.09,90.91,,,,,
2022-23,4317448,MÁSTER UNIVERSITARIO EN CIBERSEGURIDAD Y CIBERINTELIGENCIA,E.T.S. DE INGENIERÍA INFORMÁTICA,2022,8.86,8.93,0.0700000000000002,8.895,14.81,85.19,,,,,
2022-23,4317455,"MÁSTER UNIVERSITARIO ERASMUS MUNDUS EN ONDAS, ACÚSTICA, VIBRACIONES, INGENIERÍA Y SONIDO / ERASMUS MUNDUS MASTER IN WAVES, ACOUSTICS, VIBRATIONS, ENGINEERING AND SOUND (WAVES)",ESCUELA POLITECNICA SUPERIOR DE GANDIA,2022,7.5,7.92,0.4199999999999999,7.71,0.0,100.0,,,,,
2022-23,4317480,MÁSTER UNIVERSITARIO EN QUÍMICA SOSTENIBLE,UNIDAD DE MÁSTERES UNIVERSITARIOS,2022,8.13,9.38,1.25,8.755,19.05,80.95,,,,,
2022-23,4317640,MÁSTER UNIVERSITARIO EN INGENIERÍA BIOAMBIENTAL Y DEL PAISAJE,E.T.S.I. AGRONÓMICA Y DEL MEDIO NATURAL,2022,7.5,9.12,1.6199999999999992,8.309999999999999,,,,,,,
2022-23,4317898,MÁSTER UNIVERSITARIO ERASMUS MUNDUS EN MEJORA GENÉTICA VEGETAL / ERASMUS MUNDUS MASTER IN PLANT BREEDING - EMPLANT +,UNIDAD DE MÁSTERES UNIVERSITARIOS,2022,,9.72,,,0.0,100.0,,,,,
2022-23,4317936,MÁSTER UNIVERSITARIO EN GANADERÍA DE PRECISIÓN,E.T.S.I. AGRONÓMICA Y DEL MEDIO NATURAL,2022,7.5,8.21,0.7100000000000009,7.855,,,,,,,
2022-23,4317948,MÁSTER UNIVERSITARIO EN MECÁNICA DE FLUIDOS COMPUTACIONAL,E.T.S. DE INGENIERIA DEL DISEÑO,2022,5.0,8.33,3.33,6.665,,,,,,,
2022-23,4317961,MÁSTER UNIVERSITARIO ERASMUS MUNDUS EN CIENCIA EN INGENIERÍA TEXTIL / ERASMUS MUNDUS MASTER OF SCIENCE IN TEXTILE ENGINEERING,E. POLITÉCNICA SUPERIOR DE ALCOY,2022,2.5,9.0,6.5,5.75,0.0,100.0,,,,,
2022-23,4318105,MÁSTER UNIVERSITARIO EN SEGURIDAD NUCLEAR Y PROTECCIÓN RADIOLÓGICA,E.T.S.I. INDUSTRIALES,2022,7.92,9.72,1.8000000000000007,8.82,,,,,,,
2023-24,2500739,GRADO EN ARQUITECTURA TÉCNICA,E.T.S. DE INGENIERÍA DE EDIFICACIÓN,2023,6.53,7.75,1.2199999999999998,7.140000000000001,20.54,79.46000000000001,6.65,Muy alta,100.0,0.0,Excelente
2023-24,2500801,GRADO EN CIENCIAS AMBIENTALES,ESCUELA POLITECNICA SUPERIOR DE GANDIA,2023,4.42,7.86,3.4400000000000004,6.140000000000001,12.5,87.5,4.52,Alta,94.44,5.560000000000002,Excelente
2023-24,2501354,GRADO EN COMUNICACIÓN AUDIOVISUAL,ESCUELA POLITECNICA SUPERIOR DE GANDIA,2023,6.62,9.02,2.3999999999999995,7.82,1.39,98.61,5.21,Alta,76.92,23.08,Buena
2023-24,2501355,GRADO EN TURISMO,ESCUELA POLITECNICA SUPERIOR DE GANDIA,2023,7.37,7.6,0.2299999999999995,7.484999999999999,27.59,72.41,5.0,Alta,83.33,16.67,Muy buena
2023-24,2501356,GRADO EN INGENIERÍA EN DISEÑO INDUSTRIAL Y DESARROLLO DE PRODUCTOS,E. POLITÉCNICA SUPERIOR DE ALCOY,2023,6.85,8.06,1.2100000000000009,7.455,16.67,83.33,4.83,Alta,96.67,3.3299999999999983,Excelente
2023-24,2501356,GRADO EN INGENIERÍA EN DISEÑO INDUSTRIAL Y DESARROLLO DE PRODUCTOS,E.T.S. DE INGENIERIA AEROESPACIAL Y DISEÑO INDUSTRIAL,2023,7.45,8.24,0.79,7.845000000000001,6.25,93.75,4.56,Alta,90.16,9.840000000000003,Excelente
2023-24,2501484,GRADO EN BELLAS ARTES,FACULTAD DE BELLAS ARTES,2023,7.16,8.99,1.83,8.075,6.23,93.77,3.96,Media,80.22,19.78,Muy buena
2023-24,2501485,GRADO EN CONSERVACIÓN Y RESTAURACIÓN DE BIENES CULTURALES,FACULTAD DE BELLAS ARTES,2023,5.73,9.0,3.27,7.365,12.0,88.0,2.41,Baja,73.53,26.47,Buena
2023-24,2501486,GRADO EN GESTIÓN Y ADMINISTRACIÓN PÚBLICA,FACULTAD DE ADMINISTRACIÓN Y DIRECCIÓN DE EMPRESAS,2023,7.84,8.93,1.09,8.385,14.77,85.23,6.24,Muy alta,81.82,18.180000000000007,Muy buena
2023-24,2501649,GRADO EN BIOTECNOLOGÍA,E.T.S.I. AGRONÓMICA Y DEL MEDIO NATURAL,2023,6.46,7.62,1.16,7.04,6.19,93.81,5.56,Muy alta,94.44,5.560000000000002,Excelente
2023-24,2501650,GRADO EN CIENCIA Y TECNOLOGÍA DE LOS ALIMENTOS,E.T.S.I. AGRONÓMICA Y DEL MEDIO NATURAL,2023,5.88,7.9,2.0200000000000005,6.890000000000001,15.15,84.85,5.88,Muy alta,84.0,16.0,Muy buena
2023-24,2501651,GRADO EN ADMINISTRACIÓN Y DIRECCIÓN DE EMPRESAS,E. POLITÉCNICA SUPERIOR DE ALCOY,2023,6.67,8.15,1.4800000000000004,7.41,44.3,55.7,4.84,Alta,80.0,20.0,Muy buena
2023-24,2501651,GRADO EN ADMINISTRACIÓN Y DIRECCIÓN DE EMPRESAS,FACULTAD DE ADMINISTRACIÓN Y DIRECCIÓN DE EMPRESAS,2023,6.9,8.79,1.8899999999999988,7.845,12.63,87.37,7.08,Muy alta,92.16,7.840000000000003,Excelente
2023-24,2501653,GRADO EN INGENIERÍA AEROESPACIAL,E.T.S. DE INGENIERIA AEROESPACIAL Y DISEÑO INDUSTRIAL,2023,6.0,8.47,2.4700000000000006,7.235,4.2,95.8,6.51,Muy alta,91.49,8.510000000000005,Excelente
2023-24,2501654,GRADO EN INGENIERÍA AGROALIMENTARIA Y DEL MEDIO RURAL,E.T.S.I. AGRONÓMICA Y DEL MEDIO NATURAL,2023,6.71,8.26,1.5499999999999998,7.484999999999999,21.7,78.3,6.26,Muy alta,93.75,6.25,Excelente
2023-24,2501655,GRADO EN INGENIERÍA ELÉCTRICA,E. POLITÉCNICA SUPERIOR DE ALCOY,2023,7.22,8.67,1.4500000000000002,7.945,42.86,57.14,6.49,Muy alta,90.0,10.0,Excelente
2023-24,2501655,GRADO EN INGENIERÍA ELÉCTRICA,E.T.S. DE INGENIERIA AEROESPACIAL Y DISEÑO INDUSTRIAL,2023,7.16,8.29,1.129999999999999,7.725,8.64,91.36,7.19,Muy alta,92.59,7.409999999999997,Excelente
2023-24,2501656,GRADO EN INGENIERÍA ELECTRÓNICA INDUSTRIAL Y AUTOMÁTICA,E.T.S. DE INGENIERIA AEROESPACIAL Y DISEÑO INDUSTRIAL,2023,7.29,8.17,0.8799999999999999,7.73,5.16,94.84,6.78,Muy alta,100.0,0.0,Excelente
2023-24,2501657,GRADO EN INGENIERÍA GEOMÁTICA Y TOPOGRAFÍA,"E.T.S.I. GEODESICA, CARTOGRAFICA Y TOP.",2023,6.67,9.02,2.35,7.845,23.29,76.71000000000001,7.02,Muy alta,87.5,12.5,Muy buena
2023-24,2501658,GRADO EN INGENIERÍA DE ORGANIZACIÓN INDUSTRIAL,E.T.S.I. INDUSTRIALES,2023,8.13,8.44,0.3099999999999987,8.285,6.98,93.02,7.93,Muy alta,100.0,0.0,Excelente
2023-24,2501659,GRADO EN INGENIERÍA EN TECNOLOGÍAS INDUSTRIALES,E.T.S.I. INDUSTRIALES,2023,7.07,8.63,1.5600000000000005,7.85,7.57,92.43,6.95,Muy alta,99.07,0.9300000000000068,Excelente
2023-24,2501660,GRADO EN INGENIERÍA FORESTAL Y DEL MEDIO NATURAL,E.T.S.I. AGRONÓMICA Y DEL MEDIO NATURAL,2023,4.42,8.17,3.75,6.295,43.94,56.06,4.3,Media,78.57,21.430000000000007,Buena
2023-24,2501661,GRADO EN INGENIERÍA INFORMÁTICA,E. POLITÉCNICA SUPERIOR DE ALCOY,2023,6.9,8.6,1.6999999999999993,7.75,10.96,89.03999999999999,8.19,Muy alta,100.0,0.0,Excelente
2023-24,2501661,GRADO EN INGENIERÍA INFORMÁTICA,E.T.S. DE INGENIERÍA INFORMÁTICA,2023,7.18,8.62,1.4399999999999995,7.899999999999999,4.96,95.04,7.7,Muy alta,96.75,3.25,Excelente
2023-24,2501662,GRADO EN INGENIERÍA QUÍMICA,E. POLITÉCNICA SUPERIOR DE ALCOY,2023,7.5,8.02,0.5199999999999996,7.76,25.45,74.55,6.15,Muy alta,92.31,7.689999999999998,Excelente
2023-24,2501662,GRADO EN INGENIERÍA QUÍMICA,E.T.S.I. INDUSTRIALES,2023,6.98,8.59,1.6099999999999994,7.785,13.4,86.6,5.45,Alta,95.65,4.349999999999994,Excelente
2023-24,2501663,"GRADO EN INGENIERÍA DE SISTEMAS DE TELECOMUNICACIÓN, SONIDO E IMAGEN",ESCUELA POLITECNICA SUPERIOR DE GANDIA,2023,6.82,8.75,1.93,7.785,54.9,45.1,6.77,Muy alta,100.0,0.0,Excelente
2023-24,2502182,GRADO EN INGENIERÍA MECÁNICA,E. POLITÉCNICA SUPERIOR DE ALCOY,2023,6.99,8.29,1.299999999999999,7.64,15.09,84.91,6.27,Muy alta,95.12,4.879999999999996,Excelente
2023-24,2502182,GRADO EN INGENIERÍA MECÁNICA,E.T.S. DE INGENIERIA AEROESPACIAL Y DISEÑO INDUSTRIAL,2023,7.16,8.54,1.379999999999999,7.85,3.75,96.25,6.39,Muy alta,98.41,1.5900000000000034,Excelente
2023-24,2502407,GRADO EN INGENIERÍA DE TECNOLOGÍAS Y SERVICIOS DE TELECOMUNICACIÓN,E.T.S.I. DE TELECOMUNICACIÓN,2023,7.55,7.87,0.3200000000000003,7.71,10.34,89.66,7.57,Muy alta,97.14,2.8599999999999994,Excelente
2023-24,2502660,GRADO EN INGENIERÍA DE LA ENERGÍA,E.T.S.I. INDUSTRIALES,2023,6.38,7.69,1.3100000000000005,7.035,0.0,100.0,7.33,Muy alta,94.74,5.260000000000005,Excelente
2023-24,2502731,GRADO EN INGENIERÍA BIOMÉDICA,E.T.S.I. INDUSTRIALES,2023,6.54,8.86,2.3199999999999994,7.699999999999999,7.89,92.11,6.71,Muy alta,93.55,6.450000000000003,Excelente
2023-24,2503025,GRADO EN FUNDAMENTOS DE LA ARQUITECTURA,E.T.S. DE ARQUITECTURA,2023,8.15,7.79,-0.3600000000000003,7.970000000000001,13.79,86.21000000000001,6.1,Muy alta,92.55,7.450000000000003,Excelente
2023-24,2503349,GRADO EN DISEÑO Y TECNOLOGÍAS CREATIVAS,FACULTAD DE BELLAS ARTES,2023,5.81,8.18,2.37,6.994999999999999,3.81,96.19,4.91,Alta,82.86,17.14,Muy buena
2023-24,2503504,GRADO EN TECNOLOGÍAS INTERACTIVAS,ESCUELA POLITECNICA SUPERIOR DE GANDIA,2023,6.53,8.43,1.8999999999999997,7.48,33.82,66.18,,,,,
2023-24,2503653,GRADO EN CIENCIA DE DATOS,E.T.S. DE INGENIERÍA INFORMÁTICA,2023,7.56,8.41,0.8500000000000005,7.984999999999999,8.47,91.53,,,,,
2023-24,2503930,GRADO EN TECNOLOGÍA DIGITAL Y MULTIMEDIA,E.T.S.I. DE TELECOMUNICACIÓN,2023,6.7,8.79,2.089999999999999,7.744999999999999,6.1,93.9,,,,,
2023-24,2504265,GRADO EN DISEÑO ARQUITECTÓNICO DE INTERIORES,E.T.S. DE ARQUITECTURA,2023,7.29,7.44,0.1500000000000003,7.365,14.88,85.12,,,,,
2023-24,2504322,GRADO EN INGENIERÍA FÍSICA,E.T.S.I. DE TELECOMUNICACIÓN,2023,6.94,8.26,1.3199999999999994,7.6,9.21,90.79,,,,,
2023-24,2504353,GRADO EN MATEMÁTICAS,E.T.S.I. DE TELECOMUNICACIÓN,2023,5.84,7.0,1.16,6.42,,,,,,,
2023-24,2504381,GRADO EN INFORMÁTICA INDUSTRIAL Y ROBÓTICA,E. POLITÉCNICA SUPERIOR DE ALCOY,2023,4.33,7.78,3.45,6.055,15.87,84.13,,,,,
2023-24,2504381,GRADO EN INFORMÁTICA INDUSTRIAL Y ROBÓTICA,E.T.S. DE INGENIERÍA INFORMÁTICA,2023,7.08,8.13,1.0500000000000007,7.605,6.76,93.24,,,,,
2023-24,2504505,GRADO EN GESTIÓN DEL TRANSPORTE Y LA LOGÍSTICA,"E.T.S.I. CAMINOS, CANALES Y PUERTOS",2023,7.5,8.48,0.9800000000000004,7.99,7.32,92.68,,,,,
2023-24,2504565,GRADO EN INGENIERÍA CIVIL,"E.T.S.I. CAMINOS, CANALES Y PUERTOS",2023,7.19,9.17,1.9799999999999995,8.18,,,,,,,
2023-24,4310279,MÁSTER UNIVERSITARIO EN COMPUTACIÓN EN LA NUBE Y DE ALTAS PRESTACIONES / CLOUD AND HIGH-PERFORMANCE COMPUTING,UNIDAD DE MÁSTERES UNIVERSITARIOS,2023,7.0,8.86,1.8599999999999997,7.93,5.88,94.12,9.0,Muy alta,100.0,0.0,Excelente
2023-24,4310280,MÁSTER UNIVERSITARIO EN EDIFICACIÓN,E.T.S. DE INGENIERÍA DE EDIFICACIÓN,2023,7.95,10.0,2.05,8.975,20.0,80.0,7.55,Muy alta,90.91,9.090000000000003,Excelente
2023-24,4310282,MÁSTER UNIVERSITARIO EN INGENIERÍA ACÚSTICA,ESCUELA POLITECNICA SUPERIOR DE GANDIA,2023,7.19,8.75,1.5599999999999996,7.970000000000001,33.33,66.67,2.5,Baja,50.0,50.0,Baja
2023-24,4310284,MÁSTER UNIVERSITARIO EN INGENIERÍA DE COMPUTADORES Y REDES,UNIDAD DE MÁSTERES UNIVERSITARIOS,2023,6.67,8.75,2.08,7.71,30.77,69.23,8.64,Muy alta,100.0,0.0,Excelente
2023-24,4310288,"MÁSTER UNIVERSITARIO EN TRANSPORTE, TERRITORIO Y URBANISMO","E.T.S.I. CAMINOS, CANALES Y PUERTOS",2023,7.75,8.33,0.5800000000000001,8.04,13.33,86.67,5.25,Alta,100.0,0.0,Excelente
2023-24,4310468,MÁSTER UNIVERSITARIO EN SANIDAD Y PRODUCCIÓN VEGETAL,UNIDAD DE MÁSTERES UNIVERSITARIOS,2023,7.0,8.83,1.83,7.915,11.11,88.89,1.67,Muy baja,100.0,0.0,Excelente
2023-24,4310569,"MÁSTER UNIVERSITARIO EN INGENIERÍA AVANZADA DE PRODUCCIÓN, LOGÍSTICA Y CADENA DE SUMINISTRO",E.T.S.I. INDUSTRIALES,2023,7.31,9.64,2.330000000000001,8.475,7.5,92.5,7.72,Muy alta,100.0,0.0,Excelente
2023-24,4310809,MÁSTER UNIVERSITARIO EN ARTES VISUALES Y MULTIMEDIA,UNIDAD DE MÁSTERES UNIVERSITARIOS,2023,9.17,9.06,-0.1099999999999994,9.115,0.0,100.0,5.63,Muy alta,100.0,0.0,Excelente
2023-24,4310813,"MÁSTER UNIVERSITARIO EN GESTIÓN DE EMPRESAS, PRODUCTOS Y SERVICIOS",FACULTAD DE ADMINISTRACIÓN Y DIRECCIÓN DE EMPRESAS,2023,9.29,10.0,0.7100000000000009,9.645,5.88,94.12,5.79,Muy alta,100.0,0.0,Excelente
2023-24,4310814,MÁSTER UNIVERSITARIO EN DIRECCIÓN FINANCIERA Y FISCAL,FACULTAD DE ADMINISTRACIÓN Y DIRECCIÓN DE EMPRESAS,2023,7.0,9.25,2.25,8.125,23.53,76.47,5.42,Alta,100.0,0.0,Excelente
2023-24,4310898,MÁSTER UNIVERSITARIO EN DIRECCIÓN Y GESTIÓN DE PROYECTOS,E.T.S.I. INDUSTRIALES,2023,7.5,9.58,2.08,8.54,6.45,93.55,9.54,Muy alta,50.0,50.0,Baja
2023-24,4310960,MÁSTER UNIVERSITARIO EN GESTIÓN CULTURAL,UNIDAD DE MÁSTERES UNIVERSITARIOS,2023,4.0,9.17,5.17,6.585,11.11,88.89,2.98,Baja,87.5,12.5,Muy buena
2023-24,4310963,"MÁSTER UNIVERSITARIO EN ARQUITECTURA AVANZADA, PAISAJE, URBANISMO Y DISEÑO",E.T.S. DE ARQUITECTURA,2023,6.73,8.27,1.5399999999999991,7.5,10.94,89.06,5.36,Alta,71.43,28.569999999999997,Buena
2023-24,4310964,MÁSTER UNIVERSITARIO EN AUTOMÁTICA E INFORMÁTICA INDUSTRIAL,UNIDAD DE MÁSTERES UNIVERSITARIOS,2023,5.71,9.77,4.06,7.74,7.41,92.59,6.88,Muy alta,100.0,0.0,Excelente
2023-24,4310965,MÁSTER UNIVERSITARIO EN CIENCIA E INGENIERÍA DE LOS ALIMENTOS,E.T.S.I. AGRONÓMICA Y DEL MEDIO NATURAL,2023,6.83,8.75,1.92,7.79,10.0,90.0,5.28,Alta,100.0,0.0,Excelente
2023-24,4310966,MÁSTER UNIVERSITARIO EN CONSERVACIÓN DEL PATRIMONIO ARQUITECTÓNICO,E.T.S. DE ARQUITECTURA,2023,8.06,7.88,-0.1800000000000006,7.970000000000001,16.0,84.0,4.64,Alta,90.91,9.090000000000003,Excelente
2023-24,4310967,MÁSTER UNIVERSITARIO EN CONSERVACIÓN Y RESTAURACIÓN DE BIENES CULTURALES,UNIDAD DE MÁSTERES UNIVERSITARIOS,2023,3.52,9.17,5.65,6.345,3.23,96.77,1.28,Muy baja,63.64,36.36,Media
2023-24,4310968,MÁSTER UNIVERSITARIO EN CONSTRUCCIONES E INSTALACIONES INDUSTRIALES,E.T.S.I. INDUSTRIALES,2023,6.0,9.58,3.58,7.79,29.17,70.83,7.65,Muy alta,100.0,0.0,Excelente
2023-24,4310969,MÁSTER UNIVERSITARIO EN DISEÑO Y FABRICACIÓN INTEGRADA ASISTIDOS POR COMPUTADOR,E.T.S. DE INGENIERIA AEROESPACIAL Y DISEÑO INDUSTRIAL,2023,7.75,9.72,1.9700000000000009,8.735,0.0,100.0,6.91,Muy alta,100.0,0.0,Excelente
2023-24,4310971,MÁSTER UNIVERSITARIO EN INGENIERÍA DE SISTEMAS ELECTRÓNICOS,E.T.S.I. DE TELECOMUNICACIÓN,2023,7.39,8.86,1.4699999999999998,8.125,4.35,95.65,7.67,Muy alta,100.0,0.0,Excelente
2023-24,4310972,MÁSTER UNIVERSITARIO EN INGENIERÍA Y TECNOLOGÍA DE SISTEMAS SOFTWARE,UNIDAD DE MÁSTERES UNIVERSITARIOS,2023,7.5,9.5,2.0,8.5,21.05,78.95,8.79,Muy alta,100.0,0.0,Excelente
2023-24,4310973,MÁSTER UNIVERSITARIO EN INGENIERÍA DEL DISEÑO,E.T.S. DE INGENIERIA AEROESPACIAL Y DISEÑO INDUSTRIAL,2023,6.2,8.54,2.339999999999999,7.369999999999999,9.62,90.38,6.64,Muy alta,88.89,11.11,Muy buena
2023-24,4310974,MÁSTER UNIVERSITARIO EN INGENIERÍA DEL HORMIGÓN,UNIDAD DE MÁSTERES UNIVERSITARIOS,2023,10.0,8.04,-1.9600000000000009,9.02,25.0,75.0,4.44,Media,100.0,0.0,Excelente
2023-24,4310975,MÁSTER UNIVERSITARIO EN INGENIERÍA DEL MANTENIMIENTO,E.T.S. DE INGENIERIA AEROESPACIAL Y DISEÑO INDUSTRIAL,2023,8.93,10.0,1.0700000000000005,9.465,18.52,81.48,5.43,Alta,100.0,0.0,Excelente
2023-24,4310976,MÁSTER UNIVERSITARIO EN PLANIFICACIÓN Y GESTIÓN EN INGENIERÍA CIVIL,"E.T.S.I. CAMINOS, CANALES Y PUERTOS",2023,7.58,9.03,1.4499999999999993,8.305,13.64,86.36,7.04,Muy alta,100.0,0.0,Excelente
2023-24,4310977,MÁSTER UNIVERSITARIO EN INGENIERÍA HIDRÁULICA Y MEDIO AMBIENTE,UNIDAD DE MÁSTERES UNIVERSITARIOS,2023,7.86,9.7,1.839999999999999,8.78,21.74,78.26,5.83,Muy alta,91.67,8.329999999999998,Excelente
2023-24,4310978,MÁSTER UNIVERSITARIO EN INGENIERÍA MECÁNICA,UNIDAD DE MÁSTERES UNIVERSITARIOS,2023,8.33,10.0,1.67,9.165,28.57,71.43,7.5,Muy alta,100.0,0.0,Excelente
2023-24,4310979,"MÁSTER UNIVERSITARIO EN INTELIGENCIA ARTIFICIAL, RECONOCIMIENTO DE FORMAS E IMAGEN DIGITAL",UNIDAD DE MÁSTERES UNIVERSITARIOS,2023,7.63,9.17,1.54,8.4,3.33,96.67,7.35,Muy alta,100.0,0.0,Excelente
2023-24,4310980,MÁSTER UNIVERSITARIO EN SISTEMAS PROPULSIVOS PARA UNA MOVILIDAD SOSTENIBLE,UNIDAD DE MÁSTERES UNIVERSITARIOS,2023,9.56,10.0,0.4399999999999995,9.78,6.67,93.33,7.11,Muy alta,100.0,0.0,Excelente
2023-24,4310981,MÁSTER UNIVERSITARIO EN TECNOLOGÍA ENERGÉTICA PARA DESARROLLO SOSTENIBLE,E.T.S.I. INDUSTRIALES,2023,4.58,9.4,4.82,6.99,29.27,70.73,6.96,Muy alta,88.89,11.11,Muy buena
2023-24,4310982,"MÁSTER UNIVERSITARIO EN TECNOLOGÍAS, SISTEMAS Y REDES DE COMUNICACIONES",E.T.S.I. DE TELECOMUNICACIÓN,2023,8.85,9.13,0.2800000000000011,8.99,19.23,80.77,7.07,Muy alta,100.0,0.0,Excelente
2023-24,4311602,MÁSTER UNIVERSITARIO EN BIOTECNOLOGÍA BIOMÉDICA,UNIDAD DE MÁSTERES UNIVERSITARIOS,2023,1.67,7.88,6.21,4.775,4.0,96.0,4.03,Media,90.0,10.0,Excelente
2023-24,4311603,MÁSTER UNIVERSITARIO EN BIOTECNOLOGÍA MOLECULAR Y CELULAR DE PLANTAS,UNIDAD DE MÁSTERES UNIVERSITARIOS,2023,4.74,9.17,4.43,6.955,6.9,93.1,5.8,Muy alta,100.0,0.0,Excelente
2023-24,4311604,MÁSTER UNIVERSITARIO EN ECONOMÍA AGROALIMENTARIA Y DEL MEDIO AMBIENTE,UNIDAD DE MÁSTERES UNIVERSITARIOS,2023,8.17,9.38,1.2100000000000009,8.775,20.0,80.0,5.25,Alta,100.0,0.0,Excelente
2023-24,4311605,MÁSTER UNIVERSITARIO EN GESTIÓN DE LA SEGURIDAD Y CALIDAD ALIMENTARIA,E.T.S.I. AGRONÓMICA Y DEL MEDIO NATURAL,2023,6.76,8.89,2.130000000000001,7.825,7.5,92.5,5.59,Muy alta,100.0,0.0,Excelente
2023-24,4311606,"MÁSTER UNIVERSITARIO EN INGENIERÍA DE ANÁLISIS DE DATOS, MEJORA DE PROCESOS Y TOMA DE DECISIONES",UNIDAD DE MÁSTERES UNIVERSITARIOS,2023,5.88,8.54,2.6599999999999997,7.209999999999999,8.0,92.0,6.5,Muy alta,100.0,0.0,Excelente
2023-24,4311609,MÁSTER UNIVERSITARIO EN LENGUAS Y TECNOLOGÍA,UNIDAD DE MÁSTERES UNIVERSITARIOS,2023,8.5,9.75,1.25,9.125,18.18,81.82,,,,,
2023-24,4311610,MÁSTER UNIVERSITARIO EN MEJORA GENÉTICA ANIMAL Y BIOTECNOLOGÍA DE LA REPRODUCCIÓN,UNIDAD DE MÁSTERES UNIVERSITARIOS,2023,10.0,,,,12.5,87.5,6.15,Muy alta,85.71,14.290000000000006,Muy buena
2023-24,4311612,MÁSTER UNIVERSITARIO EN POSTPRODUCCIÓN DIGITAL,ESCUELA POLITECNICA SUPERIOR DE GANDIA,2023,6.67,8.93,2.26,7.8,11.43,88.57,5.96,Muy alta,77.78,22.22,Buena
2023-24,4311613,MÁSTER UNIVERSITARIO EN PREVENCIÓN DE RIESGOS LABORALES,UNIDAD DE MÁSTERES UNIVERSITARIOS,2023,6.46,8.19,1.7299999999999995,7.324999999999999,27.03,72.97,7.0,Muy alta,100.0,0.0,Excelente
2023-24,4311614,MÁSTER UNIVERSITARIO EN PRODUCCIÓN ARTÍSTICA,FACULTAD DE BELLAS ARTES,2023,5.77,9.32,3.5500000000000007,7.545,8.16,91.84,3.56,Media,76.19,23.81,Buena
2023-24,4311725,MÁSTER UNIVERSITARIO EN COOPERACIÓN AL DESARROLLO,UNIDAD DE MÁSTERES UNIVERSITARIOS,2023,10.0,9.64,-0.3599999999999994,9.82,16.0,84.0,4.9,Alta,85.71,14.290000000000006,Muy buena
2023-24,4311726,MÁSTER UNIVERSITARIO EN INGENIERÍA AMBIENTAL,"E.T.S.I. CAMINOS, CANALES Y PUERTOS",2023,7.2,8.27,1.0699999999999994,7.734999999999999,16.67,83.33,3.13,Baja,100.0,0.0,Excelente
2023-24,4312033,MÁSTER UNIVERSITARIO EN ACUICULTURA,UNIDAD DE MÁSTERES UNIVERSITARIOS,2023,6.67,8.75,2.08,7.71,20.0,80.0,0.63,Muy baja,50.0,50.0,Baja
2023-24,4312991,MÁSTER UNIVERSITARIO EN EVALUACIÓN Y SEGUIMIENTO AMBIENTAL DE ECOSISTEMAS MARINOS Y COSTEROS,ESCUELA POLITECNICA SUPERIOR DE GANDIA,2023,8.75,9.17,0.4199999999999999,8.96,0.0,100.0,2.88,Baja,100.0,0.0,Excelente
2023-24,4313930,MÁSTER UNIVERSITARIO EN INVESTIGACIÓN MATEMÁTICA,UNIDAD DE MÁSTERES UNIVERSITARIOS,2023,5.83,8.27,2.4399999999999995,7.05,37.5,62.5,6.06,Muy alta,100.0,0.0,Excelente
2023-24,4314065,"MÁSTER UNIVERSITARIO EN INGENIERÍA, PROCESADO Y CARACTERIZACIÓN DE MATERIALES",E. POLITÉCNICA SUPERIOR DE ALCOY,2023,9.33,8.61,-0.7200000000000006,8.969999999999999,7.69,92.31,5.06,Alta,100.0,0.0,Excelente
2023-24,4314067,MÁSTER UNIVERSITARIO EN INGENIERÍA MECATRÓNICA,E.T.S. DE INGENIERIA AEROESPACIAL Y DISEÑO INDUSTRIAL,2023,6.47,8.42,1.95,7.445,8.7,91.3,5.0,Alta,88.89,11.11,Muy buena
2023-24,4314071,MÁSTER UNIVERSITARIO EN INGENIERÍA DE ORGANIZACIÓN Y LOGÍSTICA,E. POLITÉCNICA SUPERIOR DE ALCOY,2023,8.52,9.11,0.5899999999999999,8.815,20.0,80.0,6.7,Muy alta,80.0,20.0,Muy buena
2023-24,4314473,MÁSTER UNIVERSITARIO EN INGENIERÍA DE MONTES,E.T.S.I. AGRONÓMICA Y DEL MEDIO NATURAL,2023,2.5,7.5,5.0,5.0,14.29,85.71000000000001,6.81,Muy alta,100.0,0.0,Excelente
2023-24,4314518,MÁSTER UNIVERSITARIO EN INGENIERÍA DE TELECOMUNICACIÓN,E.T.S.I. DE TELECOMUNICACIÓN,2023,6.97,7.93,0.96,7.449999999999999,5.88,94.12,7.72,Muy alta,96.15,3.8499999999999934,Excelente
2023-24,4314521,MÁSTER UNIVERSITARIO EN INGENIERÍA AERONÁUTICA,E.T.S. DE INGENIERIA AEROESPACIAL Y DISEÑO INDUSTRIAL,2023,4.84,8.63,3.790000000000001,6.735,2.94,97.06,6.2,Muy alta,100.0,0.0,Excelente
2023-24,4314523,MÁSTER UNIVERSITARIO EN INGENIERÍA QUÍMICA,E.T.S.I. INDUSTRIALES,2023,5.56,9.04,3.4799999999999995,7.299999999999999,8.93,91.07,6.44,Muy alta,100.0,0.0,Excelente
2023-24,4314524,MÁSTER UNIVERSITARIO EN INGENIERÍA INDUSTRIAL,E.T.S.I. INDUSTRIALES,2023,5.71,8.78,3.0699999999999994,7.244999999999999,6.38,93.62,6.76,Muy alta,97.09,2.9099999999999966,Excelente
2023-24,4314526,MÁSTER UNIVERSITARIO EN INGENIERÍA INFORMÁTICA,E.T.S. DE INGENIERÍA INFORMÁTICA,2023,7.81,8.52,0.71,8.165,10.34,89.66,7.05,Muy alta,71.43,28.569999999999997,Buena
2023-24,4314528,MÁSTER UNIVERSITARIO EN ENOLOGÍA,E.T.S.I. AGRONÓMICA Y DEL MEDIO NATURAL,2023,8.0,8.0,0.0,8.0,11.11,88.89,3.85,Media,85.71,14.290000000000006,Muy buena
2023-24,4314529,MÁSTER UNIVERSITARIO EN INGENIERÍA AGRONÓMICA,E.T.S.I. AGRONÓMICA Y DEL MEDIO NATURAL,2023,7.79,8.32,0.5300000000000002,8.055,1.49,98.51,7.64,Muy alta,100.0,0.0,Excelente
2023-24,4314646,MÁSTER UNIVERSITARIO EN INGENIERÍA GEOMÁTICA Y GEOINFORMACIÓN,"E.T.S.I. GEODESICA, CARTOGRAFICA Y TOP.",2023,8.52,9.61,1.09,9.065,29.41,70.59,8.63,Muy alta,100.0,0.0,Excelente
2023-24,4314647,"MÁSTER UNIVERSITARIO EN INGENIERÍA DE CAMINOS, CANALES Y PUERTOS","E.T.S.I. CAMINOS, CANALES Y PUERTOS",2023,4.06,8.91,4.8500000000000005,6.484999999999999,17.14,82.86,7.34,Muy alta,97.14,2.8599999999999994,Excelente
2023-24,4314825,MÁSTER UNIVERSITARIO EN DIRECCIÓN DE EMPRESAS (MBA),E. POLITÉCNICA SUPERIOR DE ALCOY,2023,7.19,9.81,2.62,8.5,27.59,72.41,8.25,Muy alta,100.0,0.0,Excelente
2023-24,4315002,MÁSTER UNIVERSITARIO EN INGENIERÍA TEXTIL,E. POLITÉCNICA SUPERIOR DE ALCOY,2023,8.57,8.44,-0.1300000000000007,8.504999999999999,15.79,84.21000000000001,3.72,Media,75.0,25.0,Buena
2023-24,4315070,MÁSTER UNIVERSITARIO EN ARQUITECTURA,E.T.S. DE ARQUITECTURA,2023,7.4,7.7,0.2999999999999998,7.550000000000001,4.84,95.16,5.99,Muy alta,95.89,4.109999999999999,Excelente
2023-24,4315921,MÁSTER UNIVERSITARIO EN INGENIERÍA BIOMÉDICA,E.T.S.I. INDUSTRIALES,2023,6.25,8.61,2.3599999999999994,7.43,17.14,82.86,5.09,Alta,100.0,0.0,Excelente
2023-24,4315941,MÁSTER UNIVERSITARIO ERASMUS MUNDUS EN SANIDAD VEGETAL EN AGRICULTURA SOSTENIBLE/ EUROPEAN MASTER DEGREE IN PLANT HEALTH IN SUSTAINABLE CROPPING SYSTEMS,UNIDAD DE MÁSTERES UNIVERSITARIOS,2023,9.0,9.53,0.5299999999999994,9.265,77.27,22.730000000000004,3.53,Media,100.0,0.0,Excelente
2023-24,4316135,MÁSTER UNIVERSITARIO EN GESTIÓN ADMINISTRATIVA,FACULTAD DE ADMINISTRACIÓN Y DIRECCIÓN DE EMPRESAS,2023,7.5,6.79,-0.71,7.145,32.26,67.74000000000001,4.38,Media,100.0,0.0,Excelente
2023-24,4316557,"MÁSTER UNIVERSITARIO EN ESTUDIOS DE LA CIENCIA, LA TECNOLOGÍA Y LA INNOVACIÓN",UNIDAD DE MÁSTERES UNIVERSITARIOS,2023,6.25,10.0,3.75,8.125,55.56,44.44,,,,,
2023-24,4316840,MÁSTER UNIVERSITARIO EN MEJORA GENÉTICA VEGETAL,UNIDAD DE MÁSTERES UNIVERSITARIOS,2023,6.5,8.57,2.0700000000000003,7.535,12.5,87.5,,,,,
2023-24,4317401,MÁSTER UNIVERSITARIO EN SOCIAL MEDIA Y COMUNICACIÓN CORPORATIVA,FACULTAD DE ADMINISTRACIÓN Y DIRECCIÓN DE EMPRESAS,2023,5.0,8.89,3.890000000000001,6.945,6.9,93.1,,,,,
2023-24,4317434,MÁSTER UNIVERSITARIO EN SISTEMAS INTELIGENTES DE TRANSPORTE,"E.T.S.I. CAMINOS, CANALES Y PUERTOS",2023,10.0,,,,14.29,85.71000000000001,,,,,
2023-24,4317446,MÁSTER UNIVERSITARIO EN COMUNICACIÓN TRANSMEDIA,ESCUELA POLITECNICA SUPERIOR DE GANDIA,2023,4.25,8.64,4.390000000000001,6.445,16.0,84.0,,,,,
2023-24,4317448,MÁSTER UNIVERSITARIO EN CIBERSEGURIDAD Y CIBERINTELIGENCIA,E.T.S. DE INGENIERÍA INFORMÁTICA,2023,7.22,10.0,2.78,8.61,14.71,85.28999999999999,,,,,
2023-24,4317455,"MÁSTER UNIVERSITARIO ERASMUS MUNDUS EN ONDAS, ACÚSTICA, VIBRACIONES, INGENIERÍA Y SONIDO / ERASMUS MUNDUS MASTER IN WAVES, ACOUSTICS, VIBRATIONS, ENGINEERING AND SOUND (WAVES)",ESCUELA POLITECNICA SUPERIOR DE GANDIA,2023,7.19,9.38,2.1900000000000004,8.285,0.0,100.0,,,,,
2023-24,4317480,MÁSTER UNIVERSITARIO EN QUÍMICA SOSTENIBLE,UNIDAD DE MÁSTERES UNIVERSITARIOS,2023,6.88,9.55,2.670000000000001,8.215,4.35,95.65,,,,,
2023-24,4317640,MÁSTER UNIVERSITARIO EN INGENIERÍA BIOAMBIENTAL Y DEL PAISAJE,E.T.S.I. AGRONÓMICA Y DEL MEDIO NATURAL,2023,5.83,8.75,2.92,7.29,11.11,88.89,,,,,
2023-24,4317898,MÁSTER UNIVERSITARIO ERASMUS MUNDUS EN MEJORA GENÉTICA VEGETAL / ERASMUS MUNDUS MASTER IN PLANT BREEDING - EMPLANT +,UNIDAD DE MÁSTERES UNIVERSITARIOS,2023,,9.69,,,0.0,100.0,,,,,
2023-24,4317936,MÁSTER UNIVERSITARIO EN GANADERÍA DE PRECISIÓN,E.T.S.I. AGRONÓMICA Y DEL MEDIO NATURAL,2023,10.0,9.69,-0.3100000000000005,9.845,16.67,83.33,,,,,
2023-24,4317948,MÁSTER UNIVERSITARIO EN MECÁNICA DE FLUIDOS COMPUTACIONAL,E.T.S. DE INGENIERIA AEROESPACIAL Y DISEÑO INDUSTRIAL,2023,5.5,8.44,2.9399999999999995,6.97,9.52,90.48,,,,,
2023-24,4317961,MÁSTER UNIVERSITARIO ERASMUS MUNDUS EN CIENCIA EN INGENIERÍA TEXTIL / ERASMUS MUNDUS MASTER OF SCIENCE IN TEXTILE ENGINEERING,E. POLITÉCNICA SUPERIOR DE ALCOY,2023,,10.0,,,100.0,0.0,,,,,
2023-24,4318105,MÁSTER UNIVERSITARIO EN SEGURIDAD NUCLEAR Y PROTECCIÓN RADIOLÓGICA,E.T.S.I. INDUSTRIALES,2023,8.75,9.17,0.4199999999999999,8.96,25.0,75.0,,,,,
2023-24,4318256,MÁSTER UNIVERSITARIO EN SEGURIDAD INDUSTRIAL,E.T.S.I. INDUSTRIALES,2023,7.81,9.0,1.1900000000000004,8.405,,,,,,,
2023-24,4318298,MÁSTER UNIVERSITARIO EN INGENIERÍA EN MOVILIDAD ELÉCTRICA,E.T.S. DE INGENIERIA AEROESPACIAL Y DISEÑO INDUSTRIAL,2023,3.54,8.75,5.21,6.145,,,,,,,
2023-24,4318372,MÁSTER UNIVERSITARIO EN HUMANIDADES DIGITALES,E.T.S. DE INGENIERÍA INFORMÁTICA,2023,,9.0,,,,,,,,,
2023-24,4318375,MÁSTER UNIVERSITARIO EN INGENIERÍA ESTRUCTURAL Y GEOTÉCNICA,"E.T.S.I. CAMINOS, CANALES Y PUERTOS",2023,5.0,9.04,4.039999999999999,7.02,,,,,,,
2023-24,4318551,MÁSTER UNIVERSITARIO EN INTELIGENCIA TURÍSTICA,ESCUELA POLITECNICA SUPERIOR DE GANDIA,2023,9.0,8.64,-0.3599999999999994,8.82,,,,,,,
